failed_attempts,location_risk,time_risk,breach_risk,device_risk,risk_score,security_level
0.0,0.5595677043088995,0.4851330059677106,0.18392803126717444,0.571025956903968,0.30712299154596656,medium
0.7902714921302638,0.07116640460712678,0.5037165371348158,0.23917205412054984,0.2265275958788397,0.40868575933666274,medium
0.2720128470361538,0.05798850395697537,0.1324858364441205,0.18427812280161773,0.27328624625769193,0.19092299186783662,low
0.1007649085462912,0.19168134800434222,0.8489769529269227,0.22154157244354256,0.307961664913746,0.28641484932956457,low
0.6226237648703861,0.9076848670722883,0.513405586709485,0.22177748196253744,0.6903589741212263,0.5932442833926876,medium
0.0,0.49924531426320756,0.8115311952541304,0.45426997089658677,0.18465320706574184,0.34013071737993966,medium
0.0,0.5249036236687812,0.21427222767790283,0.1707898840460163,0.6220339113323874,0.26458462239450303,low
0.2554380541486977,0.13574659644123946,0.5267997905598828,0.5262628802950742,0.7873409001578244,0.40615441519952805,medium
0.1319592885678382,0.038270560846082796,0.2348953159088085,0.18498829117830975,0.5757040950490491,0.2058294686189086,low
0.9743852962847834,0.5369702501954319,0.46848597638057715,0.5303839409028506,0.5847788225408193,0.6637761469433009,medium
0.6383976360673751,0.16289758358274864,0.5250226574135971,0.23260428296785823,0.26036698970550193,0.38842811119819876,medium
0.04428761906254483,0.02640865901149471,0.40449773613081774,0.22201071061158148,0.6903601341699966,0.22719884018850084,low
0.4823086729273553,0.09083964808385903,0.20463667084293533,0.22815416678061437,0.610484350030551,0.3307595179821242,medium
0.2322823802148551,0.09634455386765252,0.4764027076118772,0.5771494929253677,0.5718243623981936,0.3616175839245711,medium
0.0,0.08344604183491655,0.19811751851355205,0.810115963401576,0.36863161669207306,0.26372477132814226,low
0.027486344262819224,0.5176600842655456,0.13343150173949553,0.198579935836638,0.2575271889821298,0.21013771090752628,low
0.20801762477885294,0.06618996625732601,0.23534441084914573,0.11659496315759275,0.3562460626986656,0.18770084434881132,low
0.9904714011367618,0.5011381750699945,0.25506128300739944,0.5339169557613129,0.25542914162529645,0.5807260102021944,medium
0.23438267119768494,0.16246073338426267,0.29025516949531077,0.1778419660082777,0.7084756726653048,0.2881849675619059,low
0.12832996045857198,0.06450055834780288,0.8100676653421305,0.4628421319749645,0.30356876552275763,0.3110129908318583,medium
0.0,0.06821279997179416,0.7456450908718474,0.8068369695435301,0.32335994951427505,0.3353607099609832,medium
0.19526769921638668,0.10665225048829088,0.228128717803283,0.3441255450162861,0.6977954206076886,0.2876244896274771,low
0.0,0.46798046574294505,0.5621810181843223,0.17136752563913732,0.2559488759083013,0.25058908239031,low
0.0,0.4783928375366444,0.25541450237349983,0.5009327100604664,0.29302746621872394,0.2781314048082557,low
0.448828563803021,0.10796165112997874,0.45998031399485023,0.10916717974647004,0.5243983375681895,0.325731133050652,medium
0.4704502498193781,0.11976401323631955,0.5055844321755996,0.2087186564363779,0.33778775718823767,0.33333743728492854,medium
0.3970665112010707,0.515210375526879,0.4844864745839119,0.261031852152495,0.29022192480773157,0.3905746588049426,medium
0.0,0.16117545646425252,0.5739084927097086,0.3142249223664426,0.27999852111147816,0.22316612783931705,low
0.0,0.9678018494598783,0.5354399098320446,0.21623468075053626,0.21350328479875197,0.34914878523670245,medium
0.7927089839333361,0.08142956409766071,0.49979265299442155,0.09236834001249061,0.657279858852315,0.44613315277904153,medium
0.13839991070038954,0.1331340013052553,0.2088741829232995,0.10320454345145173,0.3658960201838745,0.17500321262753438,low
0.6035320206508846,0.9090761661655443,0.5416329919072975,0.22556908548341018,0.3436042351005508,0.5407742405762336,medium
0.027911659042375178,0.12486424215169982,0.17064715473108027,0.27597796135839636,0.6015317477926292,0.20436877379328822,low
0.7557383087593912,0.06616396718981857,0.4629004993080264,0.7420998779999565,0.2825108607619016,0.5001859656762615,medium
0.18896941459578478,0.5011109207988194,0.48409271203402937,0.2353471763213671,0.34472328286750326,0.3283048430380026,medium
0.5957944041483582,0.15186494266429354,0.47833804519261314,0.1746149062937863,0.2170519518950535,0.3483427905992734,medium
0.18252437020260961,0.115179309848547,0.5123225766673422,0.5121873770356901,0.5645966798360061,0.3417685369131326,medium
0.8047049761698895,0.4598783210896523,0.5501792610183391,0.30280843381226985,0.3108018555842559,0.5230960113217406,medium
0.0,0.16481931902685987,0.23897123977367363,0.1930197691773351,0.6510346926856678,0.2050687075097402,low
0.4844257976887752,0.5480288746521749,0.7780131480503771,0.11944942989877877,0.3349506304213623,0.44576796698758425,medium
0.060698687868705914,0.06123088946067036,0.20336413803842335,0.5495936374207501,0.23787112598915816,0.20655980134103308,low
0.19314922446801666,0.07725056194140945,0.22494049961804657,0.438666911690989,0.5942584931688447,0.28400811098491835,medium
0.7588928274127713,0.5147998868324472,0.18909404966305576,0.18371253887243172,0.5515399445295488,0.47846543249369783,medium
0.0,0.9004132275143997,0.7569500189545239,0.4971929145440656,0.5926546642635526,0.48196193089440453,medium
0.06899468276726163,0.11321819433440933,0.8233427555263185,0.220476769854445,0.566672920637421,0.2959397490925103,low
0.0,0.07001646339351562,0.5537467477012726,0.15336040403591328,0.4458060607126211,0.1946082947479698,low
0.0,0.12979300958353873,0.17835099773029456,0.8434475941352954,0.3229634673642142,0.26984529050794315,low
0.3608382259346138,0.5359549264295383,0.16322117143409914,0.23939408061212664,0.2842497727975822,0.3304419108234693,medium
0.3618359551250573,0.5145203693713275,0.5254278543947533,0.4506711098317995,0.5878440647853272,0.4685798702551547,medium
0.0,0.03668615410440486,0.14527259606504028,0.40313781671279736,0.5495298773344512,0.19218516517336418,low
0.4993953488570252,0.0785293856322276,0.2638956630311742,0.16285361899410242,0.36445873730771844,0.29234836563320743,medium
1.0,0.06535853322538704,0.22363046124545166,0.2659264706818417,0.3284150958153358,0.44906383434056385,medium
0.2068839170133153,0.4946162718218222,0.4780017580169418,0.24972124962479197,0.5610617326789951,0.36679220299770793,medium
0.02333688921663964,0.10673736010798217,0.26451663678858356,0.5295407510237009,0.5923735299744353,0.26279021400578134,low
0.6206530489567188,0.09361010896419605,0.43222863419772745,0.5349374926717642,0.2571304280097662,0.4153092943453317,medium
0.030663193646479237,0.13142235276583694,0.5011249981981515,0.21531858752442368,0.32421406864493924,0.20234800617845952,low
1.0,0.8357363914230017,0.4357560717336864,0.2757884949259199,0.5964046221425894,0.6771290813512256,medium
0.05914055164890806,0.4476065248016994,0.1714768585352246,0.5270581780566286,0.7039412826547533,0.3439878272448347,medium
0.22393066630265593,0.0,0.1788950347637069,0.21570243076285817,0.31277265987490466,0.18406984023916015,low
0.0,0.09713581784946765,0.46771859625093054,0.4673695620703789,0.3575257402284959,0.23668772645588326,low
0.5571604093710618,0.08870573077349782,0.53421501827623,0.2286464521763001,0.6498332593811939,0.40822580104989176,medium
0.19915527951511372,0.8919389955642707,0.3985926596625018,0.13894576442044226,0.3808786523185943,0.38284423264864115,medium
0.0,0.48305790120335723,0.5513633209280612,0.18313787787361197,0.30028482748070795,0.2609863780767092,low
0.0,0.10762222812730154,0.5630498502016069,0.4121661982820772,0.27364348162547875,0.2294616850559386,low
0.36364353895600215,0.13157252118009172,0.4889204689004508,0.2393079420498242,0.30484458005929665,0.30233391167674595,medium
0.9529917043480052,0.16286932558699957,0.48745099039359613,0.23310845064039554,0.26901129224916076,0.4785624089462941,medium
0.4370384863539069,0.16719919032397373,0.15753783685188946,0.20102662423967427,0.6107191916040842,0.3199952630872977,medium
0.1744477684844076,0.11887760445554846,0.8570387261777193,0.18444748370607042,0.17137779843041723,0.2672618268688665,low
0.020525109795988445,0.46774740825015354,0.5035125864372313,0.11446827177639211,0.2636330113127639,0.23767250860660497,low
0.07890850015295532,0.07227097458546623,0.5436765021333012,0.9238152513630923,0.36221331542584134,0.3587732678694697,medium
0.5383489117619831,0.8831668582513106,0.49153346292796485,0.49705930477185306,0.31686714187678167,0.5588099968539396,medium
0.005805457930072117,0.05267633020892515,0.5267653294844206,0.20850244433725534,0.3970216632516785,0.19254544119867256,low
0.0,0.08886239788253651,0.18512796693812456,0.18502269955130382,0.278484143350397,0.12431883603004631,low
0.2381051928586491,0.5101432757773927,0.5287751917179552,0.5490062730134175,0.2514549639473828,0.4002959909655575,medium
0.7776249636491536,0.531966036012552,0.4814941594541395,0.5572144095471506,0.6994642903300805,0.6282673456743195,medium
0.0,0.13861466053970342,0.17946984725861598,0.1394605232194874,0.2940853326438594,0.12664831373720947,low
0.38378908677176055,0.014800881192381793,0.512146271265245,0.24877881717434042,0.30717576925691237,0.29075097178319625,medium
0.2729872695499494,0.13579432603250524,0.8561743357698249,0.18067975425851274,0.3385472810469482,0.32439923944570437,low
0.3512899181780079,0.13905817730469786,0.7068350757234131,0.1861820152514588,0.24801316236393794,0.31366224967773637,medium
0.6135797505811676,0.0,0.221143402965689,0.2403536914957958,0.29708415143528655,0.30987879663365575,medium
0.0,0.8784102222808703,0.12449576944630963,0.29323373943394676,0.30967368878876683,0.2994542110782249,low
0.19145062485435377,0.48799907368792517,0.14596477861021678,0.7899074869269366,0.3490327629663547,0.3872661308157642,medium
0.0,0.8468572598077554,0.13169899764674287,0.5103918696629307,0.6832186463097504,0.39368747248761127,medium
0.0,0.13223847630032812,0.506737202684645,0.1422895164655581,0.5747898414988158,0.21713465518069636,low
0.4320051189886619,0.07714484026321503,0.2757442240283013,0.24717589301922377,0.2803112776087069,0.27787400759863756,low
0.9954786664126883,0.006470995105248498,0.4420757863789227,0.7875526083112764,0.3068645845782188,0.5697893762506827,medium
0.19459645275785908,0.0205369903679041,0.5232990200355172,0.2636388122873973,0.3069876864852669,0.23975710233653563,low
0.0,0.024644239625562087,0.4998633251616709,0.7966497884297377,0.4357313580597202,0.3045980080942686,medium
0.029526474018135837,0.13811258716366506,0.15980023862927298,0.525154243053014,0.545190053829547,0.24725985211759954,low
0.0,0.43521156981129405,0.41722869150876124,0.20369582943208914,0.1830253906120219,0.21781959216679408,low
0.20840866292745552,0.14768479273365326,0.4359309844762223,0.8135457854599565,0.3982977909766671,0.379903030834892,medium
0.5011441090967721,0.08237969877761997,0.4850576505664031,0.1318334842008529,0.3218858807906608,0.3142273990282858,medium
0.340529309116977,0.9087430038114335,0.7701852064132455,0.13796750375397354,0.18221240516390752,0.4543605359847474,medium
0.023083076879348366,0.6410102521131259,0.259190789807537,0.18906487083274556,0.5696342662705148,0.2972637060646866,low
0.0,0.1288678836023458,0.2188786210970169,0.24298118077754702,0.5797455766200599,0.19416344253354006,low
0.0,0.9470256165575093,0.2697396715332472,0.21172389435693842,0.21962223164983935,0.3051541876603525,low
0.03267929165790381,0.5247939865257414,0.22453052143845817,0.14282111156634825,0.29924784843656677,0.22189356259704285,low
0.18067206719826578,0.07129029568431142,0.22461369126179884,0.24808298828671177,0.2916855378309116,0.19552116131759095,low
0.5388911751013449,0.4903549976198189,0.24693616688408263,0.15137798088279655,0.31964079499620135,0.37500049251296913,medium
0.38589400463990886,0.47028156609192284,0.1577856896536649,0.2845431014739856,0.632427656591921,0.3852651368419922,medium
0.32238134758800047,0.8816617411930161,0.1861382145710921,0.5383331132658106,0.3042302259223658,0.4542686412421842,medium
0.5661768144731498,0.4710331245352452,0.2174556798658412,0.10690799554651569,0.7184460376574339,0.4258265259867884,medium
0.0,0.6050835074202326,0.1770520910967814,0.814276501413344,0.3715131649520703,0.3661567901740431,medium
0.31746163386955284,0.509707013943721,0.211681083430179,0.19240609598393998,0.39536615237287676,0.3267181975168564,medium
1.0,0.5608719552216304,0.8581249745142671,0.22941004355505146,0.6398302382869141,0.6827496816755136,medium
0.04241251609787537,0.49578436436936446,0.19473021886142403,0.23997014040872072,0.553029982412313,0.2720386859760402,low
0.7608087711429503,0.5686603073541392,0.5453099793417954,0.9026580559493342,0.6955462315023995,0.7086347356302091,medium
0.0,0.17237168743263193,0.20692815775894033,0.27978018682094935,0.20323665222832032,0.15195509634880536,low
0.15531963431540996,0.48111874094293827,0.8048560571857458,0.25127293436439774,0.27852682295155795,0.35558165737668573,medium
0.0,0.5629081694707595,0.7927502043852408,0.2498737826273983,0.32339308020494334,0.3299778831081592,medium
0.0,0.1902627421444293,0.5150817713542567,0.5307632635295401,0.2080283898455756,0.2526717253147687,low
0.004252069092037067,0.14948758556923747,0.5242321537417413,0.7597167979841416,0.619265793966976,0.35464118959459456,medium
0.6061461205706945,0.130106308256582,0.1368460393938967,0.4502332455675313,0.2563076204768756,0.35688479591664685,medium
0.07954605968890915,0.4857570877644638,0.8813010168069764,0.1770859974472429,0.266325330466993,0.3285763870401095,medium
0.211277635067057,0.0646954369950179,0.48209905205889825,0.21482144061651526,0.27197628168692,0.23239796610429644,low
0.4043460362838578,0.5071994724007655,0.4903287324724716,0.46997852863966594,0.64588920438876,0.48717210162242836,medium
0.23788700060895632,0.15712385110238808,0.21623547210590605,0.2662457847480771,0.6878167420422392,0.2916478594750017,low
0.0,0.12546583484952842,0.14541009620767953,0.8064370367794923,0.67131280597513,0.3088890096532256,medium
0.8071400842583552,0.11785999634370445,0.1942955653168702,0.20816379213865302,0.6037790788427385,0.42705797959791936,medium
0.8761909231079373,0.805540207491221,0.42981147047173834,0.4885401921530235,0.33940509175552636,0.6370558411953198,medium
0.23881437683958873,0.1340050390450366,0.7775484383895883,0.2785148253292499,0.5823620824589627,0.35813486405401657,medium
0.0,0.08516812623567102,0.47559271832558386,0.1377572939492482,0.2532101796989716,0.15390551874066716,low
0.030640917465717635,0.10455768533147422,0.1690978078553498,0.15749352451916823,0.2330377411920262,0.12192284956695018,low
0.39345943642941017,0.49446475965177455,0.20532477611958483,0.7183819987220577,0.3188391709879881,0.43923177466972546,medium
0.0,0.09587829382613133,0.2602495160188454,0.22887477738126902,0.6422987328926918,0.20033285157821065,low
0.0,0.03635142151292875,0.24064971252200626,0.13641197467517485,0.27602827986111167,0.11205437809508842,low
0.16894054065774147,0.4788204294864095,0.5640496249463589,0.2530062919818489,0.6467021370063942,0.3786602707838871,medium
0.4353009776380778,0.515663018317425,0.759716002111644,0.4763234230637,0.2610175640949549,0.4820976164986382,medium
0.7679137765230613,0.016417392389968047,0.5468703952632347,0.5347822160240918,0.23133338018583782,0.4573446209570913,medium
0.0,0.5284324317055384,0.5120470679021517,0.09580355785577695,0.6479690284770149,0.2988496123691381,medium
0.40918192196418757,0.1476668368292063,0.20647520948533943,0.5266890940071354,0.4898986645831197,0.3620818438667935,medium
0.10463579780255641,0.057843666230565964,0.4193730280742499,0.18197762191311503,0.2707098441383618,0.18286742780139487,low
0.4022742024671465,0.06527924557048712,0.19948637858523466,0.2189193600433073,0.563741843679797,0.29200621520265757,medium
0.6994660014506124,0.06745846197400636,0.2073339554761096,0.20513208023949658,0.352627925124727,0.3483521909680098,medium
0.3816630748207618,0.5739855021500949,0.7679439942745446,0.19366447994563127,0.19722074512104204,0.4128036297747118,medium
0.5369964878085417,0.18622700614067358,0.5092562204579874,0.23397575056011707,0.2703139920023803,0.3620750295517758,medium
0.8337308934518115,0.12596768347643755,0.2535059468633148,0.21155060768286446,0.3418559698428561,0.4069272137733295,medium
0.8225209732218749,0.0,0.16923001563810736,0.24885390181215417,0.27179855158846433,0.362681357412979,medium
0.0,0.43528797937249075,0.28018690972736393,0.21653497553238876,0.25112159254348493,0.21006086632160323,low
0.0,0.5002069011076588,0.5767687075897622,0.1927672682541938,0.30886618980706143,0.27144006848189406,low
0.2168253999292928,0.0674842269352304,0.8473336043254533,0.1310491375492983,0.29277768371795065,0.2757709860822042,low
0.5804970771058658,0.13969974194574683,0.21543829828695188,0.05703449626190604,0.6913543104701283,0.34951486208685234,medium
1.0,0.08531270476750184,0.2059391483507453,0.8551799085412094,0.7084723366994596,0.6252602454192729,medium
0.18234597902239644,0.12652321583362028,0.7724871054172675,0.2040145641045812,0.29028288680579245,0.2802268485278182,low
0.10042249494314431,0.0574514686505669,0.5579777092028092,0.20850125673189646,0.6954576728218703,0.27133260086313793,low
0.6838665358169655,0.5139950152435202,0.4683300299944466,0.45121734144698056,0.3444362905071592,0.5201173801584307,medium
0.0,0.1442356428505023,0.45375095756543016,0.6846591952725469,0.28411219918091346,0.2764584411365614,medium
1.0,0.4962864575188865,0.8369016788431725,0.12509502290708946,0.26375002039463463,0.5893740509708663,medium
0.6122084048671168,0.06178212720824458,0.4981235421492757,0.25715547910658376,0.32614059559774694,0.37108966338515414,medium
0.0,0.054230775026047694,0.17341442191238882,0.2448710802795543,0.5654179373929089,0.17064522495691503,low
0.03821301774753117,0.5408927286542344,0.19978430044145837,0.168182170623423,0.31130925178706964,0.22994291801407007,low
0.17423331611799014,0.10062390757724354,0.4743638575534122,0.2636629048892152,0.2798910354476108,0.23826559127884223,low
0.0,0.08674466301807175,0.5404208347798924,0.17187750739477484,0.7064881443022908,0.2387607809448968,low
1.0,0.12733291685935672,0.22426556758687496,0.20637766189027723,0.3542802538120501,0.45352398895976553,medium
0.5982518389039463,0.10380300141338639,0.5240584549095575,0.11035119992085377,0.36122737709542696,0.35509926673877956,medium
0.04550770125952838,0.054281721102088516,0.2317946648149905,0.5955405051905578,0.2666408031463581,0.21838207583059005,low
0.6318280401367397,0.488891778791491,0.43696857431248814,0.1558513698605878,0.5841095806406961,0.4716587650144153,medium
0.1672984924889685,0.12118203609871454,0.48017204354429477,0.09352705887147097,0.6107835860579611,0.25677471118106604,low
0.0,0.09609077823353812,0.5230276978804128,0.20144996897074646,0.316461983534794,0.18543160165313793,low
0.0,0.03066089611246657,0.4686517818481014,0.1020749252205775,0.3296454173496815,0.14629174414627624,low
0.8550233332137699,0.09213770748690313,0.16035788906451387,0.7951059681163615,0.6684595164501554,0.5582783459119843,medium
0.4447555280452454,0.5801899809433206,0.15204876452499505,0.11306117558935173,0.6062859742980234,0.38582710054356084,medium
0.18772855082846848,0.11705949336949183,0.454326316256928,0.12657926428310295,0.36433355930108596,0.22784529811276158,low
0.8304595051511936,0.12997900898586345,0.7981419560272663,0.846302625685771,0.3208674518305439,0.6122455896583564,medium
0.8126321680010637,0.4740001306053407,0.4235691299871841,0.5346709103724251,0.5861680308238713,0.5969844327175305,medium
1.0,0.0392763262699897,0.536210668695336,0.18204902313257232,0.24106392336540244,0.46085625868962315,medium
0.6132963085659219,0.09663623058177505,0.17037751370328674,0.18551689311013494,0.2550942591710466,0.3042402832393086,medium
0.0,0.10561230917832429,0.17398939137356953,0.7245952418470076,0.6434325549892539,0.2886548021594899,medium
0.5246364649203806,0.10160583803599296,0.4462589792343905,0.2504636406758788,0.2915735582035406,0.3384797158341782,medium
0.3829622017205905,0.5259790245039428,0.15465925824498947,0.5301656463339902,0.2714769176640743,0.39003802107012325,medium
0.1862007973499069,0.09232173868332587,0.3778898492080251,0.27335092329127847,0.7353602444677364,0.29598228565125717,medium
0.08053857354063157,0.9993334988894483,0.8897476760196044,0.21936974720483768,0.730588290660991,0.510952616283136,medium
0.5453979335242034,0.23032871696811721,0.7439972075866047,0.4647674235964861,0.5915409899254396,0.5029693377969883,medium
0.14066804502429103,0.45227047759924954,0.23915979865956377,0.20894100280743536,0.5922437367529902,0.2991532399005074,medium
0.18213576059865488,0.08487289792936213,0.21776782659264246,0.5499998781800671,0.5575286237027969,0.2979097509457982,medium
0.6092111821398346,0.07882604687119797,0.7272484782915796,0.18740208331498567,0.2580191416989605,0.3837991236777681,medium
0.12765089032878246,0.07241662805659228,0.8326924495523785,0.13905978679242154,0.28405479360402314,0.24810263654189774,low
0.43108582254310757,0.45335921958793307,0.5346399263557358,0.20063452566875092,0.6963764182436508,0.44477694750417707,medium
0.0537461089674901,0.11171659328646019,0.7559340097727983,0.8126508202998147,0.4155032268638252,0.37671290090299553,medium
0.0,0.5320442951795441,0.22734846732778458,0.5495520388803019,0.2274568256156163,0.2845400607534793,low
0.09361549500760556,0.8556368542643501,0.4855523450425987,0.16360200006162678,0.25149562347654403,0.34248961464534844,medium
0.1739277214775281,0.06534038487510702,0.32129677015322544,0.22835984667244935,0.6744968171238038,0.2602874008443241,low
0.5748165044442733,0.11430933117446837,0.4832811191389563,0.20848551387244948,0.2882711163953436,0.3527367556728106,medium
0.8182615140787063,0.8901024123657951,0.45571973156941514,0.12682618054801104,0.6005296360000267,0.6073015779417894,medium
0.3804785380401173,0.5355646699933098,0.5319635284445908,0.4203286181708748,0.6190014791283001,0.47796697018080575,medium
0.8164170053955593,0.6072420985982535,0.8418402097512601,0.10989342875850697,0.2202821816822621,0.5476705658050482,medium
0.41117836705855587,0.4728448354778251,0.22406389502880458,0.5285211628043965,0.6144466276042776,0.44940328816897346,medium
0.0,0.6401462746554646,0.21321464659957423,0.20663518899325872,0.5812466633522448,0.28852548922251753,low
0.11907190454359368,0.5045665034825398,0.8498081115853545,0.13395419054691018,0.32808754763485976,0.3401100590520003,medium
0.024567236308745858,0.4567798703749453,0.2311205195074527,0.5062135390884738,0.6491215982068502,0.33200517044245303,medium
0.17668643427608283,0.47820187918548396,0.22338502165811028,0.15342304062974307,0.7627191330171229,0.32724653744715526,medium
0.6936141189283124,0.11502496895149203,0.20621823179028806,0.2073765041052106,0.3073047476488988,0.34959297720571225,medium
0.5707664263283363,0.09697369387009962,0.18526947708245456,0.8816146957809761,0.33586620209012286,0.44511795770460266,medium
0.34971890422840723,0.49702553013426287,0.1798788581059368,0.22856894752942397,0.2722142308011464,0.317848530137322,medium
0.04738745165934566,0.07466748024421103,0.13878282450549073,0.18607595420996492,0.23709352017994606,0.1227463740914544,low
0.14224862222603174,0.5323097813002864,0.7641551802669518,0.530919627392938,0.698368710011471,0.47469905194821777,medium
0.8474091621433447,0.14752810326890745,0.4682519834027659,0.1662831917900829,0.29666364519580457,0.431722351944587,medium
0.0306185097979097,0.15375370287856607,0.15078972176690134,0.23649510451822486,0.2468611993673698,0.14688295258887177,low
0.9599414320769566,0.5218585251427194,0.10462190622853611,0.19795982249557556,0.3361991040476024,0.49806925069216673,medium
0.4212513710334145,0.46957631636183733,0.8822079256591832,0.41818383910261003,0.38196164602521876,0.49355287815557414,medium
0.0,0.13865203345848223,0.26956877836036436,0.23227197111804357,0.3718068603395438,0.17039114672029138,low
0.040249867942972806,0.1681140238222411,0.05631864080214552,0.24597079355587942,0.4047836297328534,0.16405726443876578,low
0.32576995165319367,0.06172244485199033,0.5452691211213851,0.3334132090003062,0.2469534049029496,0.2955914951700676,medium
0.40400313089550915,0.024732536607873903,0.19247846779210623,0.24894955620573167,0.2699801204677096,0.24530614607034623,low
0.0,0.5913227079275603,0.8073260112655124,0.23372200310587898,0.6236297718279455,0.37965230967070657,medium
0.27942746790170736,0.14209506156503635,0.8141792824185752,0.12843150404018655,0.24260367493839616,0.2964509970951025,low
0.0,0.10168877579594965,0.1751414069652764,0.40783155682087724,0.3359595655949444,0.17856921240739848,low
0.23110831012579525,0.09158751296504426,0.26172900661422027,0.28926353056599524,0.26879249021887186,0.22508092626891027,low
0.029213350619753237,0.5291845011215014,0.0863971482201513,0.19675730535351055,0.24723210316303823,0.2039967541884068,low
0.11761335639713773,0.0,0.8656710793048442,0.4935236516387803,0.3429594402415164,0.31528331517885144,medium
0.008616597411764645,0.47705941472750657,0.16987731411220158,0.5653725448806457,0.32571030979447,0.28540951473116055,low
0.35076029665657693,0.05011954242857156,0.4787423993492588,0.22728985497031773,0.3234819032972818,0.281043613873732,medium
0.02115981076889869,0.4672223389967406,0.5149605422958128,0.2505302176043602,0.27373519588887535,0.26820281527859297,low
0.03386447715561429,0.5456178126437147,0.5615469382526399,0.1790101543040713,0.5751140973812596,0.3255840918813264,medium
0.0,0.5107627671612811,0.490176794252927,0.22182462678715392,0.2400131963731708,0.2560459773836017,low
0.5937773204656498,0.07725351892479237,0.22316924656902726,0.8468423358378971,0.25162921482400796,0.4341721363011881,medium
0.0,0.11896368750629685,0.23726721361540523,0.20053650189011582,0.6365234284929695,0.19496863419553873,low
0.0004492711157055584,0.07026694332813944,0.15798411267469828,0.17212239394336834,0.624950783808945,0.1660528832615597,low
0.359661490401655,0.8947548826790909,0.22550804023703905,0.1484031977804135,0.7300085770296117,0.45985755580239496,medium
0.22531182157297389,0.22277313107266325,0.4832970878281021,0.20789021155313853,0.2553772486762694,0.2645273654727082,low
0.769457695968765,0.12979008488494267,0.1429042460068365,0.14140191855064357,0.308788923055715,0.35282968483712945,medium
0.1848733005628756,0.8189605836752857,0.5422207053268379,0.21187333290953772,0.4283307205255332,0.40721148736368307,medium
0.1906821067415109,0.039738684297056806,0.23844358569212445,0.4764775826411741,0.6954228272633315,0.30052784735341787,medium
0.4120715309052422,0.8670986682636962,0.7498026232214999,0.11743091225855808,0.7780614716184271,0.5497069896020125,medium
0.6898912256994896,1.0,0.27046567458686144,0.2142146231239203,0.7231206883987356,0.5988482467824705,medium
0.290131528089411,0.49970816791097916,0.2256317372246317,0.7203712230086681,0.3276207041019342,0.4140432028097376,medium
0.17057126517902246,0.5145693331609317,0.2164556761917122,0.19880928283780075,0.36179311245829693,0.2805844210509546,low
0.7831297094533101,0.09429135683926074,0.24176855394171684,0.22442795005575122,0.6028839388070927,0.4253806481273168,medium
0.0,0.5614405282819314,0.790432987433844,0.46915377980323414,0.25213838062439736,0.3625045668257693,medium
0.1135824598631238,0.08947358154042885,0.8358189897927186,0.5204114435466398,0.253658707649998,0.3194733975927584,medium
0.6249268168707398,0.08887306882945564,0.20704901099765194,0.6962708227823717,0.6324860300505685,0.4704370795408205,medium
0.8263647266427907,0.10441191259032266,0.1785344157598236,0.24610873247201356,0.5780762731694097,0.4315051503446894,medium
0.3483937421532963,0.5436665091916582,0.14679965061730693,0.16904828275586942,0.2482758899552751,0.3063224121213817,medium
0.06075410892821623,0.11795583124343567,0.5023245552617785,0.2075176214126605,0.2499200103278975,0.1961576080481355,low
0.4033861972662478,0.5483972276573819,0.20669387222952307,0.24547610965383923,0.29828314120516375,0.35553707865732165,medium
5.1963776763207856e-05,0.14452784867935978,0.15453097066044735,0.20927842856918796,0.5977578380859028,0.18362016589469105,low
0.805311742115659,0.9057352180044725,0.1491201441267401,0.7479560421846921,0.22184785621003456,0.6279769747230468,medium
0.2000543476197016,0.11231587003719204,0.39419573300729244,0.18946843610802946,0.6319727199780832,0.27429843346276117,low
0.0,0.5481516763451939,0.4695310344294633,0.14127734659356195,0.26864493968402153,0.2486122007047739,low
0.17441768443597336,0.11375801785847255,0.8559608515358947,0.24038757536134317,0.2698071583794748,0.29201962546206056,low
0.9593938983027135,0.11344032688853996,0.4747916458743027,0.3310975090288094,0.3568753611448813,0.5014757877271615,medium
0.36736715027205896,0.12133325276567211,0.8465924848636985,0.24870404024184012,0.6857688575625975,0.4140718050470645,medium
0.0,0.4772704057106563,0.5709593190354852,0.14661058981476502,0.3048280743735959,0.25614430811644645,low
0.4019244536053613,0.4277552648007993,0.44345888806096256,0.45017059797292863,0.2732354993338,0.40366666674556834,medium
0.0,0.15047526821655374,0.8085013962849632,0.5218543690876031,0.3227059212624192,0.3041470250929387,low
0.8924788947016575,0.07237332815741004,0.12135821065762066,0.7680983019806432,0.31328281859973617,0.5010341488267114,medium
0.4284158276898847,0.10080504033491254,0.5607813004347468,0.20230203697085833,0.2569305921363852,0.31180294765378935,medium
0.06970323063864658,0.09322032233005692,0.6116483485282842,0.8325204963376219,0.6775342557377395,0.39943652356503334,medium
0.19318207839338314,0.02893095948564825,0.824504877258488,0.21500439954049155,0.19512506860898074,0.25968618720336323,low
0.0,0.10660259141006351,0.21296969883690586,0.5980585141942083,0.2506936440274562,0.21048172255050868,low
0.02333994060456694,0.03637913971837223,0.2942667418222691,0.5268249434469009,0.33837268558803524,0.21453871292597035,low
0.28036540589673375,0.14500053278193312,0.4476818866506007,0.49894164938331126,0.2825009945038583,0.3224254903752378,medium
0.0,0.6000406657168994,0.8153997736025559,0.7585576234252593,0.30340065339334954,0.43953972187781754,medium
1.0,0.15819329558837444,0.6358079874194156,0.19284489295203092,0.27095412483053577,0.5062219545455737,medium
0.0,0.49785316846288274,0.7971481434477588,0.2627106876523154,0.2742113690312954,0.31281669809489776,medium
0.0,0.07120907385405108,0.5816859401430735,0.1934897620096252,0.6457591253317696,0.23705652699396174,low
0.6194394900077258,0.14119338196582748,0.26299258306791407,0.21029217810759415,0.3721661152485204,0.3514027637644672,medium
0.0566462159901136,0.13873545423917208,0.22294698866327323,0.1805646087995136,0.28460169926425,0.15698618059389968,low
0.0,0.5434826075729591,0.26617634917031885,0.48148963680203827,0.3368848442534289,0.29545362788856167,low
0.7777794143932001,0.5284163393153428,0.09329262497882117,0.24665370797680092,0.68328132868388,0.504833926825794,medium
0.647798260190962,0.4923857839917512,0.4477784908179994,0.1766243992758848,0.26763125667098214,0.43545297683416306,medium
0.29707950485837514,0.9323474095960343,0.5725912084685058,0.2661532173716916,0.6489365543817281,0.5120531412785928,medium
0.528222896953451,0.0800953022637783,0.47415239076556864,0.18416199563214097,0.3529715816930477,0.33538692453401164,medium
0.8491846964087997,0.07394430460666403,0.8729661843220781,0.21695304673815785,0.3836594621236789,0.5014287261584678,medium
0.0,0.08248481768393787,0.21579137760828182,0.2242945998263627,0.72760940779775,0.2028660013129649,low
0.9732904580258859,0.1764335559241214,0.4404350610486241,0.22425603894114246,0.37293007633615105,0.4941298269885348,medium
0.47662823395440795,0.48701245277199623,0.12986777030484128,0.18898778750320566,0.322807927704151,0.3460898729427116,medium
1.0,0.047948848634064324,0.25732221878777456,0.5415877540126282,0.27187911116891006,0.49728752002284116,medium
0.1908678813950267,0.08683105411329993,0.20230268164100326,0.17014172850874154,0.3011634791190591,0.18417484505692566,low
0.9933468185617934,0.8433680924778733,0.26856752653355725,0.1841592477452296,0.2600327805761977,0.5827995596796218,medium
0.8659752430721519,0.14582868056062623,0.26000497174766557,0.2121098149484601,0.2777121013174746,0.4120378329832339,medium
0.5846748672069615,0.5549939662194546,0.20540770718399626,0.2185643834159908,0.332492419331418,0.4107991490664897,medium
0.720037919791042,0.4533330593522269,0.15953723975229506,0.45105116543168117,0.20372060964395794,0.4513768983035322,medium
0.0,0.04306124121193751,0.5154190641296839,0.8331345351704952,0.2880547676669278,0.2957602300459783,medium
0.23548262288107413,0.4127667416626108,0.130059887317531,0.7668218955459023,0.6764295380174918,0.4275359281062783,medium
0.552508604956384,0.1265634666899501,0.07006438403142573,0.75671522262243,0.3225877896437267,0.4013061454006641,medium
0.591290564327526,0.8718142967301121,0.5279672752177867,0.2763703795064273,0.5742620675947923,0.5723585059674525,medium
0.0,0.5254745610293294,0.22561293873859517,0.16985338860662674,0.38953007321753297,0.23133704172061048,low
0.6800428520357085,0.0983797302383993,0.18856039502237565,0.7647116799084681,0.30467300490227345,0.4506161476287834,medium
0.04970131163950383,0.1325557916852683,0.43988895418614293,0.22096863654355536,0.29336893704559514,0.1956039628223766,low
0.0,0.41507658562182886,0.5554379725652058,0.829959337627075,0.3261712999449775,0.3812485755263083,medium
0.0,0.16359474730485885,0.5244810020191769,0.7712918671019449,0.34244896241613565,0.3170168175466576,medium
0.17270051584516655,0.12857471832688772,0.45691237411085034,0.2402780356944945,0.6970552551417968,0.29867584994572344,medium
0.3717212479270631,0.5234077933504511,0.17489825630919167,0.42254380311572903,0.3241437067457853,0.37556298812960154,medium
0.0,0.13377936147550185,0.531104431230314,0.11208796528504107,0.6097846702265631,0.22030683057064016,low
0.6094290201518295,0.1516768034532558,0.201881219101108,0.20632074978703666,0.2150167606733418,0.3169629136597748,medium
0.20716168526692205,0.11714126112368618,0.5655558217933804,0.2671535405483144,0.5486179029195398,0.30613352462141474,low
0.27463625326734264,0.021068304170793653,0.44066316138825984,0.15447889203321702,0.4034013743619297,0.24410999558353336,medium
0.2179221421028074,0.17747493907415185,0.796597781694549,0.30402413848690374,0.1452841378823206,0.3029587460795838,low
0.4609350256622879,0.16974222281266904,0.7618308871698242,0.1703270583113309,0.3209120498184859,0.36870580447173285,medium
0.030059491052051076,0.8682705017340172,0.5157436321015529,0.15990491379452496,0.7005399915731849,0.3970954739725344,medium
0.0,0.07666341181162539,0.5025900811391302,0.2265696022413976,0.2724062924595685,0.1768960588504094,low
0.604094637650656,0.07973199758533392,0.45369579513799885,0.8017843716871248,0.1993220136559787,0.45548433646878517,medium
0.4155725998183529,0.053805440987305254,0.41964101659988795,0.17620299655105034,0.2755758434866819,0.2749559964661624,medium
0.24298908742791592,0.040752775199206,0.7446202899598043,0.17552182638548125,0.2984853091445055,0.2726174864109587,low
0.37436634357122145,0.9548618578796202,0.8024436900204239,0.21391064797081005,0.7108943832618465,0.5730651152337931,medium
0.0,0.48058555052384333,0.18481128708576966,0.18556054607694403,0.2686299513464058,0.2012454050849838,low
0.7890014103589447,0.05142070240396974,0.0951460884765836,0.26008079310842563,0.33165059183598894,0.3630202242570484,medium
0.27303471213589436,0.5388335294121179,0.44383645812539935,0.17820907482302556,0.2939033525511503,0.33597990608927947,medium
0.22787856320253966,0.09469187965584422,0.2367962250600266,0.467556246653591,0.5722773246986369,0.30217422668644844,medium
0.04533989019193162,0.1507297960752007,0.4607455131380207,0.2981026507623926,0.3551540524957615,0.22575339127016547,low
0.05552439587798096,0.10640256531566275,0.27374620901828917,0.15535923743312047,0.34069261490460645,0.16117550290158528,low
0.5891996936032196,0.15457636190909735,0.5088752367147956,0.20438631966057882,0.26660868889342654,0.3648750332361344,medium
0.0,0.09734048009923653,0.5598168292916446,0.19588182655949668,0.28606106450978225,0.18552614540196066,low
0.1865984049884082,0.5212556885664773,0.8179121461678481,0.15681331545440352,0.25324438680116346,0.3522668022460504,medium
0.6039319023006969,0.0,0.15702069628388798,0.43809684328184245,0.6826897660922033,0.39475550870299125,medium
0.0581212922244068,0.5597256471749659,0.5021811051241105,0.1750529800095913,0.3084192628238005,0.28598216829642015,low
0.7714150595821708,0.4958461401314294,0.7800601754876,0.16440483193302285,0.21796805328472063,0.5131789466033898,medium
0.03084996474850653,0.0438913258871413,0.10168829747886687,0.2132633444541692,0.21817686921702484,0.10866569849719782,low
0.0,0.1448686156668879,0.4426554531739296,0.1287804062521466,0.25537346307289704,0.1594341418208309,low
0.8524194561854093,0.08165901801141008,0.34494962897074244,0.48351855042038694,0.5011202282742918,0.49567182912873736,medium
0.11105897242839094,0.8900311808467345,0.8542551468384051,0.2132897523637132,0.673576410457094,0.48315661196493165,medium
0.0,0.09565826935471325,0.1690310478200968,0.14542950218645995,0.2102106536134571,0.10510380952326773,low
0.8946939834178154,0.10230359947259965,0.4450554079675077,0.7897016890817399,0.2628634282910924,0.5529970781750024,medium
0.003786498558108103,0.1244066541399378,0.5242154623519014,0.4935172322000251,0.30099308025262506,0.24850200822610397,low
0.0,0.18966339924871728,0.23266288079001635,0.8239894801829849,0.5956033904725976,0.32697051657573256,medium
0.22434057962657766,0.20291286326609997,0.41496354956558484,0.23486919290267366,0.2860925035707338,0.2600169930921758,low
0.0,0.11536490758331118,0.2004350383147449,0.470703510255003,0.6247846575728092,0.24099663795079596,low
0.044594962646581957,0.1195675095189844,0.4706313493217888,0.43259563776356674,0.27784130485833225,0.23608201637750298,low
0.8338195657361095,0.5346425131569491,0.4940404020973744,0.28918194416121334,0.3215454114602882,0.5372486332181148,medium
0.6086820486762539,0.15729603579752952,0.5287047473620993,0.5281986415239953,0.39613502411501633,0.45842951578874847,medium
0.015161624171176627,0.49216706940420446,0.12646709426118619,0.6005909162614589,0.28291265146536476,0.2845070462434683,low
0.0,0.099176928535356,0.17915386651602427,0.20292935307249602,0.19786710260298818,0.11697440168942226,low
0.31519390494803157,0.5709566243023836,0.765133068524236,0.12021233752733831,0.25295584533135673,0.3855053009286928,medium
0.3899422293169441,0.48098221387092055,0.8479957776008008,0.23641906214227215,0.3075734830893298,0.43379831310124134,medium
0.024647657229005613,0.9256356534917257,0.5309917517974618,0.13243060209202712,0.2870385291591113,0.34171209042893824,medium
0.5308997067784147,0.06311365658476892,0.7926248965148882,0.14531242823201768,0.6984268431357686,0.42461288994448027,medium
0.0,0.07374163604115193,0.8242042054653708,0.17658802158490838,0.3107067608280491,0.22030257646922505,low
0.8154967993654717,0.15118449825574443,0.24991000310425932,0.14694524127556854,0.2825881705665603,0.384149713766527,medium
0.6285256284740686,0.9314692133251952,0.5300250048158447,0.19240615210285558,0.787294223844475,0.6109306459268786,medium
0.24132674944139093,0.5611295965109216,0.5338348207462864,0.0891933011625542,0.2840405689843838,0.325143912826713,medium
0.005745141607838969,0.1780544887433828,0.1937988367377067,0.45504005211563464,0.2362813340120938,0.19285447626662525,low
0.0,0.10664565235705935,0.48299063603051196,0.19504586190802836,0.2996395490166097,0.17773283061008577,low
0.0,0.07039232887446953,0.23925316849972245,0.24796391025879455,0.3455106143164429,0.15138581524907763,low
0.14137065906605784,0.1418846825449766,0.756602058931886,0.47377195822651624,0.35298122694083955,0.33198001875502475,medium
0.7086935055460355,0.11323524552251812,0.17980088861095828,0.5461962849144656,0.3519179699569187,0.4242521865363889,medium
0.7635460769146606,0.8833634656781061,0.21649133594568667,0.19317378321579468,0.2584125362618083,0.5156068536843025,medium
0.3973941935812517,0.4673452262171758,0.6999601478557589,0.21746853430685348,0.7360214350549789,0.47157824761579203,medium
0.0,0.09477189755878418,0.1576318015841633,0.13858336261153606,0.3926125164384989,0.12920769973746338,low
0.0,0.11127904809839417,0.23065810783680263,0.25251444117359295,0.3704398141627081,0.16292338615432406,low
0.0,0.4549136894884885,0.4196620508390498,0.7911262232869375,0.6125147249429815,0.4040344989223899,medium
0.3551261992087709,0.09122897564783905,0.14539718183646155,0.5766157869521698,0.6592242694802662,0.3608000299801422,medium
0.39159173324473934,0.004251151185398122,0.8148139689115727,0.18470377725900586,0.40163882202856716,0.3377364243033235,medium
0.12911059760487453,0.11375453311592101,0.45871145627310994,0.7533628475558928,0.2930780003599244,0.32492507391078024,medium
0.17952006941377255,0.43762447652846226,0.7273680435637663,0.25251939482633934,0.2685670713377084,0.3412750623303133,medium
0.09624206499117434,0.8905412566397367,0.16042825275303615,0.2618485162398232,0.27930630895432906,0.32531075832936907,medium
0.021230951979748672,0.024360434916138735,0.4563058396766373,0.10118775430848889,0.2543020043236055,0.13807010003888653,low
0.822474119565105,0.14533074426102358,0.6911143380755178,0.24741008423428695,0.2276810085729672,0.4631097035658663,medium
0.28213543275267733,0.04089844114797117,0.2670624134260979,0.15695538271361809,0.5593768382786724,0.24817728235383657,low
0.08696273474930455,0.014133044386888213,0.32835409981208663,0.15466011124327572,0.2688034034562772,0.1494210770410787,low
0.0,0.16752722755879085,0.480661298005578,0.20793305947721125,0.6405884554400525,0.243279520424045,low
0.8146381071890462,0.4922073965654059,0.12553649994046634,0.7477860086118673,0.5845902465221705,0.5989091251615639,medium
0.34654711352660794,0.5868653284721351,0.8329296291466902,0.21736245877480487,0.2924896946473337,0.43362259007647397,medium
0.770725291714746,0.04545627396601731,0.4352854519617551,0.26711980464401575,0.2764444758548656,0.4004922924089235,medium
0.2764205879807989,0.14181531787827523,0.26073275141266655,0.5784854172949325,0.6366265293529144,0.3615902155437184,medium
0.036304829499218434,0.5321626496737802,0.7686625503209186,0.2337503447341106,0.27953653282602575,0.32130391020338533,medium
0.36661497149047234,0.9302536972625791,0.2003663517164498,0.18017567730558595,0.25811330745999617,0.4008423152372416,medium
1.0,0.060576164179547365,0.4811699395533683,0.1941920549628342,0.24545570192101435,0.4599474900496337,medium
0.0,0.10317625994620545,0.9442198070682866,0.5171759604782644,0.322209532331408,0.31403484499484813,low
0.6002845383521836,0.8971297650616817,0.22098273439945632,0.2682578748046931,0.6185211998934225,0.5390884796228619,medium
0.0,0.08784281262076826,0.5027968877186135,0.18808479839022366,0.3605471082371978,0.1846871215955701,low
0.20448908197012544,0.16557036385262436,0.19853842034158523,0.530596539857986,0.3898912269250467,0.2888445524231545,low
0.22362962306971962,0.08060414734038351,0.7260017998341548,0.23223300467974778,0.3847476594201825,0.29626873621309274,low
0.34093220711280103,0.054485345942417385,0.14858453185273454,0.19163468412078194,0.7097199991950971,0.2802493478036549,medium
0.7924749724948681,0.4935008045119572,0.2311740542189894,0.5081318001235215,0.3060843296808445,0.5186577702605312,medium
0.5455885295417313,0.07982593752905433,0.7205887681341783,0.7682372543371753,0.6047684400631419,0.5320927784653634,medium
0.1552307216363097,0.9373816917468545,0.8543550590544109,0.4933631700851082,0.4113939856479258,0.522580545562636,medium
0.0,0.49172820633311953,0.7781470039003894,0.20492472505160034,0.32927923198455344,0.30544452165968544,medium
0.4280327215005886,0.9630445091586847,0.05889746283012631,0.5269421039332376,0.36072733971612125,0.48935085945049817,medium
0.408042646526897,0.1579991146409251,0.7404249044789669,0.32021122091052123,0.6007592501382428,0.4192324842609398,medium
0.6502035562808391,0.0541057648899502,0.18384737748470795,0.1575471691540864,0.31121581215214306,0.3116511321385867,medium
0.20222417720814917,0.4907416303297198,0.25014614492834386,0.8986582964818828,0.3309610707430754,0.4257133208754782,medium
0.6084065313251822,0.5423861692259907,0.21220463557168237,0.2562609107466083,0.25052598297306966,0.4116609681737872,medium
0.795447062456666,0.06710042287574407,0.5214919115024541,0.1701205668937978,0.3643575675822817,0.41895573855361845,medium
0.0,0.10702935546772929,0.11661433611593214,0.5550500370516748,0.2581657842010622,0.18863289655142995,low
0.5492770703060117,0.0,0.16888977487095774,0.7788207896287126,0.24531891445825177,0.3826785824169274,medium
0.2239317106772405,0.10117530312375314,0.399331677423517,0.1969203455176377,0.3050363196259319,0.23245384248886763,low
0.0,0.48321310718055527,0.25644736065782814,0.23866245609160364,0.6660922553886686,0.28275605506140633,low
0.0,0.12393661733720032,0.6754774628333482,0.23957837254115605,0.22980919729996618,0.2084959969956684,low
0.24886027964812596,0.8891972192505955,0.42736634223768133,0.8968482904612718,0.38524763286135527,0.5537592821016668,medium
0.021903963750917035,0.02754295445143594,0.18110502625988065,0.26108333824721536,0.5989526177323621,0.18130509426384178,low
0.0,0.390127528251617,0.15112584695480424,0.496942645987316,0.6837083807121939,0.3026391689978363,medium
0.0,0.14089322760340137,0.5666059742444763,0.12542013513670358,0.7256028555549001,0.24709399701792745,low
0.826003174831196,0.14932062722742734,0.7475016988625479,0.2245025206563574,0.2878463899860385,0.4778677953534037,medium
0.0,0.8988377979751953,0.14811170949689675,0.015192189617694474,0.6699309313701486,0.30551239364863475,medium
0.357640293010818,0.08246558907372012,0.8215582582445965,0.18796568631552663,0.31229091665208775,0.3314557192155974,medium
0.9815891745484641,0.44300247916872004,0.8652262663994844,0.46390623703021955,0.34989005700965714,0.6581259441156984,medium
0.0,0.11167980616683931,0.5917642625466092,0.1827748661733514,0.25237948372446156,0.18551249640869877,low
0.0,0.8716005866983696,0.8216468694184889,0.18051673551042394,0.28277121489419854,0.3760861770886618,medium
0.1869296936089022,0.07968901141510333,0.5624958031779838,0.15547418605755006,0.3095566165094828,0.23391941053032134,low
0.044212382009223596,0.4899935740028332,0.8239295575308735,0.15697937619892155,0.248062130662121,0.3034570578720672,medium
0.0740017522564515,0.5324821929259846,0.5367834044343752,0.20989011359519327,0.6291937468978687,0.3455715596810076,medium
0.7823571950947693,0.5046139450926949,0.19728322062592904,0.29147428714921936,0.2650374396682176,0.46327290402093557,medium
0.8635526398060783,0.5555755604935909,0.4564431780951221,0.42523223269541444,0.7403402299235103,0.6347448617824194,medium
0.35877865416553434,0.5124023149090289,0.20162368152163873,0.30611200982235964,0.354440365229284,0.35474606820857646,medium
0.0,0.5061578073622197,0.24759023778980585,0.26104818461355417,0.3604611744977563,0.24464891023828908,low
0.2554179744665779,0.15942643029014228,0.5311400479561005,0.48087602049645883,0.5789372234679521,0.37119747321090146,medium
0.05973057702183074,0.06726510491367717,0.4628006632170668,0.19123373146498143,0.3020289324692962,0.18434337973523537,low
0.1347440588728302,0.0339956418984482,0.21184354426258117,0.223281649252321,0.2876124090920949,0.1667970688952043,low
0.0,0.10428528029211237,0.5517554573862404,0.19105097098920737,0.3955566543702648,0.2011640670197397,low
0.40694109572834214,0.11494555932577777,0.5292811173306331,0.1233563729064382,0.3698238295987431,0.30460845720435226,medium
0.0,0.10554137822367647,0.2211625466919336,0.25195236680490357,0.30025173928867416,0.14971089190280717,low
0.0,0.125026427699424,0.10456372135050847,0.2676069837380746,0.3066235478910184,0.14020477267372877,low
0.0,0.005823884186720932,0.30485037156316325,0.1041340908092168,0.31846373768857517,0.1154887113869483,low
0.0,0.05956976655471136,0.20031138846675486,0.17675541685221072,0.2771965835297798,0.11889123248086461,low
0.8247749905532201,0.46700005485583074,0.49969178191351954,0.25851018104419443,0.5452961564872543,0.5492827351060872,medium
0.6063494095862644,0.07018556770436311,0.155427282575254,0.22994500725200517,0.2546487101489844,0.3034423367757887,medium
0.0,0.07716704142883836,0.5268815241795386,0.22599034499064025,0.36403577721764996,0.194269072493474,low
0.8914603903356632,0.9052774914942069,0.8149896836465247,0.20748509239517607,0.3168718359270063,0.6597698618146051,medium
0.7433105357458015,0.4648588462805172,0.5133405946227876,0.8210821857869173,0.5208170312939162,0.635305011024733,medium
0.00615216882930518,0.5245966771858821,0.2583368598475547,0.5892880138128641,0.2556021587579505,0.3017134416393666,low
0.6248896412047555,0.10695502851669644,0.2348086720054766,0.5088338935391808,0.25206448853927543,0.3836556508543149,medium
1.0,0.5083189694523907,0.5076790649199775,0.20691730905376207,0.35053266473648437,0.5717790151496999,medium
0.019993771588556867,0.09267441166099973,0.5045737683211882,0.11449244251415862,0.6072558744333597,0.2142059487247809,low
0.022202763610082093,0.01423638869147914,0.4626716109746117,0.21617039980331573,0.27630488703402767,0.16358866148327952,low
0.3395196615618009,0.20412652539666165,0.1274729603214311,0.23928776827102755,0.5585162758546662,0.29343714262849274,medium
0.022379973341120823,0.5041296181112629,0.8533388741839908,0.2999207534708099,0.3394412835656099,0.3464410899811909,medium
0.0,0.14710338221470698,0.38478934364686695,0.563855710790512,0.3412358309430091,0.2510955947895252,low
0.32242830443149945,0.5105622786439095,0.3534557678910585,0.19342006464579373,0.2283801589148754,0.3248003490082806,medium
0.46785432221971485,0.1296049880013478,0.1865844006673609,0.8575888758377649,0.6712036072047053,0.46646327061454695,medium
0.7322790731074706,0.13929914306930408,0.6761579739727237,0.5013898060299845,0.2907050841409024,0.49285097046914284,medium
0.06429623265626831,0.9515041840533962,0.5104023575493095,0.18446066259026428,0.6971156834368032,0.42760954527352946,medium
0.006451763687672987,0.07987210743285768,0.23534475225183513,0.19547026001937984,0.6151481605675907,0.18457793951966328,low
1.0,0.5132897732720209,0.08766678716739476,0.17649395242325355,0.3371103755908314,0.5016733195527888,medium
0.3383020606492225,0.4836678309709673,0.7313901050246926,0.4767201801217335,0.594787623931931,0.49249487975680045,medium
0.6336397264191437,0.5366098758207132,0.5903216745224983,0.8337907886321564,0.41740904473528523,0.6153316587049846,medium
0.0,0.1148106856130496,0.8026720707420197,0.514607229147008,0.25310311192268536,0.2842498603517173,low
0.16429621320018045,0.6023443084177589,0.42630087374433673,0.22158454453361845,0.32574378719538727,0.3268813336912882,medium
0.006264037257389049,0.03892278562208362,0.4876087757094845,0.2874201623484076,0.28950232744803905,0.1837144662449435,low
0.13577399665448295,0.4583449645962903,0.5468539048724473,0.8488948372667022,0.35326846662268074,0.43719851509321267,medium
0.0,0.07750685422682152,0.5470414326546132,0.16203506753779456,0.2420712146965038,0.16627528145559078,low
0.5730954779483394,0.4890894522504266,0.202580321245311,0.5170400742606707,0.2898839493385917,0.44702418927430665,medium
0.05129468982943443,0.0664560115444949,0.23013691174697345,0.8171983586659556,0.7026149764405237,0.33203206421904496,medium
0.0,0.05344580988372844,0.5049736285796106,0.17250838158325288,0.2502405392377528,0.15847296346600076,low
0.6280572608835173,0.5042275581534081,0.4943794383515261,0.5657003669917939,0.1788879211393017,0.5033928672177198,medium
0.22306834216214005,0.0560166325503686,0.47546652149506174,0.4897381803447125,0.6413111361960369,0.34358811388132304,medium
0.9926041827363135,0.5242011406096254,0.8069144031971665,0.17912565694006066,0.7498174727152023,0.6719563957176865,medium
0.5759874821500981,0.12560369772610858,0.768447003208642,0.20446686250810722,0.2666302751520751,0.39407194844598015,medium
0.7295724800411263,0.1619615339578489,0.3782687422238264,0.21786906277379808,0.27013942707631927,0.3920990887536891,medium
0.2548413963651336,0.06364198432735543,0.20800998483480654,0.5027719434229079,0.2235691028268742,0.25447206760884483,low
0.0,0.10283174651029905,0.18596352964209797,0.21405539711560728,0.2894695096879688,0.1346923846246913,low
0.007707943243297416,0.1593018839035944,0.24535393089995491,0.13783614690919258,0.2005536751284751,0.12862613003981113,low
0.4224327019133587,0.9583637742160268,0.8463640939762258,0.22706214362915222,0.31443842728869625,0.5379353723327818,medium
0.43386724475879845,0.15778401669405775,0.193519881888497,0.20999775045973273,0.3329768050836325,0.2826910299042171,low
0.0,0.5032842519397639,0.5392460035777963,0.5049004548306874,0.3582612477176229,0.3362630290484031,medium
1.0,0.07689324286775917,0.1591254521053509,0.2135931637912652,0.6051790824111318,0.47274296150927725,medium
0.12495104216717615,0.5416129854869806,0.7623558084194417,0.15531310780540503,0.3920999060749211,0.3500388884827844,medium
0.0,0.4303034365216009,0.2569995074552529,0.1333080703135932,0.34662052323768333,0.20326530597097925,low
0.385346099447857,0.12061169068390397,0.8094110005899791,0.4868682315731443,0.3459456355092802,0.41040330970065564,medium
0.37679820048133833,0.570930001492992,0.48327517926699,0.5562137054800467,0.28714556071977865,0.4540313125370245,medium
0.4313801406057666,0.1709291866532701,0.4416572593423414,0.20002389584068,0.2920042370264729,0.3136538831358422,medium
0.44985448046616977,0.5491421036448549,0.11243460381078427,0.13804732216299825,0.30364533859875453,0.3348062206628523,medium
0.7697213649888236,0.5383284370332809,0.16265551815114113,0.11488138854641118,0.42310402794416274,0.44942230652688103,medium
0.015885096502764203,0.5448007864231976,0.2333221469965505,0.2926891447006914,0.5448992709223627,0.28899672786344405,low
0.2206128895077322,0.06469104440756117,0.12189798188263022,0.4676062118073064,0.3011751065842849,0.23610428136533043,low
0.06427038700105325,0.0739912325610474,0.1911707714798467,0.1573309097707474,0.3344028523523653,0.14438158814150673,low
0.2118184157920213,0.522420747079609,0.20790592341282182,0.21701673090399773,0.305553304505891,0.28845190452213465,low
0.25638468801743314,0.49809948706328677,0.18812914397712688,0.5656549814921304,0.36757692630156974,0.37302221065811786,medium
0.0,0.006060214989078078,0.2171451322858576,0.49168840331687663,0.3270402308261407,0.1811775281279907,low
0.2281282049881565,0.13043548737914512,0.7830586183573955,0.1381743431610922,0.359235956705213,0.2935046138638857,low
0.24495856934334395,0.08072198996322834,0.673638586441,0.48582044057597035,0.38675325367003366,0.34585483292749797,medium
0.0,0.5404811326260591,0.7914145956031421,0.2223202778078088,0.2262150293867892,0.3052047258352633,medium
0.15275974104011597,0.11213730854161219,0.46606002686634623,0.2941528382825941,0.3691918607328351,0.25237373481675324,low
0.01714228283152678,0.08645709724301803,0.47119721405752457,0.5859114805280692,0.23368747764471354,0.24534910415901118,low
0.0,0.4899349080370268,0.7724992545614241,0.2160271206053063,0.30366847776774364,0.3026175655778418,medium
0.007479657247345447,0.0,0.5929383674436072,0.17820938196404235,0.2678206057704321,0.166999619549118,low
0.8007279137502502,0.13345607658150271,0.5505890776194244,0.182349318067051,0.3150230565803308,0.4332212731847491,medium
0.0,0.06837132582342179,0.5372595772067718,0.1306021996394936,0.8412194392257991,0.2465665575574687,low
0.0,0.1591759201713696,0.595104233233079,0.22730175290254165,0.2130741487650272,0.19852229191449816,low
0.15637104118327794,0.9085837356563169,0.24045242275418593,0.31689149781141285,0.32488877100758323,0.3768075381127947,medium
0.3528186583730444,0.04199596771750566,0.15951580751605082,0.22890004868540326,0.3243960018699532,0.23261157220039572,low
0.007026662834262808,0.464991553824401,0.4860900630201563,0.14402464507651513,0.38165529408302756,0.2540730421959396,low
0.5352472349472852,0.3488336797384735,0.48765537040365564,0.47375797530142616,0.6533518771525848,0.4962435886256016,medium
0.6990016435781068,0.5703159869122507,0.8855111477645105,0.21167231375834267,0.7557134730090442,0.612281846323584,medium
1.0,0.5010564046275165,0.48073495436101377,0.14045806735285235,0.30097055788489274,0.5455587212329597,medium
0.19001397131114237,0.04068697832047016,0.8095164275075917,0.10893753995999766,0.6132859527863959,0.30034945209353436,medium
0.37066455129990183,0.8456198577404038,0.429114763992117,0.1560691213612787,0.7187359065375438,0.4837147617897562,medium
0.7817482444384798,0.0805621209358381,0.18361720051044786,0.2465130609709272,0.3304546258433173,0.3770502836659617,medium
0.1502432101114119,0.17274671516420115,0.27194052251408113,0.13963505711796426,0.5423484708110003,0.22969266648861886,low
0.08072315649181216,0.13282915191029573,0.49486913650347764,0.10890970264527168,0.5132854654845446,0.22378790815686045,low
0.0,0.8564612119108177,0.38822060741499853,0.16408796268255632,0.3406934230252808,0.31344693948471675,medium
0.5864625768961974,0.5638515167402876,0.8079418255660696,0.14994117907744037,0.34859008246490336,0.4921770984370507,medium
0.2300754069684391,0.18845351328044269,0.5037608302981444,0.437390614864723,0.2667419037819382,0.30976685783157726,medium
0.14519939565418122,0.51937952694064,0.322446483984179,0.28696998244096605,0.557721670598695,0.3368549437600067,medium
0.0,0.48542048782134145,0.5186056419815932,0.21001254165259386,0.3557746752319521,0.27024365347681883,low
0.04736992406025289,0.0638961927621218,0.7739489398403905,0.5508311370236438,0.24861344059478702,0.2905408002405056,low
0.5289658798997566,0.10337581452698026,0.14220823197346566,0.19053605627751963,0.569457306543266,0.3242219689083367,medium
0.15558104943456966,0.11021892896744348,0.4818801816329543,0.4582668124814683,0.28766878015510156,0.27580380738836163,medium
0.12210493771517701,0.07537202070188495,0.19412537131069058,0.775182962961686,0.6404234066119893,0.33192479473566927,medium
0.0,0.2175847256306625,0.8161627425963565,0.24074477994019183,0.6240608053114189,0.30769943330033717,low
0.0,0.05778557444763509,0.6843767049589645,0.12985346304695472,0.3723712950246616,0.1960400074964619,low
0.33595666582898503,0.024376996551699115,0.5332055297121416,0.19564914797947214,0.2754672655083438,0.26609314793800254,medium
0.3206505359168803,0.10440156020161351,0.4975804312165479,0.0975648013595426,0.35086246900198303,0.26385486812007497,medium
0.16978856571003256,0.8877364200454828,0.4880117374986537,0.1972294138787265,0.73040264421468,0.45069189375485175,medium
0.17184762710552623,0.5451739825693339,0.8904559456667013,0.21931026566747613,0.1658468522887161,0.36289655747233246,medium
0.01850151221303902,0.08514004233462892,0.8385340138658779,0.14497694154632051,0.353297200629446,0.2303485326144002,low
0.0,0.10024486909671622,0.18708770137402247,0.15774235070228407,0.35174257489869337,0.13242198540070743,low
0.0,0.4713632489130166,0.40402175773586796,0.20668165449641712,0.3690499128730997,0.2515697312732319,low
1.0,0.08750022074561542,0.20453181725532932,0.1994685518806288,0.3500103240964504,0.4405750757280158,medium
0.03285367978910072,0.1398883536954958,0.2230522447189729,0.15824597841246785,0.5916404232781528,0.1916868705578918,low
0.4995571556217019,0.052440921833474416,0.5353370387151244,0.21867549243564616,0.28086975217014065,0.3265214481731244,medium
0.0,0.5007732914083752,0.8229538258939705,0.12472095700688221,0.3622081704006263,0.302873149127241,medium
0.018275904800815264,0.5200757774071489,0.2722312402817063,0.49821201643593893,0.2571676379073127,0.288550161937215,low
0.012528997316516882,0.11546313281001332,0.84376414171265,0.14467800695735084,0.23445063689282358,0.21751914393924893,low
0.5756970212688813,0.0002974065206933496,0.11349731284373916,0.18122713439726454,0.7295142350196285,0.3354657467437611,medium
0.07727957361961171,0.48378006062114,0.1919910060958054,0.4291743025362739,0.331173817965558,0.28424946832657083,low
0.460659141123105,0.14743568599119666,0.46635575206647495,0.8299852431497126,0.6084796994791608,0.4949072458969587,medium
0.2915315415199562,0.07108638854810441,0.19779233492510362,0.26348972694816997,0.36126402088833665,0.23823313892725775,low
0.21835155586372218,0.11771635328329373,0.7667361268090377,0.1637364420311825,0.2600932680558734,0.2758204350517486,low
0.027308142448274193,0.4662621755240789,0.7053202100744483,0.1992028560459648,0.2696510451680718,0.287531137334869,medium
0.7916482954283989,0.11881664663662767,0.7600234905607808,0.16166966527070586,0.21431527272165773,0.4397425655023521,medium
0.7845040336689775,0.07149291121995105,0.4710990416294606,0.24473674429991582,0.6103681172613399,0.4608172150382867,medium
0.005384920785719584,0.08399012224792317,0.21317813949529305,0.20646818362087496,0.5624815800270474,0.17605609533782657,low
0.0776246322734516,0.8984784463603241,0.4717001492227018,0.4796267354142743,0.27661716096071387,0.41115602256446754,medium
0.29314399732298946,0.17754486862966862,0.5886151482368043,0.11044681657851875,0.6686384241502166,0.33412957209658745,medium
0.0,0.09123740487920722,0.5348072438709957,0.3017695613382343,0.3312432855036533,0.20850897264968565,low
0.026591143036620843,0.07413495072350057,0.6994023306203466,0.5812188016721358,0.5843844921818788,0.33161611681044734,medium
0.054129262186482535,0.055579329296756186,0.4337370453197673,0.2506615685537684,0.27034062239949475,0.183098608383939,low
0.615173013548495,0.9581376557352229,0.8205884863604171,0.46084057643520115,0.30758094583616313,0.6375729653281204,medium
0.03260525087502458,0.5062497451443574,0.18085211789587263,0.17562710200963252,0.598893669152096,0.26311881275050064,low
0.43799874457836363,0.8487723475557422,0.7945317091077396,0.21402627600507057,0.30290951316409315,0.5085755314264466,medium
0.028852709574584842,0.05845337514612791,0.3713957896410197,0.17617624908436577,0.6052478838805657,0.20207828874671202,low
0.21074820310556058,0.0630224639547714,0.553122308421322,0.21085166505685274,0.635131833741359,0.29623740805839516,medium
0.0,0.4381695054697174,0.5476197986708601,0.23612396273709618,0.2117082566956599,0.24875790194634073,low
0.4464319892822937,0.47736552284249306,0.7900319711724249,0.5167833410396169,0.4085616555435559,0.5125484135685072,medium
0.0,0.12024838996746882,0.5094016717532033,0.5462467988250774,0.3214022974179479,0.2579196331341819,low
0.2469116177679258,0.49860488074948744,0.1829438498850799,0.4122639090942473,0.5876690091948451,0.37183917216111345,medium
0.0,0.044279105348225135,0.4946448872702521,0.1675687768177285,0.7923857688010364,0.235424174843884,low
0.6564320099369031,0.11094650484019641,0.5681838836844272,0.19464333550172935,0.20144886209671659,0.3734924829166277,medium
0.06752673998247453,0.08407212316831064,0.39966275286754377,0.1907647114482528,0.3260696227132292,0.184085245255171,low
1.0,0.512727751595384,0.8487323255054512,0.26531362851199486,0.3313123074864433,0.63261497097026,medium
0.6163331294014684,0.08699326053493206,0.10585463978972132,0.12806212472375422,0.3033342643810729,0.28928935149779694,medium
0.36602065746524826,0.8303491630679231,0.772759243659942,0.30171290915161797,0.24592182803485732,0.48902077243770264,medium
0.18311429116076008,0.13864441700043265,0.44216090519941975,0.5061472851306803,0.5917967701060627,0.33898627907027296,medium
0.00421936618310465,0.5051706119270782,0.15546621784459502,0.12352928270331431,0.6856679767399569,0.2531759179686927,low
0.0,0.02643395595680882,0.14525206768029988,0.301628399727529,0.24059679663027816,0.12348980078345426,low
0.02464473683350364,0.030829782588258012,0.8012725715953964,0.2321604110141836,0.6968845853948581,0.2847150333190776,low
0.4663133766181491,0.0878131392579435,0.7828807669164576,0.20790067415748828,0.2666977417998566,0.3564735519759782,medium
0.08914988590496747,0.8993356000502712,0.2169818281995554,0.8221016582339807,0.35515167509946516,0.4568524429231937,medium
0.8994837926328851,0.5061201068941866,0.5128302524152587,0.19910498650251374,0.6617289293074748,0.5870740337276157,medium
0.1945585251725376,0.08190226917755274,0.5448031872353185,0.22590976012041636,0.19754745957935796,0.23128256043355655,low
0.27691967228158526,0.14721968951399875,0.25637424475076087,0.20516132675267454,0.5593230153658274,0.2759066939552985,low
0.9789841154877995,0.5010441154654628,0.5688840087634501,0.5545543865183868,0.2507969389089003,0.6277670771939623,medium
0.0,0.07684638975421292,0.15658349328941443,0.8301027578694361,0.28842726051028456,0.24814144259468468,low
0.37562822754209557,0.07574269378616003,0.8228193442872619,0.2078231439652422,0.30876849168711906,0.3391398112090663,medium
0.41193813736474766,0.11480712401632688,0.8030921279447599,0.8640724664140892,0.6716190566348208,0.5405640369824446,medium
0.2569696848617063,0.10575849223654755,0.48086025707471763,0.19584630401774952,0.2980986654218392,0.2542557030838548,low
0.022567807731627247,0.17345440958201713,0.850412339054331,0.19691786276744247,0.292038465472609,0.2522124174684211,low
0.4435629231414556,0.08742279143371422,0.14867714261080608,0.5383555373081635,0.7234465663964743,0.3890430990419043,medium
0.7628660849822736,0.13797577404419842,0.5773846128481992,0.1664488903394785,0.25467055966667074,0.4145530342486479,medium
0.3766680832334607,0.4217003182132684,0.49115146214400307,0.21919838626221286,0.3332415666756573,0.3648391201880835,medium
0.0,0.570410251509557,0.20635875108429927,0.166871942818965,0.26298001911457114,0.217857254395535,low
0.2899468351667034,0.538433786149186,0.13183446577784924,0.08621553520745401,0.339387785794192,0.2825972525571452,low
0.22586156056444073,0.9540006834468125,0.8064187840996017,0.7357027954847438,0.24948451996321422,0.5640846595650659,medium
0.0,0.11055170133391792,0.22237828004373206,0.21388992904943335,0.25581823249079316,0.13661780295684905,low
0.35217151647113676,0.4841427310191517,0.5111098623956895,0.23928588809846038,0.30009104068974995,0.3720173142276793,medium
0.25509107675606596,0.12033630791705835,0.4980799431216532,0.4822960585502504,0.2556233235506693,0.3101092863211299,medium
1.0,0.16893310586135746,0.449813911743414,0.21497866335209367,0.2717548007858527,0.48501766072208025,medium
0.14051707618188092,0.0,0.7439977336894743,0.22553930393011318,0.22460330176378748,0.23255313895857616,low
0.08665791371220073,0.11452656470738704,0.44214978728003185,0.17000689746882988,0.25374608726997305,0.18728844773140432,low
0.4079067816560471,0.4713733278671306,0.7944592674583093,0.1930534149369197,0.3049938258966052,0.42017534706086135,medium
0.22223624652545593,0.010508458857760944,0.7416978278990136,0.5473687075338108,0.19437138747890587,0.31865668954263904,medium
0.022255910178808874,0.5642463440816927,0.4811604322063861,0.25966544219795207,0.23414203782865653,0.278754500814828,low
0.0,0.4901852991338565,0.5412449199893856,0.6155544510203246,0.2907442452599286,0.34594632481823334,medium
0.061527777178036605,0.5478100093866195,0.860987386822831,0.7552346094957862,0.4266503652851,0.47221291974608176,medium
0.11992077331424644,0.5454514798180203,0.6005448461604012,0.2654780626180928,0.327662281691947,0.33739320965934877,medium
0.41121590969834604,0.18899730187715363,0.5202561793005525,0.19736521881722258,0.5945162420077681,0.3678531402446271,medium
0.2784212436119941,0.10161736512581318,0.2931736148723231,0.2407345426576306,0.35766966122087257,0.2496232460542663,low
0.0,0.91535835835002,0.11867272984001456,0.4374827441553323,0.23712277351446326,0.3239375460042421,medium
0.009315396794553395,0.1264118735209042,0.8335365996126037,0.175982591472288,0.25169057891771185,0.2260575888165518,low
0.7051535444896158,0.09686341010467926,0.8866799433081156,0.16356262283709347,0.2853230742877621,0.43943172257462093,medium
0.23508035018182363,0.0530487153182783,0.4953554839221234,0.44301558171320976,0.2408676484349166,0.2801704343144007,medium
1.0,0.08193465255560425,0.25518916461623387,0.49519247548495604,0.30574036130231036,0.4995648544958936,medium
0.24997970416138499,0.1217677756476826,0.2790233142418064,0.19845857490297633,0.3014523304340736,0.22611052805992926,low
0.37657027731225257,0.558906963914089,0.7193632306285324,0.22881643472543695,0.7166455353615651,0.4859170778200956,medium
0.02940606355589704,0.4837621662794256,0.47818059293798354,0.1613194539664638,0.39462774074791646,0.26875939316883196,low
1.0,0.5875970263312066,0.47620761834236264,0.1626895732115748,0.27294430483819243,0.5624301083856396,medium
0.3820575762170611,0.9536850893737998,0.2451392148753812,0.22401893587351657,0.26421828283534443,0.4265617025711905,medium
0.015251790779313488,0.5205200755756952,0.2311955360628628,0.17547418695191544,0.31412298774487185,0.22557216831047638,low
0.20862954760875185,0.3823351116289028,0.20870164548871892,0.10667639579033829,0.27111517711590694,0.23236368915716762,low
0.0,0.935103383743019,0.19162292021497504,0.8036841848871294,0.5951367068526667,0.46577145778617596,medium
0.0,0.5052836947565068,0.45810544309388634,0.14090308637878982,0.6235251982114662,0.29148195242286223,medium
0.1897381335655304,0.5547617577743518,0.5606543147748749,0.19176897843325838,0.2795457386809566,0.3322575953295559,medium
0.0,0.12629881979157426,0.1628338937517254,0.09462048455797051,0.34676127161426495,0.12062313567480751,low
0.0,0.012059033978911976,0.1726804651124403,0.49600666777655655,0.2892294634042239,0.17089962962859334,low
0.10098198679977753,0.10524323958739355,0.69737441374259,0.18744528386233175,0.3263100820779009,0.24238497510295198,low
0.21764559353614776,0.1388739411277417,0.48139830051158705,0.80309528077861,0.35997678002048805,0.37989378452192596,medium
0.0,0.14792654451499687,0.2557877720844927,0.16401133789043693,0.6164840302487435,0.1932283468310722,low
0.5932130226554378,0.10899419442627267,0.14612484211553695,0.7018980034402381,0.5488650060770159,0.44439082359881643,medium
0.0,0.05517735496177372,0.13366972914096814,0.5119803628081666,0.3263422930171489,0.18243334687770563,low
0.22746576635620033,0.08951736641208516,0.1737100284513633,0.29896475041613507,0.24603661913032696,0.20889815040975768,low
0.0,0.04578177505391759,0.17302273855832248,0.2412912574798057,0.34235194192418605,0.13472080857912094,low
0.5843043181296557,0.09995891220455151,0.5325000227280609,0.5394570563384815,0.40107717522745595,0.4432110688408308,medium
0.16788279256916555,0.025366087927950573,0.5028669557805938,0.22813506167817701,0.26084012450827576,0.21562112973530562,low
0.0,0.05176023758535477,0.4834051250682134,0.4908462611979426,0.5544436816632827,0.2641986207663839,low
0.14542507988597062,0.5215607409245105,0.15437131852181313,0.13021408931157996,0.2503499160899285,0.23469067520477055,low
0.40399269728252146,0.22202651220329084,0.2071272754964212,0.15163717504186464,0.28979423831504353,0.27046877370550726,low
0.16996283496665524,0.08504541180217155,0.28869587495127436,0.3072246191921585,0.30246117496583574,0.21811641417642907,low
0.422195190519429,0.5011718953545476,0.1939025802782156,0.1567112658673921,0.35534281032931203,0.34062199799134585,medium
0.4086383730686106,0.09962624871065537,0.753422366377286,0.2036639426504638,0.21699042528449541,0.3288114689420742,medium
0.02034866302303895,0.11815319329340619,0.23695394414146917,0.18055326857937562,0.6015307137289456,0.19161858996203024,low
0.0,0.16087284582637984,0.17554180264445368,0.20624343058566943,0.2892690039092499,0.1431448762654654,low
0.8097158233211533,0.5859750024456772,0.23197883661420995,0.07617282193467499,0.6342298588302777,0.5052756161890896,medium
0.627472109648343,0.07545321235259268,0.7964279056640942,0.15079129591446286,0.21828966311748008,0.3856981698651501,medium
0.9413702289472144,0.08340216632522167,0.5984612010409343,0.133421418696147,0.3689926274537157,0.47089385996263544,medium
0.23131276213076418,0.8289705749361289,0.37294997266705754,0.1382685670639146,0.5797639994444156,0.40574875285595896,medium
0.0020162449499275883,0.18023484242017432,0.14660910558036683,0.26249790994093614,0.27555795776573205,0.15247648345911521,low
0.07049755249001294,0.011452623933078651,0.15813382536698917,0.43698680994000405,0.3129275339485373,0.18149635641894937,low
0.07969941845354461,0.14399323337554681,0.2387727022868706,0.1928697061801705,0.5411659743342851,0.2082732149403802,low
0.058375932879122294,0.4516621864263888,0.49750523146417325,0.2967230723546412,0.2894274264574264,0.2852297303081826,low
0.39425712701431787,0.1583621358065098,0.5139029304068828,0.15576296061329795,0.2748900277534049,0.2994211011123001,medium
0.036144389204327464,0.4687341689237061,0.09124302733119656,0.14876479407522294,0.6000253229041563,0.238033361896387,low
0.0,0.0647217837943328,0.5478896068789947,0.7923194353069878,0.23064426243847286,0.2881883242178843,medium
0.17166128313623213,0.07939477650876281,0.48401109305992623,0.1664510105072629,0.6892361833895861,0.2766546338115016,medium
0.0,0.8541169325344039,0.20096293868878248,0.1383195199171091,0.20415100962149324,0.259254382736844,low
0.9980990634313106,0.12202269326433235,0.46784596729861316,0.18135122398124093,0.30325878128407735,0.4757702147659114,medium
0.8277570752767719,0.8811190023838779,0.37564163667937656,0.5027159111633739,0.7951385000567641,0.700711125802903,high
0.1216467252815664,0.49209915166439155,0.40354964046828773,0.24813032174948657,0.30255718825345357,0.2904559365755067,medium
0.23435867253603979,0.47187549835049,0.45551543925059645,0.7483779041020646,0.29110446773575993,0.42635126829927633,medium
0.8223231047442894,0.5405634547960133,0.7845032072952642,0.15168202329297384,0.5997396401085745,0.59278245415166,medium
0.02626147585838963,0.1402957169451865,0.12814341010750746,0.8647269818356738,0.31588893325892375,0.2754878340186536,low
0.9799304778957129,0.10282495966803838,0.15861221232246264,0.19608811110692442,0.26931605117824026,0.4179509970488119,medium
0.7366501363214795,0.18936000676814807,0.37452728751728803,0.08170835106193149,0.2809150814352239,0.37352506780533656,medium
0.7600639436741826,0.07791589396860153,0.8802091045466055,0.22323596437748797,0.34795549619352983,0.4724742448824929,medium
1.0,0.9708537677768576,0.8109916798230722,0.20094496234439516,0.31356816642668406,0.703043722961714,medium
0.04385378334884778,0.5285889552408154,0.49072536426585384,0.49248609155274153,0.23187697673036545,0.32576149551279865,medium
0.024393367519122435,0.0941301407903913,0.2912736300494521,0.09380425514540187,0.3439053851916997,0.14018174172906814,low
0.8225871209746477,0.5356109308588756,0.4483564642354514,0.24308354404390492,0.2514186736828574,0.5074813019606967,medium
1.0,0.16178711195411358,0.1791082511538338,0.26923243223974064,0.2817496638698495,0.45533259609232335,medium
0.0,0.17390205243233892,0.5476354591159138,0.23165578237967926,0.6562416055138254,0.2616931266568645,low
0.1419935373059137,0.4671532804620972,0.4720202855982553,0.19647680254441852,0.298041681835352,0.29083337290811834,medium
0.38126597196496553,0.15560733867866483,0.5252291520318797,0.48949236485543596,0.5804137744831421,0.40924617127356305,medium
0.9500231584202363,0.005089066999620542,0.259026454580505,0.2488680644490947,0.29516642498594287,0.41892730575078113,medium
0.4222964146371942,0.47454044044294214,0.8667082782294991,0.5837125282698217,0.22922516822426336,0.5027295351017753,medium
0.20122608581137216,0.5061481894499114,0.19032945041707863,0.6062321260240309,0.5903032780507582,0.3999387981083756,medium
0.10505936936750654,0.11026540841974819,0.13477436959316447,0.2243069374177727,0.6218918698767846,0.2119322158982485,low
0.6465955406444358,0.15391488939323794,0.16335402259462176,0.2377352642495642,0.27862522752384994,0.33860558043966194,medium
0.17736961003430268,0.47696550394095916,0.46984758600746546,0.756323337234309,0.6704499447165023,0.47091328085393963,medium
0.0,0.6176879375961237,0.5027123872125473,0.85137677338017,0.6752818677189542,0.470512080434984,medium
0.16450307699505823,0.5181201867362932,0.5100659671262655,0.2624981286228348,0.3055850474263668,0.32782223835323787,medium
0.4269731507738962,0.4220472707000385,0.2870968648290062,0.740645768316292,0.690782593279424,0.5073124717516995,medium
0.20385194093936873,0.5594331420238123,0.43026757263069476,0.7815077573547945,0.5236938070386232,0.47243796910792973,medium
0.008190585415622993,0.4894474803477044,0.2106549813363036,0.13504170454797004,0.29597369399026663,0.20334931390280733,low
0.02886329088566014,0.5041074336943726,0.5999311451006345,0.19995851138706972,0.303848403319644,0.2850391085450283,low
0.0,0.05812268539093508,0.537297717728788,0.22291107903093052,0.3071457356423514,0.18287327089004404,low
0.0,0.09023327894701291,0.1798489645425243,0.13949198624415823,0.23348985275834572,0.10794587563336472,low
0.14966878461894612,0.8988373526076175,0.18423706191689598,0.5826174632592156,0.2705108457119274,0.409403784703374,medium
0.0,0.5357514652220524,0.57847382555783,0.1270431568460028,0.6045513696466596,0.31001270369428446,medium
0.38728939680866287,0.8925118495759117,0.21425201728521015,0.10918630555508141,0.34260653112023154,0.40005523232961376,medium
0.014785407901964082,0.9170549727871667,0.877162695520069,0.17677113943733552,0.31068848604236804,0.40137852204985525,medium
0.05803535702238586,0.4572588225269181,0.5920968577084447,0.19573068955606981,0.26781530480244525,0.2769953338999468,low
0.860661874024553,0.14826744862267102,0.7001973952841148,0.18141088247021186,0.6398943189918167,0.5251479855673321,medium
0.12933869884280533,0.5694705436017455,0.2297866133659097,0.5010208294681829,0.34116773156175517,0.33854303600597707,low
0.06405386167516736,0.12937191148534832,0.26258728863743075,0.18628432991544125,0.2772379619671331,0.1633211943733927,low
0.9268573315711117,0.4268147774048735,0.2098259283844665,0.22965476273060018,0.2528696569952754,0.4787554453053895,medium
0.24047568661557311,0.077784266863347,0.12891969152145635,0.15276695049280137,0.21233412991295242,0.16944102267106292,low
0.03631024268512814,0.1207946195943115,0.8987139802887166,0.16965141982019347,0.25246661903115786,0.2416593705864206,low
0.0,0.1242535539466661,0.5041130286382871,0.1708565215536526,0.31183920836909296,0.18141485065117077,low
0.0,0.5410242143240376,0.4741296322705085,0.20358155089485816,0.3095418229970235,0.2664718713339089,low
0.18406042105980933,0.5452193121950957,0.20968699115994302,0.768600490460776,0.6356125792803294,0.44477702241515804,medium
1.0,0.4904669784299204,0.5655762313526074,0.2088398834113698,0.34598388585021167,0.5765953899486809,medium
0.5377363475414862,0.10938031468581676,0.4784696098740364,0.17972506726260937,0.29553426170481867,0.33524256138895936,medium
0.0,0.5132302065278859,0.31434317594990846,0.24861324516705402,0.23337234434245074,0.23452601838284187,low
0.40355022300973586,0.5817920070995191,0.8419417944507602,0.20369085636468548,0.28620476292704355,0.44738362320243225,medium
0.5065876613808005,0.1602821246219681,0.4361885211425384,0.5275378493586889,0.28663424388616066,0.39796370796467634,medium
0.4017169555757475,0.46962519577746964,0.8444421667861234,0.23341724008106418,0.3122591787987222,0.43462877568215785,medium
0.6124271522010586,0.12761594772301993,0.6919045583668036,0.11093965841225549,0.388024187308992,0.39342857873874204,medium
0.0,0.4498972641827338,0.4954186635614677,0.5337809634970496,0.3235406945174234,0.31957954924779036,medium
0.04374987595497014,0.49985115047484374,0.27828560912968514,0.1959272575424436,0.6213212512678153,0.2872216734495736,low
0.7639287956203358,0.08300479317817837,0.29249488322354206,0.20332335271970378,0.6540998736642853,0.42843348139885123,medium
0.0,0.12495599468261415,0.7643814644559939,0.48905230904424146,0.6542721144671837,0.3355996975838478,medium
0.5477787283898254,0.12372012305677685,0.6021178802989408,0.2604881973611414,0.30583455608896243,0.37736814805871677,medium
0.6452175154744986,0.11337563104811238,0.23628431649066156,0.20915027297771827,0.2777725829424526,0.33517897036248284,medium
0.03766914361392661,0.10844894186065282,0.5318184802360681,0.12619083523192087,0.4967679516047239,0.21251666327881152,low
0.8673131164582264,0.1354077717266139,0.14687926043369462,0.7883321514375325,0.6609846821814448,0.5661215109625681,medium
0.0,0.09979871102358706,0.22018734443002663,0.5089849219269349,0.2568802632957563,0.19331686774897183,low
0.01559108592938685,0.14880494914692172,0.7884132937269902,0.23323093854577712,0.35985016176046924,0.25332402164047474,low
0.02298701276808548,0.0,0.2378961667572074,0.23488026486061855,0.3150619111999202,0.1368158684961185,low
0.5846610826830936,0.11912063719751623,0.5310872324989366,0.2385577473047602,0.3955659004699015,0.385931971650709,medium
0.4749514750839416,0.10520778956591445,0.19758268261405557,0.2433848902216918,0.2945683188095756,0.2860266286962484,low
0.900957200530687,0.09697699019382665,0.4742397839481107,0.559162337515997,0.2359891016292494,0.5080493585377749,medium
0.0316460710161773,0.08651408157264823,0.11299568387724113,0.5585792370473461,0.5121896686702061,0.23229028791096917,low
0.7741387029221374,0.16006598825908933,0.5758368842048537,0.21726487552721202,0.369718124370536,0.44954103492020997,medium
0.37000445773184554,0.9547090936427365,0.6089779598245528,0.14758601492219725,0.27091652512762127,0.4634445317753665,medium
0.18267578048579813,0.12492644362175559,0.5043470794822233,0.20969920608198162,0.3611781222464477,0.2515566443457875,low
0.018464479613922277,0.15464235945087668,0.5624040213793304,0.8071695520541401,0.3925301367490225,0.34114184990443297,medium
0.8353141803463303,0.48339269031580956,0.4961799888595895,0.4534704065547719,0.22712495530395987,0.5464626151025477,medium
0.5961671841410029,0.5729133898520855,0.4452551802728957,0.1886658748711835,0.32552637418286745,0.4467832413553191,medium
0.2768136210502574,0.5393092467424522,0.4326578117214647,0.2701907884506441,0.21955445402167267,0.3427759332151671,medium
0.00043081954397433973,0.018791820022806258,0.5243234068210608,0.1836369169639723,0.34365888939932754,0.17081233769360626,low
0.4461017773176948,0.0,0.7030273190114446,0.8344687919681173,0.3269002636276342,0.4552134289847937,medium
0.6499879378640026,0.4456864313679799,0.773463063279308,0.22526515489481724,0.4673192048038769,0.5153040388242379,medium
0.8508803395220867,0.11838944126672529,0.8378439594311808,0.5529225240824458,0.2577094690898317,0.553859509204612,medium
0.002545229616670876,0.38501063818594017,0.46740653999935533,0.4734491794584086,0.3088412000659547,0.2888926934236675,medium
0.6844164254124742,0.4312203631979653,0.5080787369002431,0.7131790749078903,0.7249910241470958,0.6191652794020142,medium
0.02807193363855731,0.4683931553583893,0.42850767083541913,0.2581604288216037,0.5951402817638173,0.30727948981745123,medium
0.29679629054335604,0.20967872191835313,0.25278148214633245,0.2666032016924293,0.5453102842146078,0.3040090368393043,low
0.35026723431628914,0.554284160620983,0.7626347255691643,0.5627207581385294,0.2868156086350156,0.4858987041774162,medium
0.7255426571973015,0.42875646308346427,0.8272402213216161,0.22433009624950345,0.3859210638251135,0.5302543017977934,medium
0.7570031562544962,0.06449959212823471,0.21714926397169904,0.2171765369872822,0.27171543258010006,0.3567658771822221,medium
0.6300023553873779,0.5028291103521171,0.5727694170516541,0.22850493872592037,0.4049417283999539,0.48192418824956207,medium
0.02676656945895794,0.5129937580246213,0.2288385058584793,0.17791810243014497,0.5975263007912526,0.27016706392610046,low
0.6135962664817275,0.054879509201817084,0.5056732954669386,0.1901098558801684,0.7578063165729358,0.4225986947668965,medium
0.022250093444673335,0.12153443731170913,0.822264321983089,0.5061725633644933,0.7403007421997665,0.3666011877960708,medium
0.3241131388962853,0.5086855621379113,0.8590327014158321,0.22484886636763315,0.2666943631355131,0.41279988705269627,medium
0.0,0.5008115468254528,0.9123456525048967,0.1714910334228789,0.6109306531711718,0.36295196190107665,medium
0.0,0.501392704897865,0.49894389513329523,0.2362227191332205,0.3451796780366545,0.27414162078170956,low
0.0030120767767415698,0.5851740712788754,0.4526979814227362,0.851109843902033,0.2301389935718982,0.3905859523183994,medium
0.3558726658208945,0.4242458519552059,0.24563135192886026,0.24573493242684244,0.3046031464562229,0.3232931313804405,medium
0.4253313227430299,0.015251295193850517,0.7737869321464315,0.22326752569109348,0.5914398468868202,0.3800871778548855,medium
0.47364685556004993,0.18695446138070165,0.2229968000239493,0.19792651255728597,0.6275300562843833,0.3466492799018624,medium
0.6506255128655863,0.13490405914604972,0.8351550399082264,0.22458092130877738,0.6406667155291855,0.4884579132662531,medium
0.7527609144820192,0.11004508501818776,0.1856936514156948,0.0896680476374566,0.6201458626865566,0.3866468279910723,medium
0.09068037087952317,0.8363097637852903,0.46559851144338277,0.4564451765644819,0.3863265997358001,0.4135438660106888,medium
0.034066730288442114,0.5541055926933425,0.7861107822753306,0.14926327587552962,0.669013465631608,0.36916242998634785,medium
0.03274222804700127,0.00010387663328748076,0.826761803682152,0.16898108440620166,0.3018361022429112,0.21292934651075765,low
0.035972692670449564,0.934666312273137,0.47348131178652986,0.24886146051995348,0.2884463646692231,0.3617865138281159,medium
0.004842561171477917,0.5080681724588965,0.8028844289243122,0.1669154957599752,0.670740655587437,0.3574932646719801,medium
0.5379734830978643,0.10329644216564353,0.24348748199682793,0.24518989238011812,0.2686189989135647,0.3079052839750705,medium
0.34141840487393693,0.04723486766541562,0.5441339644689177,0.165613100003608,0.6520862951657865,0.3244281539411914,medium
0.05225841924247903,0.5820785535034362,0.7261548554293695,0.21957672293871847,0.32298348105547137,0.33337933153390076,medium
0.0,0.07782789920522602,0.2339549452406422,0.6011548073362053,0.2808402461913414,0.2130158200230838,low
0.2098238966521087,0.04850414254905894,0.42772863986688475,0.16202856712819538,0.24036166710728635,0.20526725697720913,low
0.0,0.10140672783637737,0.1805118449473319,0.17945164786544238,0.36934506511943593,0.13865021165037913,low
0.0,0.050626747663219056,0.17532169242737997,0.4894377692369468,0.32591826934630047,0.18319889764608524,low
0.22283893740047028,0.8091008077333547,0.6935860641516025,0.8187822776325795,0.21688398477494106,0.5289988056323094,medium
0.19939132918634814,0.08010132002663384,0.5614871194807585,0.1568983227970288,0.5210931395953582,0.26960436618205447,low
0.0,0.1741499570578312,0.18605988768597512,0.17693110787297472,0.33184164699915314,0.14790144318893042,low
0.04365481236676171,0.08157252611114556,0.19216497562544632,0.5089662969972777,0.3355736679264904,0.21036500486450369,low
0.03603097014823767,0.1281391952198364,0.4504049853704527,0.2066294283334798,0.23397045447059972,0.1804193317312924,low
0.08192061789219873,0.15396730739939363,0.2409743659681092,0.20687704776807486,0.6708303505502802,0.23351576387891174,low
0.004580110906025818,0.08008071590414162,0.7110691521618119,0.20122006602209733,0.3105074946938172,0.2108706866853999,low
0.4401445988354266,0.12054303913933594,0.21015349418761498,0.3228122698546682,0.2542732178803476,0.29037844825962317,low
0.82488787589901,0.07584261538633219,0.5538518268961855,0.15956883246867112,0.293026553217731,0.4215804093577912,medium
0.715272797501805,0.5029738618599776,0.5574676888117287,0.2020049140653794,0.23117551921522872,0.4738740756396565,medium
0.25104184064385376,0.023772236706380234,0.27152345350953044,0.5638660196775546,0.23190594324807284,0.26835461298358354,low
0.44580916357496103,0.4422275843974425,0.9202790116926558,0.484690273953072,0.4039245530037392,0.5177568554470505,medium
0.0,0.4618635542932194,0.5065993465654843,0.1817816196173478,0.2268845626666875,0.2387516211669392,low
0.6097165208062,0.12389760781736973,0.8138367261514745,0.5071645381529715,0.31491652655049224,0.4784403733412233,medium
0.0,0.4377405489903768,0.43672896357528135,0.45927587970934414,0.6725766275951146,0.3457991244155036,medium
0.048805830947264366,0.47506367473839367,0.428540615086425,0.7985398600587873,0.6088883831651839,0.4249768059813569,medium
0.4344446406111416,0.16188471751745026,0.14332229580139616,0.18063976742967242,0.24646530613631246,0.2573064294634233,low
0.0,0.5145005086573298,0.2031360574666194,0.1922620576768393,0.22959972554806174,0.20626288071903598,low
0.3422127453985783,0.07489438794851112,0.18308143975665742,0.4806148957249259,0.2984739499294813,0.2859989888071817,medium
0.3526670920934963,0.06178899258462809,0.1700336131534027,0.17961894734010309,0.3037875386399083,0.22515488838199177,low
0.202192115997576,0.04419278149074321,0.4929688794954943,0.09833376703260377,0.3776988403436901,0.21976310247981984,low
0.03309942765391998,0.4100888945288378,0.7029512070827751,0.3261456790536582,0.3368606700456711,0.3131485245819421,medium
0.8640209211462229,0.435155539609474,0.5551724188972258,0.2379915789829367,0.2878195684282686,0.5202844981611732,medium
0.44297463464298525,0.9203114237320346,0.5168893094597881,0.4507048787592489,0.6003867903048015,0.5746870658558408,medium
0.0,0.5366234819500604,0.5454163876527645,0.8585494855757257,0.3436254983670555,0.4123908764081302,medium
0.6133070300175744,0.1324086013800987,0.5667137487047765,0.2398898038543517,0.3119648453381113,0.3902535791585956,medium
0.2061200062916386,0.5190135674606872,0.8071136918013329,0.20222984627178472,0.33592454734626226,0.37754042050612524,medium
0.22895708418350874,0.09663051522365664,0.23065547485909466,0.8692847214317322,0.31602384323070415,0.34387207029960026,medium
0.7729303339078293,0.11777039574561068,0.2021570651366918,0.8355831023248049,0.24863172716626689,0.4901681186318757,medium
0.2098905542566792,0.08837889541647219,0.17519306956579986,0.18319671550517708,0.3207097098367288,0.1916677053717129,low
0.0,0.9460485800000801,0.40804049717141394,0.14617967081359182,0.306853244304755,0.32567971138415974,medium
0.0,0.46681683972969373,0.1946719422071935,0.4506591654939691,0.2842623451904825,0.25533534415438397,low
0.00013684901164976511,0.5289260098624544,0.5737587247438426,0.2133112544419686,0.631720835309076,0.3293104415723173,medium
1.0,0.5153855455507977,0.2683778345940752,0.21908541640885026,0.6386037538269917,0.5829414306550896,medium
0.04372912354647945,0.5645704878104999,0.28251365573127474,0.41331993547775703,0.3248033124094931,0.2997943669427104,low
0.3833681047182381,0.5044818364402955,0.5092847322591634,0.4792105358583319,0.5773188876446702,0.474739448860772,medium
0.28322679563225456,1.0,0.16508084681370228,0.5265746277643705,0.26611866732778255,0.45496289136377316,medium
0.0,0.1213553759930219,0.16752201238975203,0.2752779096659478,0.6110334511652965,0.19610997666505123,low
0.0,0.1206784661807154,0.5640087288476683,0.4255925095806299,0.32335701785450155,0.24235905715759454,low
1.0,0.06779592890852831,0.4881046127894072,0.19849154293134144,0.5791812300689452,0.5133503707967269,medium
0.969936242305135,0.09791607069958475,0.2638702372522703,0.31535044749272956,0.5282636159157487,0.4924542543052062,medium
0.4024609189710438,0.5196722925665475,0.7034446592504355,0.7627306328271909,0.34914067753451405,0.5351066612878033,medium
0.20871032746404816,0.05070518339846497,0.7363467925316876,0.4847595368590478,0.7383162529493298,0.39090549911286965,medium
0.0,0.04624058540625684,0.46375821173946535,0.07517177292089805,0.7728817157043835,0.2097784607820083,low
0.0,0.9091990433779475,0.32707168921454954,0.17669402748296448,0.7628714423819488,0.38067008391165713,medium
0.5703124845931524,0.13889599715497267,0.845461072774126,0.232207064449114,0.6036388297785267,0.4626793430816609,medium
0.0,0.47044002746894237,0.17661446450485452,0.16109421823739808,0.3213193204042149,0.20099691687762852,low
0.1502686086866127,0.44960357218779445,0.4648009693735226,0.15577808154665282,0.6985634357709695,0.34066157412454706,medium
0.0,0.8147093826771569,0.5280418552599052,0.1749311985554499,0.3979453953132729,0.33682620383249806,medium
0.43559714624761814,0.1169304321021574,0.28527602272997954,0.24247936518325597,0.2662096785522611,0.28528395852370425,low
0.24415009666964413,0.5533312228985071,0.4342842348088212,0.21210523924732763,0.2572314633650739,0.3300596761561445,medium
0.0,0.5200146766450285,0.8733206587321065,0.5058328159705903,0.6591752324337349,0.43504388219799994,medium
0.0,0.07033915934582863,0.4719730946423968,0.17250535530809336,0.28102951923132563,0.16151929501184276,low
0.0,0.13949264899395622,0.11834203105565672,0.15535768773043512,0.2925001599003699,0.12059639598828228,low
0.922442498769778,0.19608131574440338,0.5317310788063001,0.24206027214160103,0.3616057309950207,0.4983615886783324,medium
0.0,0.5682965237628507,0.3093812704707807,0.21097899265955752,0.3332698846640231,0.25225277655470224,low
0.0,0.5540797596584703,0.4675985722647351,0.2544339091476914,0.3056933746704576,0.2776965258015112,low
0.060155610566852064,0.10216882275142158,0.7745518217472512,0.2250566655033411,0.3568202252775341,0.25319758787472596,low
0.13389570388383215,0.4590524559271382,0.8157512571817856,0.7981466400308261,0.6585013225248537,0.5127464173127385,medium
0.22274431382116316,0.1458059558636584,0.8771999958630863,0.4346188019488397,0.3923179671653359,0.3733359401631119,medium
0.0503264205275491,0.0762993481268076,0.8320374316985364,0.4719502794945297,0.5348166336427762,0.3297759614837291,medium
0.0,0.5163296637626228,0.47435248748868236,0.2084776186579624,0.28155210240679357,0.25834714496843847,low
0.6494072427769846,0.5400256898273668,0.6803161373974833,0.24442820335383172,0.2957729385477088,0.49812631286111386,medium
0.0,0.16434851702126946,0.47622918359402144,0.23814355103502088,0.31133841926613565,0.19863355404028163,low
0.4743597384508843,0.4959635320339817,0.8308166743690102,0.2319287968611287,0.5290855753189762,0.49187172476748525,medium
0.1530724740890682,0.06335997857653766,0.7563753647505289,0.7947410279025271,0.28777215997612204,0.3741640722315311,medium
0.792727621533264,0.18034091858142093,0.21417866972881353,0.24227540551908036,0.2969816939457968,0.39901560583127105,medium
0.06619076755200205,0.5712355445293791,0.5691339565056875,0.2608785741592268,0.2771013904856736,0.313215356052026,low
0.2314321610549565,0.1645368713899893,0.2572039920142848,0.11932030724771081,0.3764152885675287,0.22124397613129898,low
0.8036785548353724,0.524123126763144,0.7798031398513068,0.48004084502849353,0.26740431480861065,0.5990174790079268,medium
0.07228234344925046,0.46874926613388734,0.3399111284772029,0.7883971064822376,0.6309774655462488,0.41874726666151785,medium
0.0,0.12991521615128754,0.48777263591357234,0.15680435489351852,0.21518561136642272,0.16278765130096046,low
0.5671022879115747,0.41658293683805064,0.876334549634873,0.2501920979265728,0.6883514332523815,0.5381885907594853,medium
0.8643440816291771,0.11515250087480072,0.17476515265043274,0.5136406834958053,0.6599525197378999,0.5102695122211243,medium
0.3569418914568732,0.3769213307435092,0.5552383583020609,0.475817276195754,0.665991375229906,0.4608147488547097,medium
0.01426895963931712,1.0,0.535775773576682,0.205657827312147,0.30827904142105755,0.3720204756038855,medium
0.7601368534733401,0.05266848742702559,0.1834066795928721,0.15511661041424923,0.4067427573343466,0.3581204911493398,medium
0.00727439479357932,0.12933251051142083,0.8505385924975115,0.4386454731686501,0.28405554720915616,0.2859670361300881,low
0.4543070893617071,0.08432331590809451,0.23790016169658734,0.2196167470169535,0.5536637701296422,0.3158147291674562,medium
0.21670901748483498,0.46809493223608994,0.2993984169721038,0.25135341357651186,0.6496726232176391,0.3512630304364323,medium
0.0,0.9294215189361449,0.381390238909455,0.1673182630668641,0.30808762200791795,0.32276963553820776,medium
0.0,0.4506401010524177,0.22491679556633937,0.24679611890599143,0.7316543064898846,0.2829729093001154,low
0.0,0.8808195359461669,0.6248487424529319,0.1235074286111646,0.28780687650685655,0.33776373575543456,medium
0.1655069047976475,0.11464105532307992,0.5083238681502512,0.23940263561478783,0.38262872191970954,0.2541036981373619,low
0.03418831676219685,0.41144683507316815,0.1977355624249151,0.46137953433654877,0.2506488533526194,0.2520794312772326,low
0.025526454330210738,0.9220919664350655,0.8039695227196255,0.13051794916185133,0.702846233513785,0.44420228285345814,medium
0.36586511664560323,0.1703855303061405,0.5086432953703495,0.7665137815264124,0.2998562404585366,0.41841432773452447,medium
0.024254507362502634,0.03578547993379576,0.16383694474198066,0.8084975641430756,0.2829771411384716,0.24315507390619293,low
0.03348271002372787,0.09511926984178143,0.5156518080180035,0.17735305587041475,0.7471158835699968,0.2539544318877576,low
0.054972717304201724,0.04420467664693243,0.5561826609213556,0.2009848132077083,0.2943408702372389,0.19310824283597783,low
0.3300727749561925,0.8821874613101314,0.7288033053150921,0.15303943113324497,0.2409094733255725,0.4515241277716327,medium
0.09697584672737924,0.1543585266517963,0.6104650109663484,0.19382899562842343,0.2782299049837528,0.2320344958667729,low
0.6274766510791442,0.9330493452369923,0.13396667907881699,0.20618147207273152,0.18656860718208504,0.4641694517248233,medium
0.011115942343448725,0.07596466817000058,0.4093850973994444,0.49900202284405354,0.2982028835357418,0.22446631804612335,low
0.41227578922356534,0.13557552796492184,0.46894340681596935,0.7645363996200261,0.3527546100757991,0.4269598248178244,medium
0.2054511294257549,0.07515650185354442,0.15795532961358305,0.14637505971140022,0.6554355014343215,0.22795027579790111,low
0.08966173792657993,0.7560215546404764,0.11297342166325572,0.4669323954995673,0.29552416465877146,0.33276394935428677,medium
0.0,0.5389037393549406,0.1366773375145916,0.5476225284414955,0.281432336992233,0.28002170473531096,low
0.24383610921204005,0.060052754637833786,0.2604575730161267,0.5040062041186575,0.3001028520710583,0.270046688277988,low
0.8539640414396839,0.0484379860546296,0.5025411835161143,0.24754534154892535,0.29904841216365513,0.4356243173045815,medium
0.7969973109616871,0.8816148598695863,0.8272431378126748,0.17137878819177582,0.644629341373376,0.6704787947786862,medium
1.0,0.49829792403779594,0.19360509266221967,0.449365006135102,0.26277312823111165,0.5579893191685793,medium
0.15008043981467095,0.08372638163916409,0.21450265596852008,0.11067316433146576,0.31466931518792046,0.16327983681199332,low
0.20901381489173435,0.07269757025181464,0.2626951789913202,0.46204526272103913,0.832210339573919,0.3338885388468769,medium
1.0,0.4450506046230768,0.14687795208457813,0.18220588774660898,0.29280944544056886,0.49140440810270924,medium
0.3700833877473636,0.041100295986728465,0.5415553852276671,0.21541884301431985,0.2657595453139252,0.2834260837056576,medium
0.8288831565512522,0.1946219833715436,0.17312189518412946,0.2152455238239223,0.26643937653911043,0.3965726391629548,medium
1.0,0.9094328986378478,0.5096233418947104,0.46443405410854954,0.28241533948023384,0.693579192755521,high
0.7665210467868996,0.05293347767329266,0.7587361356592227,0.19676677604177012,0.6640720634577209,0.49331759464662395,medium
0.023582168882798342,0.9027974307144456,0.2328045559524369,0.17108668452354142,0.28118122740828416,0.29894934121654504,low
0.05973021714462347,0.4875192294270615,0.7691219573388578,0.16614304479982908,0.23644723152193559,0.29948689831788416,medium
0.35964238234334633,0.41552785631741734,0.5573397856669449,0.24342189317607366,0.2919791459645587,0.36708050434642764,medium
0.6873390265858763,0.06866236944414758,0.8599748735694509,0.4708390919843466,0.24621412640363047,0.4800303502574239,medium
0.05375353188846154,0.019338190825509652,0.5263343431624868,0.2589343284657187,0.34495093165210783,0.20247335464697333,low
0.1325387868169497,0.5924493735969557,0.21583638039002237,0.4372457457882702,0.3004323588999786,0.32314097081563026,medium
0.32371420525373046,0.05200219332301833,0.30752835312744303,0.2128280718196447,0.24580934445026112,0.23308096924130736,low
0.0,0.029846417564811017,0.5266631202916989,0.5853113465024616,0.2873114351249003,0.2451277361259444,low
0.019205161447638605,0.08080194926830156,0.7732387032130315,0.14324676232391922,0.3285449493767412,0.21583883864120162,low
0.04685424538882765,0.06978745163558243,0.7980292172866017,0.05838609621305976,0.3492284766028384,0.21177963726979274,low
0.0,0.49306648325146657,0.17237092953231142,0.47761311160520664,0.2911789521333597,0.26366840122118534,low
0.0057263684511545615,1.0,0.24229568954343877,0.8343069115804855,0.33665493439904487,0.455421886442816,medium
0.16588287635259388,0.03423111163006179,0.19563111765944535,0.5610031521714562,0.2653457102470548,0.23795823985205677,low
0.6207458350552962,0.14642452020681085,0.8422308821102392,0.15249344323596822,0.3235689785601673,0.4208773223057057,medium
0.8889340191176105,0.10526686683055143,0.7371863463439859,0.20362287242928986,0.5640646810898436,0.5236458077023258,medium
0.0,0.08521801729799613,0.528298712017751,0.818069289660459,0.3284994203429443,0.30917718124579535,medium
0.039561494676747785,0.9210001094277499,0.4227766290238381,0.25708258133128215,0.21721807500322013,0.3434841921588895,medium
0.0272151021359349,0.5617697766921377,0.5145152268872105,0.2618355313679209,0.2892729704763646,0.2934538218573285,low
0.7612921425878851,0.4751415716961172,0.14656273358963579,0.2334656062521666,0.21652865030853025,0.4245727859507472,medium
0.04659430364212,0.04465214574808495,0.13545988795996955,0.2137261776982595,0.7350470904731219,0.1962300025468686,low
0.0,0.5637937478610678,0.4699115183114512,0.5205828207747663,0.6249199962689159,0.3811000409142219,medium
0.035735586978031635,0.5003855849059181,0.5356459160795073,0.25055515247881877,0.24016509154653648,0.2772804747142635,low
0.04950675983759204,0.4901458271729975,0.791861834100095,0.27952757086840474,0.3741711243799452,0.3436916513315641,medium
1.0,0.10061538164734163,0.1475238621021979,0.5124984788622204,0.2793103191507737,0.48664789928985813,medium
1.0,0.07805086093323983,0.5399091233760274,0.5076503355296251,0.3421844615033798,0.5494542770244841,medium
0.17952564633392287,0.5276333390946963,0.5508399870471203,0.2190072323595714,0.32445757950375403,0.33448044317366155,medium
0.0,0.4933992086964801,0.5312515370899785,0.5072513116086976,0.3527487260301684,0.3327301435290576,medium
0.0009964857493919138,0.44369771797402696,0.5004816286444973,0.1725120431464175,0.32729153648704834,0.24770687271863834,low
0.17163340907068167,0.5289419687961765,0.233160698076387,0.7614400188495685,0.32793446561556744,0.39373069480414663,medium
0.0,0.9314304135995404,0.5129110319004447,0.10164646667486976,0.6196894196309455,0.3765054437845906,medium
0.40907096852226227,0.020332283830354583,0.8039129946311214,0.2162070583175967,0.34702136760099334,0.34266931332108613,medium
0.5367057924718037,0.5124889576286367,0.2233232029053307,0.11177218100560886,0.36353272285603505,0.3738923543325951,medium
0.7569594136305643,0.14777140667247335,0.49050639157725073,0.8003112996798467,0.6673253141300137,0.590379121215723,medium
0.014152540009192941,0.4005229182939056,0.4476904991640602,0.5501824096434512,0.3184262435250202,0.30930433899359133,medium
1.0,0.5002290423914305,0.8153134970283727,0.20729510201414447,0.26741641796638516,0.6039143161303286,medium
0.0,0.024161041615737483,0.46983540189638934,0.17265266299053877,0.3624372892908204,0.16420364459933673,low
0.5830315429937888,0.06388052519796332,0.19904539184504924,0.169679154067904,0.2541044490621269,0.2895938748873865,medium
0.2417176213877127,0.16226640928909652,0.23203645491201683,0.3225073388832021,0.23606906790878188,0.23968586447389334,low
0.36488182588983525,0.02511449125152236,0.2580820217271863,0.47675682593137714,0.3608704842589568,0.30268168710145194,medium
0.0,0.0,0.23967961130128818,0.15225426178076878,0.2716770793197049,0.10715435594930273,low
0.08539123094967399,0.8258678518739593,0.4855746623339535,0.5459177863187147,0.29320986464608023,0.41679217597044205,medium
0.20439564964296186,0.03401764736773007,0.18079241246774908,0.16483762847182798,0.281800355063451,0.1704786651904802,low
0.05550528509778994,0.10228572385257016,0.19567779720021727,0.2244518668302758,0.7933960716622539,0.23036018399527683,low
0.4503818597142495,0.4389682564033186,0.47256364411938667,0.2111982721775265,0.607288593323095,0.42712569924681615,medium
0.0,0.43149132332885126,0.7581208080578716,0.2173816140655165,0.6129855381543501,0.3354405394107068,medium
0.8184035241491814,0.45703932174782425,0.8052571343514766,0.2159901512421801,0.37615996408834085,0.5573395166087278,medium
0.14084868867465652,0.5500764037733472,0.7640456926502716,0.22283924016101064,0.30523555266144237,0.3572299221860257,medium
0.7760995680251984,0.08408921605417662,0.4711752664887393,0.22102141738055453,0.3448826542926643,0.4162606852117162,medium
0.0,0.5246661237487285,0.8374054570578806,0.17497450837720713,0.29469373640954477,0.3097430054453009,medium
0.9876591390975195,0.527864169826294,0.5289787004403849,0.8311214375272815,0.3634513994451374,0.7019593781827993,medium
0.03231986800014291,0.13227216440381148,0.1901985425834208,0.21393268113540095,0.2482779524549324,0.14470840376363833,low
0.33947687585063074,0.09916026402656654,0.8402900050006048,0.23585931778502034,0.6132954034674489,0.3868847903877146,medium
0.0,0.8722919199575384,0.2021883089944768,0.19512230285792123,0.24198914338447852,0.2801094624199353,low
0.37511591767559027,0.09918523157553187,0.24079750947991277,0.27995207840084035,0.6368081812575094,0.3200030909085648,medium
0.01674112062412192,0.9070803720640944,0.0722214690769982,0.21403341246339533,0.3059985278334627,0.2859780926293037,low
0.0,0.045639740652372945,0.1840218317178833,0.10057958381436122,0.4146942201598662,0.11905127267500926,low
0.04835943233182247,0.06679114072556493,0.4803407557192933,0.10402624376512035,0.3272774082207591,0.16981403118869165,low
0.18785670122701506,0.0733303110469307,0.5135404334920535,0.45328210550647774,0.3728761718546876,0.29464198448079737,medium
0.28197286877410915,0.12020011196428504,0.5310319230610465,0.1812909588380607,0.6082565032674986,0.3157833387419836,low
0.9571681629422163,0.2018091492330355,0.34547685763126645,0.20385496117075322,0.31724243488798626,0.46769116484131057,medium
0.020929842727901576,0.530623769891675,0.10878594681712035,0.27380464125890214,0.18095148511039855,0.21062524983761371,low
0.8086990222391454,0.12202661744719698,0.7290734770570642,0.2489440501895943,0.32296487754639297,0.47460959338962044,medium
0.24307884927045192,0.9061489170401886,0.17952999746263407,0.19191141432754838,0.5483839386556686,0.4017228114724284,medium
0.0,0.03131118608958476,0.16665016710345393,0.19252316515044776,0.33747393790007063,0.12038548599853519,low
0.0,0.14617989359790198,0.21386736380271634,0.5645865195051485,0.26158983410992315,0.21347186230750603,low
0.0,0.14773419146454464,0.5506282262963547,0.09735477451377084,0.3000199369697576,0.17661501768557994,low
0.22997121820584504,0.48405235270316305,0.2665258519856893,0.25847611114309166,0.3650237705139369,0.3122295016059484,low
0.39227809342451525,0.5694507169574319,0.8100105187326964,0.2558622580061012,0.27233467876006356,0.4450978026439752,medium
0.002234604767260871,0.09490987918599972,0.4207877765977149,0.2125107959238493,0.554705819682159,0.20847855589412917,low
0.0,0.8634278021215147,0.23723888907732138,0.8383197009642831,0.37970328428731936,0.4328908266218557,medium
0.5854934137675258,0.5170141605299898,0.5348947237809079,0.08995152253154266,0.32987493871045726,0.4267566101162689,medium
0.0,0.09871317134139303,0.16624599570130538,0.15867697090889774,0.29915715224870254,0.12128850064255935,low
0.45099759035191267,0.8975154284455724,0.37112506500675624,0.22025106314792803,0.6879031582999809,0.5177068089202844,medium
0.009306083388985299,0.1074252711155113,0.43642521511600624,0.43723882133516767,0.5259697700713528,0.25608389128493525,low
0.7718810129782515,0.8581068305733954,0.45863500846819477,0.26852008293618146,0.3044615074325568,0.5713541639805036,medium
0.2048069687203054,0.5040051538484531,0.4349616270617187,0.16739404380431996,0.35710753254211536,0.3145323040872214,medium
0.0,0.16609196430375323,0.49311117249941055,0.5628988984386764,0.3148071324140183,0.2669859182855002,low
0.6188375818431476,0.3875913860074033,0.8268493362063863,0.8404777888382178,0.3155756287076801,0.6026288542591783,medium
0.9806575111046171,0.06620016212166263,0.18153346830187617,0.21253714771126442,0.3045532507818586,0.4228577231605308,medium
0.024952381720582,0.17529063553551338,0.18744934324245763,0.8269817809996488,0.3701604088009408,0.2915816606297168,low
0.0,0.06428731387426456,0.2449113111492745,0.13561067271204758,0.21056801933186398,0.10830149688943319,low
0.0,0.10477016454518848,0.13026305687200906,0.1177130773848653,0.5535110204069702,0.14706275997785764,low
0.0,0.5303991053044874,0.47506752629139504,0.22787801939873273,0.2857639518376185,0.26578014665999605,low
1.0,0.06521695153083842,0.2226538061891734,0.20089402602860112,0.3417187276045764,0.4378780755809504,medium
0.3200782115929588,0.06530176907652568,0.799318607030836,0.14803109480666238,0.29581229815866333,0.30295967203295016,medium
0.030651068951157275,0.5188113321074219,0.19166515940076273,0.21945411828456218,0.27971693847433515,0.22755572544500868,low
0.4165652388362767,0.04709981210528483,0.6055985526357454,0.18885691828630144,0.3712346711348017,0.31868590129478236,medium
0.6349457361546628,0.4540222917033889,0.5105067733590563,0.21483501269428215,0.28803773883440636,0.44403685855495245,medium
0.0,0.1338680687797016,0.27602438758632936,0.23584798191021678,0.2547177963633725,0.15355453773043895,low
0.16915690754228924,0.4928272244052967,0.15910948675847014,0.509867439572816,0.593284940221549,0.3641451691053122,medium
0.006909349825717709,0.06994788442716089,0.19513785704815534,0.24032599802035404,0.37247411791332175,0.14926937768143986,low
0.16780057291694087,0.15219390061659346,0.5130970519190641,0.18903774955495303,0.2732011757017674,0.23653123605251627,low
0.6346162207410673,0.14826263188414363,0.8002642137176419,0.2682014576069838,0.33277378622516446,0.4436333841119666,medium
0.1313964546790362,0.9743661897052504,0.47160946968266765,0.1559389661222618,0.4006226995647112,0.3963147929563201,medium
0.0,0.016092815060459426,0.40859035714954994,0.14744710891097668,0.6513373637505291,0.19169714292929907,low
0.04258264712023406,0.5253800625914011,0.5469930582683074,0.2029713182147741,0.6575111303947624,0.33912069859676575,medium
0.014560576538963466,0.44078791686981644,0.5418622719081,0.5521379876559603,0.3899319828125285,0.34272249207493866,medium
0.37832338858639936,0.9208454559343465,0.7685257177380383,0.2862869355517087,0.6848803136378763,0.5729343995795181,medium
0.0,0.09865590028441808,0.7933715169044006,0.39731850881844966,0.27529577657987686,0.2594949758432152,low
0.17178759087929713,0.13144403589772394,0.813924062451514,0.2490463878270145,0.7022240618596498,0.3550565806554114,medium
0.14911692831399087,0.1526691659393638,0.2805872970813783,0.8082256779915259,0.3389740604788712,0.3298482509144126,medium
0.007174096654192389,0.5262056799478767,0.542934889704869,0.12210212564161882,0.3106718691769078,0.25985480394642335,low
0.599451277921249,0.48500363615110437,0.16898919049557834,0.2458567050642834,0.3144904819463627,0.3985294024857434,medium
0.04028469738894454,0.5468990847511545,0.8221340643207534,0.22489556066834576,0.6076928199385438,0.380918370939478,medium
0.40480123602626344,0.4722358081471349,0.15900346546908628,0.3020941666652629,0.30281596988037784,0.3455792810727782,medium
0.03085010647991579,0.0953741350977552,0.48536992760756376,0.8389401183689416,0.26564280993583644,0.30876979326882414,medium
0.540788999692346,0.5131322199834043,0.7738321616699952,0.17928036985626333,0.63724284268685,0.5123804685291641,medium
0.04598779013464541,0.11301139192963794,0.28126427438440255,0.19825549166010037,0.2999213792692942,0.16322756180639578,low
0.03238625111267049,0.9116218160212228,0.18500353189486726,0.7625646987329255,0.5238954059692673,0.450888018964251,medium
0.20568697938423425,0.5150090112012451,0.43677802856087183,0.21686489170868417,0.49773213845371467,0.3482573994494441,medium
0.9190956411371718,0.02848454756012163,0.13041815903118897,0.5032524176577944,0.29253459237148083,0.44551899809513523,medium
0.019500500100470452,0.20719339548925278,0.19451578758315888,0.3068249111488643,0.3221287987173577,0.18615049930284203,low
0.15725718590096638,0.5033641486624374,0.5214487070382561,0.1546882962468834,0.27166414586090004,0.2977545726870275,medium
0.0,0.15835251087902874,0.53131230085204,0.17504077043016683,0.2610692614162708,0.18553589060208572,low
0.01596904970525957,0.11616920446393145,0.5069382176854188,0.21209147705505377,0.3688079343955242,0.20180477402751637,low
0.1933816248782788,0.08405577288007168,0.4749322099750145,0.49438114878764045,0.2424157522536009,0.28130406613131836,medium
0.0,0.8978760111240232,0.20484399022424865,0.18596956722396707,0.3279017885471285,0.2966809824853046,low
0.6060659199387582,0.07138275789621203,0.11631842195769049,0.4084784300325386,0.2599093801918563,0.3342261838898096,medium
0.13218856791710107,0.06852994644068534,0.28227988429393686,0.1693129337219244,0.3120166302832321,0.17636962359422761,low
0.005446323370747189,0.12786169440099235,0.27235623282448557,0.13307079076269765,0.34814983300584174,0.14689630391851125,low
0.1606966145176946,0.14241046783782121,0.7923746817941055,0.15048686423087343,0.3356773275092293,0.27599625216454754,low
0.28614759578894466,0.5509495499788347,0.16770458825747414,0.19463722902189548,0.2875493141646045,0.3032497199001412,low
0.7483058259442124,0.1324288661780592,0.5507005489745921,0.495191042912663,0.2074241588321938,0.463734435772426,medium
0.9953810041176937,0.07701355381410166,0.513060244969111,0.8115745329906522,0.2858600831966034,0.5961699678211161,medium
0.010935166010072906,0.43557149908715487,0.21983113491516038,0.2411254085039387,0.28742602151874685,0.21470850478632666,low
0.7685823514272724,0.8779278835361458,0.2149591357647535,0.14222376023398808,0.33055889798447946,0.5164327392445935,medium
0.01319510878906528,0.8756796159182624,0.8577758162886565,0.14178241000993522,0.2724198588570505,0.37698028909421516,medium
0.41826663764088046,0.9449219348981457,0.20537073973440156,0.4415217189586177,0.37173307622167434,0.4893342944570282,medium
0.38540580172367556,0.4738057707904713,0.1756783346042861,0.4864749858029437,0.23587100376527087,0.3694102925912192,medium
0.7771422256149856,0.13387355240277032,0.4527139481347491,0.22169487134999102,0.5515198317946681,0.45489141942446054,medium
0.02632609536237463,0.10319489669322778,0.4781187612990122,0.45260215303846085,0.35862818956611164,0.24456928118481872,low
0.2264858109878564,0.12397309763652975,0.2054729765221671,0.18313067909166172,0.31787069473786284,0.2078680493309997,low
0.5894263040141464,0.09929145558162718,0.5860786332936716,0.1368789104299108,0.2238627455884179,0.3455531712388649,medium
0.0,0.09806393204112918,0.1988770512921493,0.24575917448809423,0.6194943928476808,0.19152033792681922,low
0.0,0.20232873837103618,0.16625729019043753,0.20669047048119107,0.3204858555203326,0.15481531362706097,low
0.0,0.42526612204150815,0.84393068573967,0.21660736520500293,0.8028510289344389,0.3753919546504186,medium
0.3274296703310834,0.1591794857363775,0.2159784006194884,0.39464988687752317,0.7594580026009343,0.35531023610516854,medium
0.08957443626900297,0.4527469282930542,0.49461470402283797,0.8109813275098348,0.5634280552124804,0.43832439592657646,medium
0.581770305869308,0.11208676815052887,0.20283963679171163,0.0892172064594855,0.2977444635759972,0.28987950173795163,medium
0.6311759881685347,0.40063932616598863,0.194418874804527,0.11517894289020279,0.7296057671082504,0.43112014654871533,medium
0.23682527057687966,0.45250507139125623,0.8083569257997854,0.4948663370997054,0.6495699391713788,0.47921089261693084,medium
0.0,0.4301823369625871,0.28092930557703555,0.1922147843833378,0.25369249674729544,0.20467269461783466,low
0.28835048594449963,0.4829838361460822,0.5919180231882032,0.7968092921676065,0.401907631923171,0.4915376197127938,medium
0.0,0.9182064719246528,0.7599837917311303,0.8440236857057297,0.3503276919114632,0.5189927540724655,medium
0.0,0.4373347439057008,0.18584081500422117,0.165831364980157,0.29783880102564564,0.1931851641816516,low
0.45712588161874257,0.08100887639281815,0.7768943365570021,0.21781662822159997,0.5594275282489987,0.39735114512940645,medium
0.30105414579823214,0.014868783983749162,0.44607890493976143,0.06714804315969786,0.6104414880918171,0.2651976681228958,low
0.10165775877384363,0.125380651070794,0.5412617899708193,0.24816939733880172,0.25623382027312747,0.22483167885066424,low
0.0,0.09765081228491675,0.6929881172503629,0.1221740317428624,0.6058943350536352,0.23879733665115555,low
0.02881729681117089,0.144611324831788,0.2123463479416216,0.1872260152729202,0.29544512237313053,0.15118137761150574,low
0.03764818798153621,0.4237255013458264,0.2473891846833931,0.8019079706568557,0.2646515710039265,0.3332272641480952,medium
0.9066325854486342,0.5099358279004331,0.5165314698948514,0.19806212332573894,0.31722932673656173,0.5386534853745367,medium
0.40763597238246474,0.3958063005746522,0.22351042372740768,0.21933054327778853,0.24504698495724303,0.31560177178792514,medium
0.22646309069125026,0.17816383223774068,0.19300531415474073,0.18002246596360694,0.31330641394825537,0.21552294606309402,low
0.1663377465851499,0.5134935304553209,0.42159730530807343,0.23941314990325022,0.2776215097467402,0.3053654823054812,medium
0.41071294629880767,0.0935638749006036,0.8599552520227988,0.1463973607043642,0.2799359663016623,0.3421898137593051,medium
0.19886689171655647,0.11409700021876949,0.44721249719495115,0.1822384718398059,0.5388127604002496,0.2668309505659622,low
0.4043868473008004,0.1318298808003818,0.7650871348081861,0.1903165846477041,0.38040163541419064,0.35756866281321376,medium
0.635798956048845,0.9120308054278039,0.4800167269351749,0.4217616926575651,0.3432220431374547,0.5809840019426217,medium
0.0030824063604522286,0.5712225261083429,0.6607128456165531,0.16974982279524303,0.2771151225370285,0.2897933869118901,medium
0.5416414640552485,0.5731898655801769,0.8520376722129334,0.14381218839764998,0.3199594371053034,0.4816924164098755,medium
0.0,0.4328291011297341,0.1451254429994937,0.2535552247013113,0.38780205901493,0.21721599046837264,low
0.0,0.04672427044648249,0.5270026579568343,0.7887415127484311,0.2832167875867257,0.2886260734705167,medium
0.04154621054684978,0.5714551460393776,0.29323717255826354,0.22609506877617164,0.255534346977285,0.25428963405749705,low
0.37547024461017836,0.4405131717405845,0.8104148734988365,0.11988254719689512,0.6707531027833544,0.44689541361287805,medium
0.0001497788770929773,0.5066770930519541,0.5315083133709192,0.29626856940497415,0.2927347331832558,0.2842705231376398,low
0.7313344522113879,0.12519483665212558,0.22070943302406285,0.23089021889973457,0.3104403003637313,0.3702898067819575,medium
0.0,0.05744555802279547,0.5007956885509699,0.7778432872776402,0.7875071838990556,0.36030319992759097,medium
1.0,0.09369951801722494,0.5785589903090593,0.2130130635541378,0.5596660083964377,0.5320762661200971,medium
0.0731073809048615,0.43782029107010595,0.4546122653807567,0.4988103356741875,0.17885177640400213,0.3042779458880309,medium
0.004958426441255207,0.0735071760500997,0.5060701122620892,0.19950052283460853,0.7514981352472603,0.2447243048357206,low
0.7286757646353941,0.5863155395980657,0.47288153284944473,0.1982291073612542,0.5923521108936323,0.5352967053439438,medium
0.2233674027425049,0.0752588412377521,0.7675567221109697,0.2784430499156254,0.46105533404234267,0.3220424074764238,medium
0.01933914736654141,0.9011595420026925,0.5489925834149795,0.18228774902003742,0.28938269575912157,0.3482474942906236,medium
0.3814173326383916,0.4841466804110074,0.280870145891926,0.519406001578033,0.2917324148551346,0.4010261203013846,medium
0.429022773309789,0.009189883889409056,0.19230477041463936,0.1834052818359614,0.2890499326168082,0.23942907059272792,low
0.6692998966618797,0.056005585504202544,0.17340483475417834,0.18312096074573608,0.3258394325757837,0.3235019183480459,medium
0.49370137217868487,0.03700294212085145,0.816166766056412,0.20547272702660216,0.5628800723376495,0.4034625712422054,medium
0.5385049287879723,0.0,0.8846434486070294,0.5396287613052448,0.6281316611469966,0.49639349736054456,medium
0.74141758129588,0.825166857042024,0.42503071018328425,0.21384843819703234,0.2965432274344317,0.5384644240792327,medium
0.09606911802376161,0.49527445918192403,0.40893006919241703,0.48008079250349767,0.282618195490193,0.32762402544660435,medium
0.436825547463426,0.3648574032390173,0.4429410502616616,0.47314572158730306,0.2708769917683587,0.4057209955087949,medium
0.045521179247713615,0.551777599794147,0.5810963747386321,0.2774685839069657,0.21338677642374076,0.29867806318889256,low
0.8716045232051598,0.16147497791953472,0.46489673375719814,0.15404357421959985,0.5313023606545779,0.4740149315511412,medium
0.2065742187283073,0.849361206406753,0.8463969385735622,0.1903328546987864,0.26131871397942813,0.43606842572254867,medium
0.10647328045724547,0.07483138516824847,0.21740909796216068,0.1601523308603331,0.32586019052784343,0.16042912061639056,low
0.21008962006207943,0.08699006957825677,0.7992732277092783,0.8088604736390221,0.6220465458809916,0.4553949607006201,medium
0.0,0.9425671855215532,0.17381121794640725,0.18557647528643892,0.5244367464535721,0.3303659268215954,medium
1.0,0.4758894753184924,0.5413243402030029,0.24048233996897547,0.25806750322392363,0.5631831395715325,medium
0.3579136708324577,0.45634408797679066,0.2505618652762076,0.538108411614316,0.2994315670890875,0.38876361602275294,medium
0.8037418859055164,0.5283921749025701,0.7752844546256017,0.2935230411960504,0.23541615513032602,0.5571107004547681,medium
0.21953336690072692,0.1611475705052592,0.13592286816289495,0.12215839320645847,0.596966044952467,0.2324545397798659,low
0.21073236194833067,0.04526463329915059,0.5265349943030859,0.1704176686546433,0.7023140184421083,0.29068352088703714,medium
0.15510178025819285,0.026148350163734707,0.20633493061195296,0.8628929150510878,0.2871632473567228,0.29836351381572374,medium
0.02231894962499112,0.5249066915027594,0.4901064075926307,0.1642436354814672,0.6543796650563627,0.31619866118169165,medium
0.0,0.4143551884490371,0.24680722993955628,0.23942559170196392,0.18731467424672488,0.19587444165814238,low
0.0,0.02697176149157378,0.8409551379146232,0.24220888614285044,0.7177111022186549,0.28763606554687654,low
0.4411264024579712,0.1130615499302129,0.4342616455867506,0.20397831940927444,0.2950828822062331,0.30514757377423635,medium
0.11508663232771094,0.12331672799022576,0.2596993409644402,0.29041013469706906,0.3089048440797242,0.20256198999239688,low
0.0,0.13829087640003765,0.2601059098549851,0.5729118536946189,0.3302288097198761,0.23079075395516052,low
1.0,0.07486657180624329,0.10579359839731417,0.24354586226476282,0.6205009789734655,0.4726266734198182,medium
0.17714001737788376,0.9205463821087254,0.48014033266781353,0.17709050093175308,0.2722638228395084,0.3855300051475591,medium
0.8222471009506779,0.460302680088683,0.18689101288784501,0.7259867604532377,0.6950212188349552,0.6162188531520076,medium
0.6560924378011498,0.4551525834417248,0.46321531219865075,0.21453717925507543,0.5661279101505013,0.48516716723207776,medium
1.0,0.14707163159117465,0.24267186205528513,0.126297757206065,0.32762365119006037,0.44021820474624973,medium
0.37274611431285265,0.9465193048180892,0.46833513143962274,0.4642217652684095,0.320400358526005,0.5122823718059997,medium
0.17460678965086845,0.9538835666825861,0.23636270900575929,0.26640103120711145,0.2960642158973748,0.3763029952086702,medium
0.5754032775868849,0.9370900067294384,0.6926427481838437,0.24526137819241434,0.3313730296943747,0.5626936269421687,medium
0.6345516449051274,0.07747974448729812,0.4788270890252358,0.1951065503163717,0.29084963726087293,0.36033426137518854,medium
0.41932671186656206,0.4386521262621901,0.7429389553555528,0.24823176916800913,0.5595318002669953,0.4585454059893907,medium
0.040134629470984846,0.549082119440363,0.15374241060450847,0.15342403053373188,0.33264829029976495,0.22550022397175545,low
0.238624902102345,0.09387242111370545,0.22959112562213257,0.5561025663196209,0.35328904934467975,0.28901449436239063,low
0.0,0.1518141196784094,0.4785225365495269,0.7592040737773181,0.2652052965469535,0.29376281365561757,medium
0.04661930998550305,0.18359243990161006,0.23553962035517642,0.1700836996984491,0.6032571783506999,0.2105405407215442,low
0.1896935264218094,0.045121266622899885,0.5304582837696106,0.18478806414872248,0.40227270648753805,0.24279957261943957,low
0.0,0.126418282685138,0.23718425158049078,0.49433759610405986,0.3051532074531194,0.2055017946128811,low
0.21515178162349768,0.15402605530262964,0.7869721758923345,0.19957520342290855,0.30593790174595153,0.2992022978778998,low
0.0,0.11848419402524263,0.14974154387600339,0.2251629236247726,0.2617161012361713,0.13044807029682925,low
0.06202132031921079,0.12695308728836494,0.21520584911246865,0.5278190821130855,0.3100405084312407,0.2283477836076097,low
0.06423407369528727,0.11101554909642017,0.4600745411226139,0.15695860076634205,0.24943763009369493,0.17929187776358493,low
0.0,0.09873018398401336,0.5436787238209068,0.17637871876905833,0.33203903426648607,0.18637944426372327,low
0.8810249297333242,0.866942093611575,0.8703622832423447,0.1674486791396971,0.6440015948720709,0.6983402151874141,medium
0.0,0.14521349848076756,0.41533341659783923,0.247723192479123,0.5740698829310165,0.22699783312130647,low
0.13926629190349948,0.05407627695632033,0.15521603147411156,0.21594822777746142,0.3025494265511832,0.1644496072216004,low
0.945182603557972,0.15530242248083825,0.5109300377874303,0.21417612170203515,0.2789444690366918,0.4759316659275846,medium
0.44782916977361026,0.8780576282506193,0.22904049344962157,0.18730353289617757,0.3234836230049266,0.43029960062962463,medium
0.5154844295973624,0.42269904865750557,0.2562276431869807,0.4823255747396178,0.26249672715245886,0.41345890910954936,medium
0.29690291022974497,0.016690841383734695,0.22533520248293085,0.25921933326636326,0.28342997900707767,0.22056768522244435,low
0.947552987546793,0.17464200089938758,0.23171267526800268,0.23865302645738132,0.256388641745811,0.44014009928746367,medium
0.03362157135829187,0.47747173867264653,0.819598951204792,0.28686621714915506,0.3287245319470028,0.3352025850446171,medium
0.08666450800109933,0.05139181712896543,0.11080960690552899,0.4819901214888474,0.6621688111925867,0.2486225028386097,low
0.3393939713027113,0.02223630818295433,0.8217314485237818,0.1664837803089828,0.3131016141357582,0.3097871684881318,medium
0.814034429910222,0.5025007109822757,0.471095072979503,0.2895345853139316,0.6208203462904952,0.5664047011228078,medium
0.9770995941710768,0.12334086139123018,0.574700884019073,0.7886209011193143,0.2574237274983674,0.600340922481048,medium
0.218665259067284,0.07473604154250583,0.19549545819481365,0.5334887292064101,0.740854311724492,0.3276969973578643,medium
0.03669529780661559,0.14503341268829417,0.6049141450075919,0.231771717416084,0.31372601369972736,0.22416563916895818,low
0.37139038522550283,0.12940838983873482,0.19974301377500672,0.27518316324525055,0.3292566987781451,0.2716853830674207,low
0.2694385594941617,0.07712125746763673,0.5028679343606478,0.11928966871061714,0.37621620932520705,0.2519763746367775,low
0.5072177608471142,0.11139945292640771,0.19465005087972864,0.13418841894170808,0.3801699502505056,0.28750590279729255,low
0.21756221175467386,0.4762102685240655,0.4965210869179032,0.5368807460804591,0.5939068568966899,0.431451058019496,medium
0.7383981396557118,0.12017207591972201,0.46702622908292885,0.183360804028282,0.3482057378314142,0.40451081292346575,medium
0.17873154354932874,0.9234873454027501,0.23464258609611136,0.2213046869021322,0.7120870422266966,0.42458731377419634,medium
0.6478106553899163,0.5232039042724601,0.47965811527588914,0.10462629529240364,0.31379254468409806,0.4389268355239457,medium
0.0,0.9240133052742187,0.4873228465070666,0.13723232194586454,0.6235290859565562,0.37887691531356005,medium
0.0,0.3471724620506076,0.22896907587338017,0.20296249525915908,0.2776472903474007,0.18601944639507045,low
0.1823936482580027,0.4338125976945445,0.45869462827758944,0.16012623316193123,0.21976481496622044,0.27527477713526743,medium
0.0,0.13990823666156665,0.08078652524130321,0.19807091408968983,0.6331557808310259,0.17468717606110065,low
0.23746907717128982,0.1157672208939009,0.26953202778645224,0.19794130559915102,0.3546533664136602,0.2276102375800142,low
0.29912386732187923,0.059224923964864014,0.11431819908221355,0.18874269689657866,0.27125779726797716,0.1971670838213809,low
0.20797974351205162,0.07264831272549682,0.4484657668095034,0.1624200240830925,0.2784158901125295,0.21843983895363828,low
0.0,0.07466296677479899,0.486695337725044,0.5180334819756526,0.6358160263846638,0.2869159943665465,medium
0.3333974772497107,0.01651000878948594,0.49442032626581245,0.5364636712747775,0.27033974632885355,0.3253279900769658,medium
0.0,0.9273214407792545,0.8270145234264487,0.18640246524955845,0.5911944868701974,0.43547613275025954,medium
0.0,0.10493992138456283,0.10327540521093859,0.9039246233676365,0.29264660858598773,0.2611612110199788,low
0.01163497321204339,0.8024884121215746,0.500090078731586,0.4802253435347213,0.33153018359309877,0.3847762824435749,medium
0.8601764989355585,0.4702154580615871,0.20149713081683548,0.19238290250401616,0.6923602334905248,0.5246512264398923,medium
0.20241313881930936,0.19777756051099998,0.5329514229521476,0.20422288906891978,0.28972357887511624,0.2645252818358663,low
0.01424325764706106,0.4889721582134866,0.4578409268967425,0.5391190870669439,0.3086741965064228,0.32486849486067926,medium
0.0022188561943764034,0.07987888677748561,0.8421195708300097,0.509160500136118,0.675154140118304,0.3460645908832807,medium
0.0,0.9517438712826627,0.501377731268239,0.2352784724653879,0.32452350949226494,0.3612896548636857,medium
0.0615921765794371,0.18778537395157993,0.21222566078498295,0.17322687388916266,0.34185380677859706,0.17379202267651664,low
0.3433052696292531,0.17299073091392986,0.7491776471976992,0.5005021690640254,0.2492300233356164,0.3874513114643643,medium
0.3811985758039938,0.024783218376060595,0.1702547984324504,0.14029858596760203,0.2259666413831869,0.20680914958227625,low
1.0,0.0,0.20751579999404135,0.24433308479824162,0.6802148185553896,0.48202620974206295,medium
0.09824452750124957,0.10627354655280108,0.21205769842995512,0.25637902561092596,0.3630455947037021,0.18826936665316885,low
0.0,0.9053729146305645,0.21539447032868056,0.09673746598022655,0.3694932837787761,0.2881552392382767,low
0.5792994438573207,0.5240499610064117,0.7450546087010853,0.1284086902384832,0.54307182369576,0.49750052826570196,medium
0.2379741031505299,0.003388659793293322,0.2437569621501304,0.5034441942136547,0.26904021928642274,0.24967837896203154,low
0.0,0.04453792624974924,0.4603033567912196,0.14388102590292437,0.2816832369959791,0.14898177949861452,low
0.7541014348903505,0.14414494273565828,0.5581028408273414,0.19321629759392384,0.33687187791075546,0.42794888634373607,medium
0.0,0.04475495902297232,0.7930827143809754,0.06857343021813297,0.3154492394181158,0.18894547091808475,low
0.13862218428231163,0.07164992065144818,0.7839229375089339,0.2785230076643563,0.32324246585373256,0.27769605145225434,low
0.0,0.16414160051310178,0.17982895061389093,0.14042866040223087,0.6654674473325157,0.18770851187502752,low
0.19902554385681448,0.5305572838614387,0.2166721179148935,0.48455289769442694,0.6696310496134127,0.39567517459746343,medium
0.14011038614670118,0.07987560503803912,0.15802101470117688,0.2109932825199897,0.28315884001056546,0.16638387156237747,low
0.9877906146100812,0.9562515687147727,0.2746107213475396,0.5516145038493419,0.3010127163150652,0.6842539145452381,medium
0.0,0.13244699505844376,0.2743431416232394,0.22146182436439552,0.3110588550350116,0.1585920633833055,low
0.018781176188403345,0.15088095996341708,0.7661279708955442,0.48779039685442693,0.23404569130285507,0.2833946735498497,low
0.0,0.446040193410169,0.5243071137657538,0.18694362214458096,0.24385743850032068,0.24182144595086114,low
0.7640286343483611,0.06580061665480036,0.5214983860983008,0.2418761693178122,0.6166433757111263,0.4614652117704449,medium
0.39991454728414905,0.12513197129641782,0.22970312148326857,0.21101645457218932,0.3154258398340697,0.2689733935565669,low
0.11464768330486877,0.1277775226017719,0.839218670804739,0.248520059570419,0.20339451028743005,0.26604579858972416,low
0.22343679687243972,0.11366985949428607,0.23260575147207976,0.21878591425936164,0.7520914825427658,0.2812267789146883,low
0.1975570718949711,0.4172711383810393,0.22148171342610595,0.7609777983182738,0.34952977956912745,0.380568632857639,medium
0.03694937402438799,0.06549683573661094,0.22470825026755778,0.14719395267304836,0.6110761358817931,0.17899062781165087,low
0.0,0.4711099849450321,0.5379554150450445,0.0854258910661408,0.2753117188333949,0.23329724528400048,low
0.03383934595403332,0.0,0.2125051695758693,0.19411321388324085,0.24527849762142745,0.11764199664245267,low
0.1503080306096804,0.06264426911934617,0.5244400433071852,0.22104423613449295,0.28834351758913257,0.2237476443681196,low
0.5679826090638138,0.1447833007975538,0.36314312852429187,0.5065265282147043,0.17050961870505588,0.38070466060599795,medium
0.0010275807897001635,0.44983902336965575,0.5424335002112493,0.7812573235056799,0.47276375137906607,0.3988071313505245,medium
0.6547504518537931,0.06739816003914183,0.17944420590743068,0.18204404599486057,0.33752881169151205,0.3238595294027798,medium
0.19316566102369465,0.10733005537049774,0.825615546065838,0.17046858098886805,0.39421133368247396,0.2964834575412283,low
0.153505942461716,0.5863608433943882,0.15240239180551052,0.25359067604059665,0.31734945141365195,0.28450486310838613,low
0.737353983046102,0.13783019138753502,0.8474214838851106,0.7172060006381585,0.30382159061248554,0.5648998944936087,medium
0.0355096399432297,0.08698433615544976,0.6135027594096525,0.237810486118124,0.23487382460159834,0.2028683440393713,low
0.0,0.0540398332909157,0.14772871499025303,0.2055241695545668,0.6957222270349446,0.17843044187287616,low
0.4345763966970485,0.0524072425035625,0.10769469482663416,0.20157838003594467,0.22214326933582393,0.23064573814138473,low
0.13886789350430076,0.8407198291116764,0.254433254700715,0.1960528700106741,0.5416315185095253,0.36842462385729635,medium
0.6875556676345654,0.8783320780789412,0.7633605864005242,0.30584658194478187,0.6383181994468623,0.6533542501722223,medium
0.12177479631007576,0.9132458418678452,0.5431349001170106,0.2098356294874255,0.521128798615331,0.42078828797392803,medium
0.0,0.9457269471021128,0.8020981075753696,0.16631407878735907,0.3154898307657703,0.3900463959290653,medium
0.8170734413090527,0.13650118558786886,0.21052307667349357,0.12522189094409963,0.38489347677477914,0.38677913071635045,medium
0.011688052660906154,0.14302389710510385,0.13263087183211225,0.7052048576298567,0.3560255417981739,0.2464506287898069,low
0.0,0.506416647192314,0.8002430081381718,0.41314087088275203,0.3643044256524144,0.3585936186836012,medium
0.5559542747234729,0.06884301405886548,0.21703563820535865,0.1948303958110741,0.22991765472247533,0.28656395833020487,medium
0.0301838781811595,0.0916887580740457,0.5244224097030415,0.23792418040610153,0.3459330029098347,0.20553106304230873,low
0.9204885557265775,0.040370683958580934,0.15206331810505322,0.14766164943300583,0.2721348773890562,0.37738276272040694,medium
0.026954577503394375,0.14824962306414252,0.4055560002115179,0.4725949699976586,0.3743836140039231,0.24924623399569468,low
0.0,0.048603891910059344,0.1882180628170717,0.4232334232464561,0.35452849159650357,0.17577944619333938,low
0.020067447215161613,0.5493485755347562,0.5145420899666822,0.17601273766194514,0.3745261737900148,0.28445273636739327,low
0.5312069087238828,0.5882975804631327,0.8038422960262003,0.2481972279641515,0.34312214128222923,0.498705699898886,medium
0.03322838291979084,0.5401368356784393,0.18423700886977257,0.31134503949320846,0.5806362624668125,0.2949958806107546,low
0.768491412502065,0.4886949508076398,0.752556717737269,0.14289997203028718,0.3349408085895903,0.5199910372672337,medium
0.42739680887471554,0.1578878181354113,0.243213026363388,0.2101757653575621,0.2882231202845382,0.2815471813581983,low
0.5993380416916464,0.5160541543304967,0.17141399294704132,0.2471404850056903,0.39490651457641834,0.41738841650325026,medium
0.01087743405892227,0.14888980995864742,0.787220619235094,0.147763507799791,0.36107536503904636,0.23483829141048543,low
0.35966472610320316,0.08509751170550951,0.574877597623369,0.19544751359918036,0.23337753674526446,0.2852466930471939,medium
0.10757506783942622,0.40072352093272046,0.5684109933131251,0.19291255127039342,0.22828905979651087,0.270504742758896,low
0.034084209346970734,0.5327892137337751,0.5025570373842776,0.16272760387318155,0.5921264170101197,0.31353114448464214,medium
0.768290766261539,0.8539327743927626,0.6101123318397795,0.4954732754431546,0.35981982018734093,0.6458582626497132,medium
0.7677856264143496,0.0,0.7335812392437917,0.21769874604239903,0.326081598804445,0.43282486284002014,medium
0.0,0.14457657212763425,0.15641682844965782,0.2961663756134871,0.30306241222685776,0.15707047564970159,low
0.04838226359274888,0.5016081152895138,0.5400251786657411,0.550373566990755,0.3208066673882435,0.3540357924419761,medium
0.0,0.8502298597750081,0.456041299152465,0.2344774091408199,0.7413575433159039,0.3965512801534209,medium
0.16475839605844178,0.06645838599450757,0.5222462987332563,0.15511775711840864,0.5357772917461362,0.2524462860120247,low
0.0,0.8910269867939428,0.5582796774505012,0.16030713656158002,0.28916643420454197,0.337383741419361,medium
0.0,0.05836849800725653,0.23256768303149486,0.4161341310323296,0.28068296434553497,0.17188812291447172,low
0.0,0.05424515706789147,0.5119670308192096,0.19543032926235543,0.2906142629350259,0.1703222913291847,low
0.002993786660347651,0.5572592427571418,0.22999152315639448,0.8370649323747051,0.3380880033184093,0.3649748999956943,medium
0.5754101549021687,0.029732434659295162,0.88509161746735,0.2621100182526527,0.2764545205009473,0.4052234577482848,medium
0.0,0.06837790629988094,0.8479754791080785,0.19106297093037092,0.31734293121381096,0.22668593699433381,low
0.8950312276485751,0.07457144844699969,0.43121346641849967,0.21841931730001915,0.1906404157382441,0.4203856037674879,medium
0.045927546331493846,0.4947059294849266,0.4694794134854378,0.13048247086856024,0.30773958682761504,0.2553987940171034,low
0.03977802322706234,0.17981031604601969,0.21481691948916223,0.5769040014912403,0.27340119659166473,0.23650898788769475,low
0.08278855261006086,0.4588479883561595,0.5498510353557791,0.23811209660781021,0.7116418643517908,0.35345251773194764,medium
0.00920113151157388,0.47768756306813426,0.3861030959897901,0.15490262369299446,0.34049229380491514,0.23826768527490366,low
0.4939477926681832,0.08566553223765308,0.8557841555348514,0.1487458716352894,0.2545241798224697,0.3616128688786416,medium
0.6197753480363899,0.0736973397270832,0.7762544100791704,0.1958512827486295,0.3043405842371024,0.4019315780535004,medium
1.0,0.07880859119579378,0.8565003391008472,0.17335988317183293,0.17646291065518055,0.5053781823369295,medium
0.0020424570541293127,0.11848833892445215,0.8265025095930729,0.11420632595921998,0.3284086524781069,0.2203883444036502,low
0.0,0.5380387945600349,0.2629141136246159,0.16281395981961955,0.5234722525022849,0.25812850579496605,low
0.8067172146451241,0.010297594804706475,0.8042265567905239,0.20469071246412607,0.2994525492044578,0.450564691746551,medium
0.8368263151999173,0.08162367617044805,0.2911950523521108,0.29107491761275667,0.24148289543236784,0.4054893054842879,medium
0.0,0.5439238990525327,0.49202563554266165,0.2121255629242393,0.3561452429870292,0.27843552417480805,low
0.0,0.02746573360394297,0.19473667766876399,0.226906561737229,0.285657263423825,0.12293355023212274,low
0.3926846688030168,0.06623175035492272,0.4669235789638577,0.30386137132945806,0.3636883063752011,0.31641580777864,medium
0.0,0.8649406101182412,0.5706195126664888,0.2510403780029425,0.31376036419722686,0.35585317915379405,medium
0.04943676059469691,0.14254384268319528,0.29241263694774594,0.250229410254189,0.3213193496678154,0.18544547675822012,low
0.7454328914468372,0.479567721166059,0.23525594255029764,0.14559506024006164,0.7447402009802407,0.495661845244856,medium
0.9578681795563053,0.5074499817493899,0.18770401982488774,0.2324251567492706,0.2630769407080928,0.5029526256465707,medium
0.2681190555672588,0.5296435419626575,0.5343872753182364,0.2477404511480987,0.3025621537938486,0.36145492965914167,medium
0.0,0.5645622325308272,0.4661459204949369,0.14169840257656044,0.7051127877197813,0.3169409332536853,medium
0.0,0.16044079506408912,0.45829964729551115,0.1722073765722231,0.73845706958687,0.2460431418596196,low
0.10607798636520455,0.47155701257982885,0.1281597398978946,0.1315250585852078,0.26853732543816855,0.21194436994297816,low
0.021723974252918294,0.05582289287675254,0.4712204500434686,0.12058328128429013,0.2725909547687754,0.1533701378299206,low
0.0,0.02774297265177067,0.16804153037205966,0.222781773352582,0.5863862992675681,0.1632691236468147,low
0.7889408185315332,0.0,0.21135732367214471,0.2278575179960282,0.31856794375378356,0.36174253927255484,medium
0.048215558514561635,1.0,0.2966834715934217,0.5153796918447787,0.37168594440722913,0.41779601832342184,medium
0.20487483489058683,0.003832947046646329,0.7839365723873166,0.18276733770826464,0.34459984877322775,0.2680629705922399,low
0.5871061019647791,0.39975523655675005,0.10314144740367369,0.19523820089446586,0.3445818337708239,0.36228901025585153,medium
0.03243597226023279,0.1358572220021979,0.4526271415299108,0.4906014091813493,0.3460011958816438,0.25481676852651247,low
0.15446950582107202,0.38042409075815053,0.14591523292337344,0.21131454799877972,0.37017609665711904,0.24210227893478153,low
0.0,0.4870907618742996,0.22472043674421216,0.15839112524877602,0.2651296846759087,0.20257389563763326,low
0.6333927298046717,0.12614075613932732,0.2454054905125384,0.8336584261774763,0.7215391957041524,0.5270193583372658,medium
1.0,0.13369372662503431,0.153950565929877,0.20475551435588688,0.3566500235136593,0.4442799366127147,medium
0.0,0.07111657529025409,0.7862195031353112,0.20925406411242092,0.34308102651777367,0.2254692073284977,low
0.5867919399077074,0.0330670358528589,0.22907713927067214,0.17145844276778424,0.69504515577919,0.35556102195392014,medium
0.45640065765339516,0.4530241535312341,0.4297150191130797,0.17094283122841716,0.27224290202426144,0.36700728241855,medium
0.5972636032571422,0.8699999945747053,0.19348339945369086,0.17852316847369085,0.3914063186028277,0.4766171712952997,medium
0.73705915961478,0.1512218161351936,0.7104515062734343,0.7104670239752081,0.18160612705731416,0.5272641609061266,medium
0.3255969895165835,0.08327980523234213,0.19036737644556284,0.18664076812207295,0.2514069700343244,0.21792936349784114,low
0.0,0.09837048717385553,0.5833348977501557,0.7567172728655281,0.5821120390015198,0.34583459252062804,medium
0.0,0.04410083333325128,0.3174007632324446,0.14447719994590616,0.2836213505309935,0.1278689237203472,low
0.1535205175706633,0.9402136897985531,0.5517368453837699,0.17893867363125962,0.26815069620820625,0.39286975919595796,medium
0.01761830424966515,0.04794386457059291,0.24260060989198212,0.5638249074178621,0.607722346871038,0.25518768918704354,low
0.2619237409622124,0.13348395538232863,0.18861302503396613,0.132748535900287,0.22006257574442625,0.19312496066194573,low
0.0,0.11673638749538788,0.15654479501639423,0.2128520968255979,0.690252286039548,0.1929372590225885,low
0.0,0.12114124618662606,0.5511619723975719,0.18283719280345737,0.6404612030487808,0.23953916411496956,low
1.0,0.51677533113683,0.21464653132519815,0.499493225371201,0.3763579595601546,0.5919043849344091,medium
0.037702080273688744,0.08596651703308536,0.19478237285594166,0.13190546006754356,0.2854374073844857,0.1269179865382965,low
0.0,0.4280167256741967,0.5322352288979261,0.1988462566067578,0.6586265252198324,0.30400185957385467,medium
0.0,0.473173548981104,0.47209987416650234,0.8320198010986904,0.562441483777391,0.4162198737075429,medium
0.0,0.5134054985090348,0.1991453107370719,0.16650294019100734,0.5636431437927996,0.25039995591948916,low
0.19704460158249357,0.9173654035763383,0.26502055754678056,0.3062046197801315,0.26461121175245605,0.38327215054092756,medium
0.5226366622004991,0.06768529696162312,0.15084574217900523,0.7750169171553924,0.2392251344966099,0.38384207298489514,medium
0.7922472333989337,0.09747692150251858,0.4670917321002171,0.1904662532217599,0.2847775702830809,0.40804320032203045,medium
0.0,0.45113098775767324,0.4836151398296332,0.5284537925301254,0.25872515633786547,0.30726800048268454,medium
0.0,0.08298390951191603,0.36508105220963727,0.1927256218087985,0.25168797546229815,0.1476572604149332,low
0.08008632548919488,0.8214590792045865,0.49511812909972786,0.16604027539391752,0.27807040459389093,0.3375040486205021,medium
0.4024871619634933,0.9048240301296349,0.7001038972910474,0.18604133970435174,0.2610971289291757,0.4830993764888788,medium
0.0,0.070947371125681,0.13198808490133362,0.4787216933233716,0.324341232143784,0.17838321044657818,low
0.5295923264508583,0.4562532076391008,0.8522887850750203,0.23139738791657344,0.5689763902386711,0.509597593343446,medium
0.3265758497780733,0.5117706913231069,0.25957151550250035,0.2087575975055577,0.39088995916066055,0.33964763389862906,medium
0.3149877180452347,0.09057532617079192,0.1382754037187196,0.14693257924011022,0.31999431428836034,0.2107383541968128,low
0.2487047148380772,0.47080110525975083,0.24214478937573347,0.18255469359482376,0.6866984782692742,0.3446090643690892,medium
0.11350765740276343,0.05131159203577071,0.5379978187810759,0.12857786368617125,0.2646256440718101,0.19042370779315032,low
0.23821968861493448,0.09444430753309341,0.18318509715299702,0.22766583435647952,0.3205036574178392,0.21144124814802034,low
0.20451082825749498,0.45399317784745896,0.5142158951815452,0.5064330764128021,0.6662800909580727,0.43051289725024344,medium
0.0,0.9423647323277806,0.8990642192203437,0.19912968939120784,0.3799638005991717,0.420153087316725,medium
0.04145577371997397,0.08643477307860539,0.7183799056301332,0.18080128186573413,0.2200828398588795,0.206653354928212,low
0.03599919750153444,0.5305503648866446,0.8175462269916329,0.6598912323387962,0.26918191301292577,0.41189729969623234,medium
0.0,0.17761443831811052,0.7928671201232387,0.2257065785574415,0.35845618531999435,0.2533626991915954,low
0.8858424728925474,0.20225429783537602,0.44034946540547,0.7681642685553243,0.19651713045642444,0.5553664445251885,medium
0.8429895646811693,0.5300283023378821,0.2333196559496609,0.08793598973625834,0.26336286852968466,0.4509921064910807,medium
0.05289373214912069,0.522663108264845,0.5218985045923488,0.15608124361126058,0.5202287075675552,0.3079360718439429,medium
0.9040150944156937,0.07102936429996883,0.1508348830145195,0.8648392934396067,0.2744716527567083,0.5221742402383074,medium
0.035271522830261956,0.5007130364062613,0.4663333767953904,0.7776743255760841,0.2836977512046057,0.3787635984455471,medium
0.0,0.05269398020867841,0.7999229248723866,0.27367593268258333,0.3156013701020526,0.23260262682441823,low
0.8929586254758487,0.8920793706198633,0.16671143895406848,0.11269536654060744,0.7195625376028745,0.6017836315583902,medium
0.0,0.0749338199209626,0.7609791257758363,0.2471291842132414,0.2962133746981137,0.22299147589793328,low
0.38070713592536143,0.5119254713328745,0.23267946731382488,0.15880165115154507,0.6812206641921703,0.3854425850003916,medium
0.45027570140633155,0.43439266247640856,0.20420842572674675,0.1348091172196909,0.3231988652031211,0.3280341600005995,medium
0.0,0.589873474861141,0.7605462765297785,0.18727145122778255,0.19335372480372284,0.2985139854178099,medium
0.0,0.14126435509150015,0.8111227522246108,0.1333996859178587,0.2719548064221343,0.21739444199888355,low
0.6641250504119552,0.5571462125389983,0.23712147281185542,0.24367667028337522,0.28812874717851616,0.43818962468661704,medium
0.4728517921040808,0.502050764401993,0.47591161109209235,0.8419612318403402,0.30963613601136586,0.5284900989452096,medium
0.16659586993821326,0.10785356834047663,0.8064081087397976,0.26363151939483237,0.6538698444128834,0.3433174715014279,medium
0.0,0.14442696270712257,0.7664283179918777,0.22004585176219735,0.24676790008825694,0.22487399560588417,low
0.15372924837072102,0.4396610511198285,0.16445569906323362,0.7876161865409319,0.5667969276969694,0.40126211605739887,medium
1.0,0.14597690773044913,0.20643027832629998,0.2424726771978063,0.38293826699991446,0.4660951987845832,medium
0.3645280198053198,0.10586316560550302,0.808818773533652,0.19731941096708228,0.2708862323497884,0.33195067213862905,medium
0.0,0.8418895088853554,0.23230576458083974,0.22033331725084251,0.2911851332307017,0.2909681998989708,low
0.25746019706257023,0.08075871896353039,0.46056610854764307,0.18264223577553573,0.4904240986321702,0.27256678114355626,low
0.05788161566855787,0.12332324844605193,0.2631723419753693,0.494475006952475,0.3062462246317094,0.22633692077133455,low
0.3071775661653013,0.5315665586860406,0.5455622258683893,0.17970960352595222,0.33991405063321245,0.3672299437672292,medium
0.5459965294253816,0.052430972321190594,0.5037364356637092,0.6040735029441356,0.27553278622945926,0.411990237164655,medium
0.2383772317292041,0.09795431640056002,0.2086875363106316,0.2247097337427844,0.5207794819657701,0.24546603228889036,low
0.03848954000057169,0.11359419493020774,0.821932416138866,0.24306412069978778,0.3346698936427044,0.25636887159340616,low
0.3640351474372228,0.08314588587568614,0.23261072468896782,0.2513160280450968,0.31141273673506914,0.25770644622892896,low
0.6221158670010116,0.0924959055612119,0.2329255838603535,0.2149776284325509,0.4078260061906515,0.34424220540670675,medium
0.0,0.18091163431319182,0.4510888525447583,0.21639394703163434,0.3194532602766235,0.19504243319217252,low
0.8672160721709821,0.4998264469255772,0.16712670304533242,0.1604834795187216,0.23663055252278542,0.45279039527537207,medium
0.0,0.5086043728584769,0.1808596029261145,0.04398338611434882,0.5848145818267091,0.22536867950748868,low
0.4556463692898641,0.09415772068270792,0.13908360408095732,0.2417966302325361,0.6575577714928077,0.3233809873060728,medium
0.003437953962420847,0.5357110585438857,0.3787529512445196,0.15226466351118859,0.6718334299973756,0.2962144877860254,medium
0.22601237993325587,0.09301038606588104,0.5964604318728837,0.20911296390272846,0.7424171773455945,0.3290600253564704,medium
0.06797062511834738,0.09189529827181527,0.5113671598039857,0.7842126107409796,0.2893986624928073,0.31572764268258213,medium
0.21340841663862953,0.5705828691915853,0.6932862593517894,0.5429809752330601,0.2890647781926919,0.43408794950819013,medium
0.4469051609162207,0.07843644643735091,0.1399027959507666,0.5312132001326416,0.6542002313984806,0.3751169316912518,medium
0.0,0.902820802432643,0.5532721540961097,0.09049310015428301,0.3319579563340775,0.3314472970819133,medium
0.4085976614602712,0.5798742130231733,0.1592723063054079,0.18421006009405463,0.2652069400817827,0.33906804001960555,medium
0.031688030145886004,0.11297474523070379,0.498739519538846,0.4865162282050948,0.30946851461398,0.25063580885384945,low
0.8889599107901882,0.1319648734229642,0.1848209181928313,0.8214107656570186,0.36028651512903986,0.5391292160513338,medium
0.6573902939636157,0.5170910526397103,0.5386787112044559,0.22243298188343832,0.2792113863192257,0.4678054097222667,medium
0.669223196239648,0.15896435158947608,0.25955026533679204,0.26536900351800785,0.3862362402348034,0.38250160572913044,medium
0.02841050062663248,0.14138980988716718,0.48308104024493265,0.20069905635574342,0.6541075552334404,0.2475192127583278,low
0.3316113528649771,0.8536549220621524,0.4932172426817898,0.39214021962641665,0.2830892100334271,0.4650884021044895,medium
0.3685525255949617,0.11030135944554272,0.5394737270392312,0.17496610691886194,0.23241840749957676,0.28340307113219065,medium
0.022776520753727214,0.0809623531747371,0.15789109908126067,0.544574170722174,0.3175498628728327,0.20325640529861438,low
0.16017985514328384,0.1712266197365737,0.31148970200835174,0.20312109298157036,0.5553196881728277,0.2529449076137909,low
0.47707453390494875,0.11433121431698513,0.2481399767330888,0.22990519455096559,0.3070622180869161,0.2952499711680755,low
0.1739569478989109,0.5015344139984304,0.4004105815341766,0.20527387814160938,0.21405923619013245,0.28571921545632756,medium
0.0,0.9270556212523461,0.5403030906756829,0.47821799367377166,0.270919501045605,0.4027381117434168,medium
0.4652917694735904,0.08349130701865616,0.591363192577153,0.2660325234875282,0.28117238128857974,0.34037263302317394,medium
0.0,0.10142977355012252,0.8820992557009355,0.17773617796600977,0.24075439567218623,0.22426123800919473,low
0.0,0.08166660781886358,0.12342871784727816,0.17454680450111792,0.3024262403971913,0.11512092620066672,low
0.24200133969318058,0.0954388535050772,0.7659644284490031,0.8344333113800391,0.3870896332643906,0.43153294414198645,medium
0.16592893402790315,0.572636591903209,0.8889616072996633,0.22108081335772933,0.3751955478104473,0.39814573452707525,medium
0.0,0.16192739726388444,0.22502929367184774,0.1988156815606287,0.6855032728931943,0.20872850074965893,low
0.0,0.1002182095271007,0.5833731025002046,0.22453111255620287,0.5904713968181894,0.2410265393144198,low
0.0,0.5174389105113941,0.23363154074935052,0.8450907412612066,0.3375031454423402,0.3581761332832738,medium
0.3473245641605622,0.4267721307389835,0.8347798505310636,0.3041762502158444,0.254108418060343,0.4137202857278452,medium
0.7251006578871765,0.1426724923597092,0.2608141396222657,0.4978031838851774,0.34253351966755236,0.436127481508603,medium
0.6538339229728919,0.4689924833711484,0.5140132156173065,0.20052614411707667,0.23965282556503625,0.44310380856686393,medium
1.0,0.532660238943376,0.17967603389264886,0.21904972243230245,0.3494557181234362,0.5297117550775484,medium
0.0,0.5537802472118587,0.49364836380394017,0.20638770933675626,0.36743177558763357,0.28119561221845907,low
0.5973458745457227,0.4754223492842027,0.16422359314453433,0.2562368166739104,0.34381945948708564,0.4017420534500824,medium
0.0,0.04812679991658158,0.20584132780925143,0.7895884998927324,0.3428460621989299,0.24984616846309002,low
0.3549622025720035,0.4348723691402038,0.5655069699671528,0.19776925294814263,0.31469640192430626,0.36504749097298916,medium
0.636783424944848,0.16197777600054974,0.7602774762116806,0.525291730561617,0.2939942763361171,0.48662969167805736,medium
0.8125870362098965,0.05730920937373238,0.14810572332931965,0.7605370728541312,0.6087104078702561,0.520867786988478,medium
0.0,0.4696423878267503,0.5171528369751552,0.13528293009184916,0.583789318591294,0.28612638691868725,medium
0.0,0.15269966277235397,0.21718635829430832,0.2483930837198186,0.6969461405008011,0.21733842411770093,low
0.1885927733431375,0.09348684531274948,0.1857500591243417,0.1957065866373318,0.2637919774858019,0.18184782388447907,low
0.25756875347539504,0.0939196528631113,0.41545669767269205,0.4956473846760463,0.6473872870650069,0.35461063126110487,medium
0.6047550886985896,0.10787128254536374,0.7905178460018116,0.17129568460653893,0.6969700483930845,0.4603831041991918,medium
0.046164201696641205,0.1362579934690395,0.49771828724892925,0.45602732252749917,0.365333015061694,0.2617640190548936,low
0.1955323264265192,0.03833316765830319,0.14290372461802694,0.14342915190801045,0.2906586705864392,0.16004652112188839,low
0.0,0.07771824112851038,0.8356706480482404,0.18627643134145477,0.2602928759447639,0.21719346309294368,low
0.5693521877641678,0.8915167321200769,0.7877583451708656,0.5566115930299906,0.340179163837476,0.629621947710515,medium
0.06443907199215408,0.4794632498754573,0.45185073542288606,0.47464292951273523,0.6239974356120438,0.37153018313052416,medium
0.1328368798201725,0.5731566407376093,0.539170777594399,0.5019495226522126,0.7412818576423634,0.4469401919095305,medium
0.0,0.5063646137497323,0.5487691615549642,0.13057110496535096,0.3013310688193779,0.254902178299168,low
0.982169280842234,0.14753621881288959,0.21194849490405707,0.8094689866102225,0.3557911293882994,0.571212768981146,medium
0.5797662353889452,0.09474983242004295,0.5754020429076878,0.8127197820690971,0.30370901491148505,0.4872904521873876,medium
0.4870035209502327,0.16852103865784263,0.5642446765006944,0.11038358528517231,0.29646324068256014,0.330988168651161,medium
0.0,0.1188650444964291,0.7160715725441696,0.17342960050844788,0.6952375977343428,0.2701553045427523,low
0.12827436336890025,0.03103717690678355,0.47900049726883426,0.19463400288000718,0.6422323947188419,0.25180147876617964,low
0.37062812216824537,0.4831768456057267,0.49164530660597017,0.2867948786739281,0.30634039476951525,0.38488063671272743,medium
0.9121534950924225,0.08327626350741514,0.480277558770335,0.5004711589200203,0.32671753775780576,0.511444797492435,medium
0.0222338323463869,0.08039834643592153,0.1752817209126995,0.23535540974146235,0.364788760405438,0.15083147313711348,low
0.1712167535088266,0.9658505636407179,0.5047947761550556,0.2035291719458359,0.34969185474077985,0.41341396780433404,medium
0.2252669589943336,0.10765732636620748,0.43634522616432303,0.19228262452111938,0.6088645503211689,0.2843495443485893,low
0.37077673127263433,0.589550553657897,0.4038085265243167,0.5363150533390624,0.6823047907861087,0.49932313837774595,medium
0.136111717729123,0.6308058107534805,0.1578089232934108,0.12810244680442373,0.6159773505195675,0.30868310790226455,low
0.0,0.11014431953379553,0.25706706934203594,0.5305112786067053,0.34803464545166063,0.21889637684715468,low
0.4310417512624838,0.8798831325392099,0.5010714293958718,0.1567094312463797,0.595959959671711,0.5011857464960005,medium
0.0,0.6187006095702392,0.8409606724112841,0.8524084026564206,0.32536514954284695,0.46917067573845167,medium
0.04301029398768284,0.5474450115557972,0.30945440654259626,0.28549764018739066,0.5664179010476657,0.31087246468348173,low
0.0,0.3998371737359756,0.5123433832819537,0.5350251587258817,0.2625209082501958,0.3032021102221939,medium
0.4620404498532601,0.09352005278509429,0.1927767716424164,0.1966760271993169,0.3561468688363686,0.278989897024678,low
0.20062600323573915,0.8957106427651035,0.5160045899924501,0.18460948874534872,0.3101083920393657,0.40016877457758454,medium
0.05243683960718396,0.05197886145743756,0.2992811840294848,0.48038903137941785,0.26410550752058765,0.20671263418203714,low
0.013242785574425887,0.0781352474028619,0.48521704670940236,0.5370220686763316,0.6396295623639731,0.2957312902491728,low
0.815600731044332,0.06007251486156595,0.7638775600590678,0.25785198904646284,0.27722284213091564,0.4644301804234029,medium
0.0,0.11212826438339407,0.2256547612593211,0.2146853995556209,0.2907942809342546,0.14283008911683934,low
0.0,0.576076233396746,0.23624272754810424,0.24609357320745834,0.29159756398011405,0.2436100050500736,low
0.0,0.04737074787911266,0.7500236186841215,0.15338786518109293,0.30612121345839133,0.19857344743341804,low
0.41615297987101174,0.8734385491781369,0.4191642709985701,0.488031329012707,0.34247980385111254,0.5113864808269247,medium
0.0,0.12199070910076353,0.12679645231683528,0.22793374114883186,0.3793725949595055,0.1459102471413702,low
0.0,0.03136322062594228,0.20116864525342767,0.2908037533257532,0.2914399420882833,0.13832468289159575,low
0.0,0.48640558418407354,0.8656594062004128,0.22077864599028385,0.32574415351647834,0.32014737999240517,medium
0.020700716782373986,0.14842112026581245,0.514720101319142,0.1561634412753134,0.7614278728050377,0.25854932346156434,low
0.15160802372533155,0.08553852826035417,0.5672184106987317,0.20866177481705594,0.28292573626519946,0.23184408977767118,low
1.0,0.468830193765807,0.22496227744457628,0.17643088635764909,0.3128212872688714,0.5097197507317084,medium
0.0,0.4308702730141314,0.5036323153274289,0.18795600338246826,0.36030672389122115,0.2533561111621174,low
0.8309255867983827,0.5127652260517981,0.25931770067754634,0.3850830276227234,0.31531834281097104,0.5150427332976967,medium
0.10359469564500652,0.10698220604877857,0.8636370769420675,0.11123152607831151,0.360174891938781,0.2582929504510472,low
0.1968707404102288,0.40662821366581325,0.4917567388146522,0.1875588779063998,0.31823031677169544,0.2993966987754635,medium
0.738889941359779,0.07459499633838143,0.22528342959012826,0.5100533116229728,0.3453408350772564,0.42419028370031225,medium
0.720951947892438,0.11286821242126827,0.7240863450861318,0.233307844857098,0.3176976921441485,0.44178840140794673,medium
0.0,0.10171125581763021,0.2132060254589004,0.848946228768994,0.309588601059711,0.2685506908951165,low
0.8321790365606296,0.13227243529484645,0.7702712568881842,0.5785871986349655,0.28588532293613017,0.5502491247277984,medium
0.5430760211784953,0.44994270196534547,0.4195793278432975,0.11192725583138725,0.2556276069117003,0.3765778381261448,medium
0.1671870771004083,0.511714210399738,0.7374303831474409,0.20753803431511703,0.38760100275412146,0.36276127995832785,medium
0.1807348625721352,0.14132528077210904,0.15673840526168303,0.2502817807811172,0.2699736459695655,0.19654867876697307,low
0.37477668972661815,0.07067186268836305,0.7507212782710201,0.1462245646066532,0.5523352313252354,0.351270768816427,medium
0.7531096005958322,0.09091917577493461,0.21150606962631827,0.17195680029792654,0.5753543470856272,0.3965371379001137,medium
0.25493570314967995,0.1741205169124681,0.48170373931937654,0.29990086405004074,0.22622069877467416,0.2774736528515134,medium
0.0,0.0848926198413252,0.1599412361974678,0.21058873101368306,0.2997401027444341,0.12804847101228695,low
1.0,0.13177500789421348,0.10924097800543778,0.6068738806419105,0.3037192567983613,0.5096738129277947,medium
0.09849138308725158,0.8183904695741208,0.19703466672643127,0.20363794870084848,0.2674810240123204,0.3036304521919821,low
0.4909849870362278,0.07861361008758798,0.5958597181101255,0.2412006181253251,0.5906795483951994,0.3892392317292497,medium
0.0,0.11273033236014567,0.8507163701431559,0.18405202778435925,0.3023177755525251,0.23231159388325312,low
0.0,0.1314917330310598,0.45251763226216846,0.19092596930641215,0.5939424793894221,0.22145255721523296,low
0.013647052271663596,0.10139742921899589,0.7301017323826907,0.15373089323937159,0.26471063833541303,0.20434163578088815,low
0.0723413919271035,0.5417087813182528,0.1678575496890017,0.7467682013043219,0.2542376194119801,0.34271208946779325,medium
0.05795663326590294,0.04222034195952954,0.6922994695832272,0.5033876727563034,0.2710941034309461,0.2710176288750634,low
0.06420976745400118,0.9763452427150471,0.21301853193573664,0.7775716808028407,0.5897406477996845,0.49046019190009105,medium
0.013208521002247573,0.11012833896976224,0.4855384069277723,0.17621361601188149,0.5219453479488082,0.2123535105284901,low
0.1394042589650227,0.8939681046072334,0.5320473098869722,0.8603790729737826,0.236021116020614,0.5079009770918479,medium
0.025833090244879273,0.5229521596341412,0.5085043592089483,0.16537279766079818,0.30409084106138384,0.2673041985730015,low
0.3554497455813455,0.09155183492224564,0.5310304827860879,0.2526852038967483,0.37728122664041913,0.3117290878521785,medium
0.212289264693428,0.5214701145215735,0.22316191696622845,0.1974657978317964,0.28733066834491977,0.2840478496753746,low
0.38489859393957004,0.4374844955168704,0.2368322012516212,0.26339338320636363,0.33849093197944147,0.3419436239111772,medium
0.2317687760370823,0.11305725640433459,0.23078293670180822,0.7902566986519772,0.26687550429307566,0.3248421899716196,medium
0.4092466451640773,0.4077262221298317,0.49422758875138256,0.16593258075686262,0.5530237643730589,0.39459345709522825,medium
0.022864337997489156,0.04017127497474008,0.7635330838243247,0.18671779280182318,0.24455729671676169,0.20345067203572237,low
0.0,0.5246632409885714,0.20980836859891963,0.5283671420256378,0.6136007366798333,0.3341174423946548,medium
0.046438709677270366,0.0,0.13356276399445943,0.2234774125214984,0.31985236544789414,0.1266393648238338,low
0.06928140934160913,0.11189247518279301,0.1516466919309015,0.07570694696130338,0.3573591862253869,0.13465518895474526,low
0.0,0.8319025854230027,0.4939152406400261,0.2058705959320012,0.2710749841948478,0.3223031699962319,medium
0.09717450434688586,0.10026281725278405,0.21357882818063303,0.24820960399367795,0.6212087025177933,0.22406496515812208,low
0.0,0.0469079835766204,0.789448012713486,0.17966453168914556,0.7084835378482268,0.2700042356374101,low
0.6838231713938098,0.0514601799699244,0.45737786104664396,0.7536715864675654,0.2928482200020942,0.47870721686295165,medium
0.6095267172265492,0.008441580837860452,0.8537033208343479,0.808601265911878,0.207617322387153,0.5054646810011376,medium
0.0,0.12873310838464236,0.12139874506203199,0.2236701455183075,0.2689589964648771,0.12903431200962634,low
0.12247728155204751,0.029724605061249618,0.21634734905040753,0.45197757110840475,0.3066034557078803,0.2115262404132883,low
0.0005005455883305372,0.44045275757489344,0.4680189321535739,0.19830519067258454,0.26585656032449057,0.2379830771977044,low
0.0,0.06081271974757452,0.497834037064605,0.4839753056876232,0.2914630920426918,0.22735217445313408,low
0.31678444583558935,0.11116147582861069,0.7801553984888296,0.1152671970972827,0.3534242505595917,0.31035801569311866,medium
0.8417265347955185,0.14244688366263739,0.15818268614995443,0.5267374329735417,0.6760328752293137,0.5114871579727815,medium
0.8364136636740932,0.4940197425712018,0.7605026078884418,0.5097736434214508,0.19010583797276032,0.5942740431799388,medium
0.43196869930388276,0.17511857672418304,0.24920376898053836,0.4664489262791368,0.25278075459438615,0.3332017889280675,medium
0.5006027971710125,0.911948091122359,0.18460606347702457,0.2524091796628801,0.5767874586979989,0.4972613216346051,medium
0.16788560734225108,0.11616421722834191,0.18117607478468623,0.21661133972575147,0.7669301629852804,0.259136729258989,low
0.12356946626987245,0.09110379560016763,0.2612786055692668,0.12325310829127022,0.35435201214638007,0.17228681331659632,low
0.46898645069582134,0.871068198120324,0.23180162879626148,0.28241293065468,0.34803008716363304,0.45836691835773136,medium
0.41534718242539237,0.03730282846913449,0.210976249788128,0.45870799053026357,0.3138515969364449,0.3025304955361832,medium
0.8277131735370967,0.13194980755426883,0.49971292756591396,0.15954426194550075,0.29574022983442,0.425930739571133,medium
0.7372327985186395,0.13027074582863762,0.528941557100901,0.2986368342878757,0.5982988676093215,0.4760374192854279,medium
0.018640442563041818,0.12414655002917674,0.7872085600814565,0.21439657908785245,0.2703521786336231,0.2319348693995803,low
0.0,0.06158267817310137,0.7355545551487074,0.10403332025314453,0.357906157786792,0.1971423066255741,low
0.5744047556065296,0.010935740434626251,0.7894131455359574,0.15444220029416972,0.38431746143947165,0.38145660587403246,medium
0.0,0.08520250480184272,0.23909048233857408,0.245177151121627,0.6385853576218258,0.19772730717875392,low
0.8850188207775606,0.09885548885777655,0.4096940132132604,0.8191016210283479,0.41182806359678226,0.5723253797319995,medium
0.047360720747147284,0.18928024913064062,0.19685748179322277,0.519286668408615,0.17170403815483037,0.21120582772420327,low
0.4324507953848354,0.1446087754692962,0.21065226117519759,0.1575378191109173,0.34641476399864746,0.2737246113075701,low
0.0,0.03715440908464633,0.8153473812548723,0.4653937486949605,0.34696376125870815,0.27485630293295843,low
1.0,0.12558846434742182,0.1401993111863137,0.229973378585635,0.25678352495512896,0.4306597940078278,medium
0.3223853461301081,0.07918551749800758,0.47333547986567165,0.14767682293308235,0.285910407824889,0.2559749550788345,medium
0.7776184658600556,0.12020363674359942,0.7934030127195438,0.16141566641993954,0.32322418781298345,0.45710348047060356,medium
0.07930881730321827,0.11487004134904649,0.753114641956898,0.11454497696067775,0.33561286797814305,0.2329847753431665,low
0.21008029361657396,0.07089902753020792,0.5479471431483768,0.2038263287269058,0.2786924861359133,0.24196510372903846,low
0.3572899099364541,0.04545872880352591,0.8560189767902502,0.20255432485258945,0.38611798626515864,0.34311012817047065,medium
0.0,0.010153234110185538,0.5445982549018138,0.14220946285331432,0.7364507436223405,0.2226298891713231,low
0.0,0.5660653126984592,0.8160960573198357,0.7263919005572484,0.22348132256814107,0.41442804963433805,medium
0.0,0.5022521499052551,0.4940027429185338,0.20028090674667054,0.6143641727101223,0.3067616486746836,medium
0.18379660008878157,0.030161583018123758,0.711458326355584,0.4578203155225371,0.575301657141474,0.3457493572593253,medium
0.0,0.5670830620224345,0.8038182716008493,0.10638915232988866,0.34136081873562396,0.3064713064209356,medium
0.45110575796080604,0.919922487398741,0.22165349464743145,0.15843394125406593,0.265484909689214,0.4240737737693,medium
0.19636406202500148,0.13765162252048582,0.2727462795022833,0.18647391870008884,0.3493335312410406,0.21704629846311396,low
0.0,0.4595157342459415,0.20895579977317227,0.12997360351997725,0.6602077341226493,0.24827239763755699,low
0.3990398442544114,0.09962848516103119,0.23607328498446303,0.24197463515065032,0.3522911418314713,0.2762872413610499,low
0.654048758212193,0.170901128828231,0.48343949595610414,0.1858766512984618,0.3194381075627127,0.38800182401681893,medium
0.7897645736006521,0.11122988784992355,0.4601405660886501,0.12597734564688068,0.2346654153281545,0.3885917159920772,medium
0.0,0.12795256626106655,0.09921562586097239,0.4917719440522902,0.5982296490834957,0.22856169330434156,low
0.3906485922790956,0.08834680672999401,0.19549483978693613,0.4880017770551911,0.595414233085701,0.35110065537166124,medium
0.0,0.4860091071693115,0.17353744808006083,0.17884970833933175,0.2555035237801397,0.19732790888075874,low
0.16787106172892693,0.8183415609121747,0.7712555371775356,0.23112649528055118,0.30865333273910434,0.4222412602447192,medium
0.6055363925734972,0.12876353774064073,0.7894642112002586,0.1901930695156444,0.3525597803801332,0.4167558379603649,medium
0.6220902188418094,0.12569587400177115,0.765010700432973,0.25869844729409436,0.20755269322087497,0.40939043895979316,medium
1.0,0.6080076740413398,0.4702576554355025,0.20594922213744588,0.3196604698230832,0.581279098024545,medium
0.0,0.11374991947334415,0.5482719359968437,0.14338865944728274,0.32629872798860154,0.18261331538194214,low
0.007529547586362509,0.9837476416166125,0.4779034497490566,0.1794243512491793,0.5344213606133937,0.38674198440343466,medium
0.17178885785660492,0.21349050969321715,0.5051186134914121,0.1785229965281197,0.6593600254129469,0.3046111544369027,low
0.06366052762214955,0.8662852387787788,0.20540751333576854,0.22768704135355344,0.613673910879048,0.3607548279453338,medium
0.6376334250221973,0.9757952420859234,0.8502296616582226,0.3756835405195299,0.29735522902294326,0.6337235176299248,medium
0.029562576150783594,0.18971850983230149,0.5151728726936368,0.48978692670994917,0.32957864327219266,0.27148258754855964,low
0.4368360770459627,0.9234780766471768,0.2785153186887181,0.1694630005410482,0.2399180037936212,0.4274040369237847,medium
0.6757329546166223,0.423111401498387,0.8119822090649583,0.121784246461822,0.6908918944956872,0.5371301315111253,medium
0.835363551994745,0.12646624531612488,0.4793514325336657,0.2633036221644238,0.31832764203754543,0.44821490028021493,medium
0.0,0.0341579892292531,0.24695624958209955,0.21261269520024678,0.3101026180963641,0.13291296703766953,low
0.22956968448466686,0.8302906401563772,0.1624308275232119,0.25926903030319376,0.29829508794195,0.3558917267570886,medium
0.0,0.11959934742377094,0.09252275478958588,0.13117325849998251,0.2548907888808337,0.10226655273531363,low
0.8027327811328493,0.9835686072397245,0.4781209279425974,0.29224459085727844,0.3800816296284312,0.6247128575949097,medium
0.3662408896616748,0.029146651214756278,0.4946793209753255,0.22057442836868432,0.20340705605827392,0.2645294393702305,medium
0.3443151940924395,0.09691842034235366,0.8392742410696084,0.5210882642288951,0.3539719576073201,0.40588282494352085,medium
0.0,0.10575888460809565,0.7069889420786706,0.24676639695727057,0.3195099222321374,0.22447988595969445,low
0.0,0.42838223992451874,0.5323615578516373,0.20226087570264722,0.2585296691618414,0.244762307177455,low
0.012452933214037124,0.409713167645178,0.21312567047247435,0.1991473597840606,0.30227982927877095,0.20281881041274566,low
0.06861564676069239,0.4925763323625085,0.18868093051962972,0.25501606961466405,0.299859623819955,0.24338425757457993,low
0.0,0.5331199084562822,0.4432792321986855,0.44740828476770045,0.6213015376796601,0.35579275412654837,medium
0.2460850383729904,0.8743397762108367,0.5194915034392363,0.19182569678822406,0.37530127261305085,0.4212775225195523,medium
0.0,0.0573326746616977,0.8144903534584146,0.5338850777783166,0.24519152124506174,0.2771958316935243,low
0.40622565575225333,0.08225713964858673,0.7779533519018076,0.1653099346695237,0.26039360425802427,0.32713315501327284,medium
0.0,0.2226672816477955,0.25849790470513767,0.5481779555300488,0.29467160929171293,0.23714447453509643,low
1.0,0.9202658188745834,0.7961291502792595,0.23434033668028195,0.6209387767142821,0.7434814201600044,high
0.27577929037890964,0.0664690461480908,0.3041822662763756,0.21142246664638642,0.2577033001245141,0.2225949246327018,low
0.17533611821744818,0.14571301783553728,0.28656533340371526,0.15628385465325997,0.27671961511179916,0.19749295224032107,low
0.35775246600089883,0.14806418032191077,0.5262620876450816,0.6081931078163365,0.3734515932517866,0.3935342495624493,medium
0.0,0.49142054278351305,0.879393309564092,0.8131062806566554,0.36424546193222995,0.44745118041248194,medium
0.08050252580483958,0.9100341915567747,0.2651424599695188,0.4709381701468661,0.6606607143890972,0.43921570623597245,medium
0.46238132967737555,0.9347016450324298,0.5496115781157664,0.8503419380190849,0.2965794666352182,0.6226517722261634,medium
0.31212007199733977,0.9248157009574794,0.747710275418474,0.5761909724764699,0.3380050167166032,0.5566946501062534,medium
1.0,0.06845257431164951,0.17348337400657773,0.5551712505579437,0.20940034613887443,0.4821573229957365,medium
0.04125404471409691,0.14683640821554803,0.1726207408177901,0.16073154964398972,0.31975890297820503,0.14774675155553588,low
0.0,0.5778463740807008,0.5507275852521463,0.16321699639464057,0.531989041401546,0.3106201680931221,medium
0.04313233558665874,0.8575983678599889,0.13499309473990964,0.5137321668529394,0.5760850808969856,0.39386753396411756,medium
0.0,0.11507583811241973,0.4576789148115391,0.18136160859091982,0.40123393910547717,0.18812441742822034,low
0.8053988433210537,0.010008108926117837,0.2756876833620728,0.5849156477903364,0.25123402720329674,0.4396426609244124,medium
0.0,0.08104245084485634,0.17789566615404262,0.22061058122827396,0.2825731891974758,0.12940093471735384,low
0.015004400626621846,0.0682387047914612,0.29492179822327325,0.19294448458380847,0.3442833524360174,0.1526187306619341,low
1.0,0.04598629778074579,0.1404784131071133,0.21182432014725133,0.5036682737877164,0.4481841266198238,medium
0.0,0.5199760947131359,0.23777249626509958,0.24785765359374778,0.3084047213085479,0.23549333229742386,low
0.9671326429739899,0.44781754413280817,0.4099735101571299,0.13275909069832398,0.579000139847227,0.5546011673590769,medium
0.27161531770732456,0.4817235409559444,0.7888467257289097,0.7946219335526414,0.306306055298152,0.5010266073679738,medium
0.0,0.1593965698128638,0.7612932614394273,0.5097208351125905,0.6266488314842251,0.34201479492363873,medium
0.4740688966977461,0.46613736962849245,0.6167684809952528,0.19077294300626485,0.23140668997036462,0.4008290071811179,medium
0.0,0.1595701317586786,0.44400899000953364,0.22846092968245368,0.6224642076103668,0.23757719193121152,low
0.5435902903561609,0.1565741169674772,0.21498870744348295,0.5006980253211144,0.3187449565630386,0.3745915651655448,medium
0.3796545693436902,0.02010092395951593,0.42265088624468805,0.1567588458421307,0.3562141126012316,0.2660980745903243,medium
0.5862090372517856,0.06762775224312803,0.45430444348307775,0.20574378877431593,0.6492325383125289,0.3960675666483655,medium
0.16867120390772192,0.07917082601603236,0.22155327196730348,0.44983141449893604,0.1846984539850895,0.2173395681681692,low
0.4561382032591288,0.047061908570153466,0.5463238762720275,0.20473043955932974,0.5993105842117181,0.35904509967619713,medium
0.6938949630290729,0.01619485297103053,0.3661538332995861,0.47914811725802064,0.32732137413468587,0.4112583640696729,medium
0.22275706119391314,0.12282949788531464,0.5316372523400621,0.2060624430953456,0.31039191604894223,0.2589098818126566,low
0.1578912864851792,0.04756809042011412,0.16021352090068147,0.20800263059142704,0.29008882591308194,0.1660268821699265,low
0.6119847365141536,0.1571338925311973,0.45697323501731807,0.237504966560634,0.707732828837179,0.43722910235078694,medium
0.202919570355649,0.02992646008956544,0.8365977792271471,0.15751283468318017,0.2580967380625171,0.26256790765469346,low
0.2632556907415802,0.48462422474342126,0.49340656813416633,0.5136888697703323,0.30166167655079773,0.3978995628279694,medium
0.025297498930554052,0.47192469291044103,0.1766740897600348,0.9039447709940106,0.22175554072524056,0.3425275870328479,medium
0.032098904529751955,0.09536800666774424,0.538356571776137,0.138109524940298,0.29914892573950913,0.18195100230788097,low
0.9007844946670903,0.0692259796341717,0.3823667189283215,0.19977783077840655,0.2971210895781733,0.42595928175861697,medium
0.5750250667288125,0.1708958085292006,0.22168562693495544,0.1747701827753488,0.2949454030954573,0.3191353727841155,medium
0.4820823693255587,0.10412129407832837,0.5238204335670329,0.2273516642655165,0.6922797647172734,0.39333433220908254,medium
0.011931286227136455,0.536361742567356,0.4735177827061743,0.19812905631769473,0.2903372350363116,0.265055798306524,low
0.012932544175165796,0.12441284292500286,0.4776409163016717,0.30139866871398957,0.6195546894431568,0.2536214064420725,low
0.22899460905428706,0.4504095691097087,0.2042237948744098,0.456343284520478,0.274303273977324,0.3218280137700835,medium
0.36772570613392846,0.6134127027387102,0.5484612589363272,0.19149196422183828,0.30300334348387087,0.3990183355953179,medium
0.015009576474369275,0.437569421919497,0.7629445896187879,0.10023720967847119,0.28454062892138265,0.26918698204292996,medium
0.6647331487169623,0.06828725839182946,0.8362014803959392,0.236343216336003,0.3196568126520124,0.43372478351784793,medium
0.2128815109310092,0.1454150710070122,0.26102935368060076,0.27511671310923946,0.629065337643881,0.28148501380122537,low
0.0,0.939455382311622,0.20492961436072143,0.21155857386175453,0.3170889411671978,0.3085055745638632,low
0.0,0.4648840135240047,0.5390251177642649,0.19574480978359568,0.3526293650396044,0.26587393708210044,low
0.03176932919918942,0.08991509063800464,0.12574895480231243,0.8287851170460269,0.34797292774845096,0.26432912267917763,low
0.01517716188533011,0.5731508122334178,0.7909786146337404,0.2726451089241626,0.29604968525424225,0.33676657778031255,medium
0.38526006393897844,0.5419185675784004,0.3916684975985634,0.19592631671122956,0.2647718606132404,0.3616130497713901,medium
0.1661508117296501,0.05217687850032184,0.19725046710655394,0.5851807363604369,0.31190009367032445,0.2536893506075786,low
0.02143608310670854,0.1602401539482641,0.3994903398290925,0.20989906354043344,0.26746735460848015,0.18050232259538795,low
0.0,0.09763146597042993,0.4925074494612585,0.20878791459327553,0.384729380968335,0.19286940067718011,low
0.7367079042360737,0.40667743744127494,0.16839937544916722,0.554883871375884,0.30810107727562175,0.48479970094297226,medium
0.8265353489777804,0.09150829433160415,0.2021000738720869,0.20823033654885797,0.39949207425910294,0.398147153089105,medium
0.6761163978496394,0.5585440155579894,0.4646931042538969,0.14418059114625628,0.26193261127845247,0.45237369802559335,medium
0.0,0.19586806257347447,0.8625848138182074,0.4139506173591807,0.608029298138275,0.34255585278000344,medium
0.8920104167176294,0.5352549709352823,0.4705712009470702,0.1429815147690358,0.19931860983592067,0.503733893773601,medium
0.05974849506563802,0.4857163284974802,0.2371872562139297,0.17512963478694873,0.2749824622800647,0.2269191989506764,low
0.7741771683141996,0.04102408304323253,0.1560624108842165,0.178481669273893,0.2848167421520125,0.34228617391311933,medium
0.20128165492628275,0.10127143345688007,0.48521003516599,0.258025652015938,0.28896235063863523,0.2483697714431422,low
0.0,0.13550136348651282,0.2404245613122563,0.2328115826047119,0.326863162989819,0.15875574786355623,low
0.0,0.48217896576202746,0.7174529890476811,0.2174522199522081,0.30926865672675147,0.293934484009012,medium
0.797801777494946,0.05693353832873654,0.5570699509447627,0.19565483450542,0.29110516091692823,0.41708447459456877,medium
0.14659674926931127,0.564871740986712,0.7831677696094279,0.2716109605642037,0.7296542329953678,0.43819886548169584,medium
0.514349407464819,0.5777086639301207,0.8471124640435482,0.1850542162240691,0.7004947271065812,0.538998476942803,medium
0.35211440364052005,0.04511380822293322,0.24652972661553585,0.5272308285693371,0.6014302097545814,0.3472972389061277,medium
0.5667293654996199,0.05341147983557018,0.44991407123589944,0.23986575872271815,0.32768988628343804,0.34531485098944426,medium
0.029136963419710213,0.17047483730686724,0.2625112415671139,0.10115566776050139,0.5851986240822895,0.1902236698867973,low
0.40375179929614585,0.12509725826251133,0.7956705729898541,0.1847802400022219,0.26966266420241664,0.34290102502063097,medium
0.24989899481543945,0.8920093015580163,0.8177370039818699,0.21320535277200225,0.32211897919278,0.466991026786833,medium
0.37479335746868053,0.148935084130923,0.4636420134716758,0.2426684001978509,0.24790706434347384,0.2974910657786314,medium
0.016011910896898206,0.9238063299608925,0.46719979047653126,0.22208526369592796,0.3616690721289431,0.3583122213912548,medium
0.025590945187950017,0.5516058203799044,0.25085292574400087,0.16336679653611685,0.2714358367431903,0.22901512131266794,low
0.058672919989591,0.1524108481769571,0.546689110376646,0.8616959255378143,0.3383863945665885,0.35318455648131675,medium
0.26243248623232684,0.5232513298679052,0.849082026423779,0.15796247441246059,0.25097798540948074,0.3799815085007602,medium
0.6218141280343569,0.10533141182055392,0.21878332550462307,0.7861500655655971,0.6349687002603415,0.49290333775228196,medium
0.4739163862550324,0.4944174293969317,0.8257542151907864,0.7910632666193006,0.7250608186267802,0.6318933101523911,medium
0.7025359130055593,0.5207451727814524,0.24962008970528937,0.4829727842661226,0.2873728928761883,0.49205331269840447,medium
0.2156480663759262,0.17500080232978277,0.2918834394108254,0.13290067784872314,0.34099095633171866,0.22120587530986066,low
0.36374647975781005,0.12227732849120775,0.8310955736092139,0.2559677525430318,0.2479039975034254,0.3466228958010868,medium
1.0,0.08700190419441749,0.7162233977566256,0.2126182800574805,0.2541075948534135,0.5054736857418854,medium
0.04995841862008354,0.0310849882932777,0.444653860571523,0.4941744183501763,0.2797358853446732,0.2286978688021453,low
0.05004753775087856,0.02205899336301667,0.714784623487488,0.1619074751342579,0.333002187024684,0.20897557660154426,low
0.0,0.13059429150554103,0.5517977613127273,0.5167922196746283,0.6212387729458373,0.3054327823748185,low
0.19106284863144166,0.17270800737139258,0.19941950408291098,0.28198879773288,0.2534661590126337,0.21619106507461872,low
0.030788526632904423,0.145237598522901,0.1617895757164728,0.8222051414174304,0.31644204398817416,0.2744598489336346,low
0.0,0.84830174559653,0.20577217483790405,0.3356803685592443,0.26973789027444467,0.3081229325980072,low
0.2782529725031465,0.06198240324972065,0.2196896222328977,0.5162267065716106,0.17555190211079455,0.25840394236676406,medium
0.24212642410849208,0.5871465215452253,0.5187994129097451,0.46938925734159515,0.2963629069952586,0.40621943099566227,medium
0.3510489875688147,0.8659395401862221,0.19478960976051707,0.1810719292363176,0.5697617426817342,0.42939969302149006,medium
0.0,0.8710769154989613,0.836792699934877,0.13871762778946933,0.2805128145735283,0.36955473583394693,medium
0.8336593155909077,0.08184857699130685,0.26613556961246954,0.5343885789779508,0.5817512062074925,0.5005282422441181,medium
0.45406384407936606,0.490079390849437,0.687289882280377,0.11189530864446694,0.31626366265376643,0.4071471248627121,medium
0.012409596505434606,0.8310884310926278,0.3119383721123375,0.19840605276457102,0.29789121267717245,0.3010962134414966,low
0.47136203127995685,0.08989264993694793,0.5353858940551708,0.20728974160012123,0.3143974662789676,0.32831259174152166,medium
0.3708675566747303,0.12743171278717746,0.2602618971202356,0.5316785222101326,0.27348177069452756,0.3231438641740956,medium
0.13502140971686047,0.9402518392640928,0.4324425357670595,0.2051949047345997,0.28978152679172997,0.37792938109861507,medium
0.029663396913121864,0.474847180883713,0.5642257435262076,0.16620122505721222,0.28272393752589936,0.2641511524199377,low
0.2195339296829643,0.10581530067926302,0.5306685145915334,0.23077978839055474,0.7593100421633738,0.32667598023208894,medium
0.1533362859721098,0.5006808301011431,0.4942194871981859,0.17163109340802482,0.3761716687207607,0.3110219438813085,medium
0.006773249443272832,0.15230104038244616,0.25513594215721774,0.0910850394907064,0.2917394307316934,0.132740496740949,low
0.6433748734990858,0.48885656275130723,0.21046392978474962,0.1497488680628647,0.2829909697975465,0.3947517831499045,medium
0.0,0.49184879453323066,0.4761841698182868,0.46964323127847746,0.32483672569952243,0.31245153949001303,medium
0.026565575003618586,0.061735218217318484,0.4109383775228511,0.20703310805656827,0.27525263980408643,0.16465199035490355,low
0.0,0.0,0.15805838417971327,0.22591684191532543,0.3269807975847107,0.11793924564772867,low
0.8463951582466976,0.5078567742971875,0.7605734709627555,0.5508396667094474,0.3639662361513673,0.6343387917424547,medium
0.524341947789864,0.1137029783969839,0.7408096298718765,0.2547569121198754,0.3262898089243369,0.391059478259763,medium
0.004010772954858516,0.5345010892753139,0.4613429782926489,0.4460932111865407,0.2957584200175405,0.3108873017253569,medium
0.2613350926530044,0.14980632043935313,0.13080228164986796,0.1375554042990204,0.27146664936261833,0.19621321239544898,low
0.140657829636074,0.49287968794760845,0.4303084002241323,0.19534855063898962,0.24364998583111971,0.2809367545164296,medium
0.08530348958673926,0.0,0.14673418678097933,0.512436391795144,0.3024478495686948,0.1954556306875017,low
0.031770576248344416,0.5563296499726204,0.8649735387711719,0.5423214097676282,0.6622373859193428,0.4583430235261302,medium
0.7169174453947296,0.8346462704320086,0.7727419715272508,0.1613554627067239,0.7247792765888078,0.6389037674635741,medium
0.5517227463836363,0.8318191286648906,0.19748960203283183,0.17678914206264326,0.3298085898263479,0.44633320683947464,medium
0.31636572960083514,0.08724346600212857,0.46789639890337753,0.1400146195907684,0.29512071389446853,0.25481390291850686,medium
0.3889985303288717,0.15756714173242906,0.22625496037062132,0.17891932420067097,0.35547813988597754,0.2712568173237713,low
0.671327124228684,0.8841881910473646,0.8286229020642966,0.16880587274792647,0.7712055056576286,0.6519712111859521,medium
0.4933734888835501,0.08373025008964761,0.15407191163324643,0.7843540709785719,0.6288541158146201,0.43906781499588887,medium
0.34648232597630096,0.08035838879984958,0.17299068142035928,0.24036240569214756,0.3250906916312106,0.24280106264902518,low
0.8449700267335225,0.0615811017063581,0.432444582861351,0.22943789070899062,0.3168606034630188,0.42409058445178194,medium
0.0,0.14084665886349315,0.1560067194301557,0.14957390452404762,0.23724259523152558,0.11707150987676035,low
0.16114159560185853,0.11092922975923335,0.4011077209135461,0.8708595415411614,0.2285991370142031,0.3391562616297989,medium
0.19247647272611057,0.11554761425815617,0.5841415513891328,0.539325305849893,0.5521097795273775,0.3591552254769195,medium
0.659347162775818,0.06111759459224278,0.1532659602458523,0.1598919955338979,0.2878702597699111,0.30817649986033807,medium
0.7580439945870382,0.5092891114282504,0.882475461040455,0.1631495105356285,0.6622498080791825,0.5936097131368329,medium
0.0,0.08353953687358492,0.28947490519835356,0.23205336814480615,0.36163848334826043,0.1607855892856703,low
0.0,0.45627430184434814,0.7990549200986683,0.7983577725790548,0.2966977424690557,0.41528931426983917,medium
0.6814565612080301,0.4840454482227162,0.5533600158525827,0.6262553328103094,0.34327257129019106,0.5609920126404302,medium
0.0,0.0,0.8531783451095565,0.8694782122472673,0.5939488472158831,0.3909647212982694,medium
0.03424512565539709,0.10597362686605527,0.44423161984767,0.06819057285604499,0.7333245207204385,0.2217397987262555,low
0.3325143562330757,0.09287059596568875,0.4469933235525037,0.5198681106602465,0.6011764383741529,0.3795275124841082,medium
0.1423356521341798,0.08011164079386937,0.25205349663692767,0.27517866372038535,0.37467652287520575,0.20776825946992492,low
0.18820713651581,0.07224668858287243,0.7947698730940871,0.2022035257656651,0.2469253740465378,0.26760647089554424,low
1.0,0.0,0.48006756131173484,0.23484567654765,0.26000786634947476,0.4579804494587114,medium
0.25966954833687006,0.0977804677227292,0.1478859523122724,0.2709408588967094,0.3195553552967746,0.22176132596630577,low
0.21884794073271485,0.18455556357238842,0.17939312552631434,0.22022293975037985,0.677672069071032,0.2751698620739701,low
0.021288544507248278,0.11175244145020372,0.439284067813113,0.25009909560261345,0.28640790892859197,0.18761066727399367,low
0.18376044264945013,0.15548353283841787,0.27551644769268546,0.11650528147265446,0.3198835009829911,0.198835887958401,low
0.2725538626518631,0.5246940117369215,0.26188302741940483,0.2507711168913049,0.6685826618316132,0.37642903790885696,medium
0.014051707160797506,0.4931812947154229,0.23410904604926946,0.8417250784896109,0.2912721395461035,0.35000396462855193,medium
0.7717885180696624,0.004943703895332885,0.4584413960800589,0.15561396928078386,0.706277081235152,0.43835586165340373,medium
0.5868674317328404,0.14000170585105431,0.5857596248077888,0.8146644981416378,0.20764010277835765,0.48600342945631253,medium
0.0,0.4897311011852823,0.14640100239936443,0.28833424898660787,0.3424854262567211,0.22894603433279087,low
0.0,0.1519617622995867,0.8408316024729701,0.1596238979016718,0.2532432088869957,0.22642835374424655,low
0.3874696634115862,0.9021098789048158,0.18749349485498157,0.26749528862754823,0.3130399848772237,0.4252419544897794,medium
0.0,0.43706091186459994,0.5370394924738815,0.1622458864804969,0.3578344982547672,0.25409245827831667,low
0.0,0.06388915126042807,0.7463393470809873,0.20676700986633373,0.322038022926834,0.21438783772652556,low
0.26728451605519404,0.11430746561459176,0.2837469135163425,0.21194063576382588,0.30652503207368587,0.233975766930746,low
0.1078511783564016,0.08597893286861712,0.5003619420502119,0.5086783927704746,0.26538712855674407,0.26614917922578224,low
0.0,0.4866392331605445,0.5406825097526193,0.2160355852999361,0.33896915990667936,0.27248271414099096,low
0.008366691621837594,0.09758859089780224,0.16149029923976904,0.09391105983622,0.22217197481938533,0.09835927874222888,low
0.7564151409930275,0.051854663457980336,0.4819768998414654,0.20716138770318804,0.20060338223892632,0.3811147948422007,medium
0.0,0.7821922080767156,0.8280062551356326,0.838013377256509,0.26235988207558447,0.48759603764832754,medium
0.0,0.1768426889121873,0.5361137227597775,0.18939282671614024,0.277954804303161,0.1953573821851063,low
0.002325121431086784,0.06944485806727908,0.7540909143399003,0.26933210414692454,0.30997760209434294,0.22806320633730323,low
0.18292743812658416,0.08173952813417357,0.7376036516239369,0.08495177618938934,0.2862444151391142,0.2417937023171455,low
0.0,0.1437655655507356,0.471093768538912,0.1645820341507996,0.23324778516541766,0.1673207529959565,low
0.16554115380801113,0.08224738583970403,0.45600862337495585,0.19653361945089018,0.2925104614732725,0.2176964099277564,low
0.18058614395055653,0.5932234302613345,0.5512754226314461,0.24863277259193542,0.22434645838019188,0.3388903659075666,medium
0.0,0.5015056513852779,0.17866996238157326,0.18418070699631156,0.6105952581345474,0.255527054753736,low
0.14523014891288172,0.07911339993706937,0.19153570769863337,0.15610190073663863,0.18988261193399714,0.14782485275350069,low
1.0,0.5569875864447345,0.8547550610061632,0.31106646775711877,0.26247392308614037,0.6411951584542163,medium
0.4102632624444996,0.10742569761487616,0.4979939854952184,0.2502279929380847,0.7130906267845113,0.3762724086859015,medium
0.42306485795312004,0.14516751695072755,0.46490255014687676,0.48960897983808416,0.5329961698252934,0.4035595647395239,medium
0.011982975893613981,0.49748440622260004,0.29364616463973997,0.10914358671235208,0.28656117778531637,0.21195159271883307,low
0.9387645424292013,0.10052768015541111,0.7681500522978911,0.10650602969957235,0.24824192873174616,0.4754949018542027,medium
0.27711991395172564,0.0363858879142815,0.5083798657050362,0.8386137964298451,0.32620742591019153,0.38332400479662715,medium
0.560071466741058,0.0,0.18296553913764246,0.49692354156395946,0.32348321771478034,0.3433734618629727,medium
0.0,0.1392503888073314,0.8193815292648052,0.15824684241798945,0.20038748712626075,0.2124647987037241,low
0.25027096315236963,0.4751416425996487,0.47468467406314996,0.7421636537652065,0.26119060340218236,0.4289236398384818,medium
0.07248407283182044,0.07966737763490978,0.5051896027261177,0.13134524902080735,0.6471532761885188,0.23679917901788505,low
0.9893810914276153,0.4242780452534807,0.2546740669628273,0.17591789989546944,0.23393588198392232,0.49014500880008705,medium
0.03680310434017519,0.14514969847095077,0.4365633480404457,0.14078053707013313,0.6340166741706178,0.22881398174192885,low
0.6125403294585616,0.050484466110410325,0.2369612990935726,0.5173333488718944,0.6519071474361811,0.4306559288134925,medium
0.21843872010325066,0.42296614417334044,0.4292878062278766,0.20447040966943758,0.29122091065689526,0.2990952343322466,medium
0.22578790936049076,0.06562172991697277,0.29301768393141536,0.14614377426345537,0.6696591560131321,0.2544909996359149,low
0.2972170149019059,0.09570456568630108,0.7125593742628213,0.15108452259785524,0.19906264739491455,0.2752662253760634,low
0.010510106996073638,0.12418198203342763,0.18444344924048375,0.1830512017841289,0.6167050276330398,0.18477194039336192,low
0.19191338538627625,0.06693898228205902,0.1508675478191506,0.1781233324553197,0.3311011508923486,0.17888178337008348,low
0.4827741150478465,0.5597979512312108,0.14062399438124015,0.18317870243195428,0.40530438406533714,0.37531682201397354,medium
0.013097998733939152,0.15331575374550643,0.2134885773823763,0.1592889796860803,0.3764764068412686,0.15494509394004582,low
0.6425472168643817,0.056077544313566735,0.2244270591008921,0.16413136428080063,0.315287684782545,0.31776315836070357,medium
0.16921411574569467,0.5701571826955629,0.52151982042511,0.5127730326189206,0.24178897513043057,0.38184659711993624,medium
0.0,0.15387946478156775,0.5565563574181418,0.25338366422071923,0.31012158397442946,0.21145431700934308,low
0.18874846578902515,0.06496565918552291,0.76163968796329,0.2188765446371679,0.6615321393802385,0.326868754602775,medium
0.05988925271502572,0.4895962139252605,0.7665000817004008,0.48166895216765354,0.5892372540207225,0.41558040939125906,medium
0.6408232919097632,0.050466183084130325,0.4915069888823855,0.21449742721698445,0.6267843194207087,0.412983405878616,medium
0.39607638777869614,0.4271127816283141,0.5942890928539527,0.5633482105057918,0.3437126450337599,0.45761537544358694,medium
0.822301012042262,0.023869248123461764,0.8103988201964493,0.20988033504944067,0.6706688245699932,0.5156003669622256,medium
0.2213522621434214,0.4731245461386645,0.18079611720425612,0.8295137332600087,0.3551519595456113,0.4073255460352412,medium
0.1149608435108348,0.019183769267694564,0.787192352605134,0.5153583680406361,0.22729648116626294,0.29357000558062607,medium
1.0,0.1786229893501815,0.44072769652153937,0.21213513728161337,0.20917201917961314,0.47563658268153186,medium
0.2689178312794236,0.08014721367814863,0.5033717999011126,0.18851172513892658,0.5805508798991569,0.29699553911728255,low
0.2427317068695147,0.1678564575076596,0.15025478585583962,0.07173702732126597,0.3335097320206576,0.19330288670811413,low
0.08854070224872022,0.5852972891096464,0.822850189505603,0.45588518480931745,0.2520802428003356,0.39603827030429956,medium
0.20981817338487266,0.17051547846247794,0.17420560030687235,0.7334870671078978,0.688622294324766,0.37317014532428266,medium
0.023162191287465658,0.4124450291893955,0.7698393124839149,0.7954575190305372,0.653525245009431,0.46203385065422814,medium
0.11165796994933559,0.16699417887733956,0.8565697322814145,0.1671312190685816,0.3105619944326938,0.2753922295811012,low
0.1703038933259331,0.5813408391617944,0.41655414553079323,0.2073687824335128,0.36862067596330084,0.32660931554095546,medium
0.6992882499978206,0.11666980906259022,0.5314473694562447,0.21930556329215137,0.7388943351037599,0.4675328051542952,medium
0.01962161938896849,0.8434093103943707,0.21494299116904436,0.1858154467665517,0.22318080174899096,0.27745000618658033,low
0.0,0.4997884289965115,0.9064266078988981,0.545903963721212,0.37960415715576473,0.40204309330174415,medium
0.2521604884767168,0.47587055148287316,0.1375579172480851,0.7787692471661614,0.421208168639675,0.41039101915598597,medium
0.0,0.13776397954596856,0.47254635033344694,0.5550939940343,0.33426680633779,0.2595935682167393,low
0.11593724885562717,0.1012983522742728,0.5701156626606798,0.4766475153546029,0.3163308145245425,0.2833373197602466,low
1.0,0.026054941841619078,0.5756284656650069,0.38800986833008666,0.29938118318763135,0.5140644093622369,medium
0.5817299521468384,0.1437895474345132,0.46104086265643157,0.1934508476967935,0.30347558315706274,0.356644531542337,medium
0.028770810553452937,0.06858585082282911,0.5821048701271249,0.8344006882425227,0.3133191280080444,0.32354215069938164,medium
0.17447591011374408,0.07997221196932297,0.45697904091865565,0.29151087065400827,0.7229384893284352,0.3036270190958531,medium
0.0,0.10176642072877036,0.14294642804307528,0.12104452512133078,0.3022331539831059,0.1113391264739474,low
0.5292035383285454,0.13007170718684596,0.779244541021923,0.1910365069029199,0.3080284595992849,0.38607365440969793,medium
0.6459561136602545,0.10017032897105888,0.20325837554537277,0.5671860987165704,0.2701755900395812,0.3982732144733453,medium
0.2535583622780774,0.5369117340945079,0.2266909475978699,0.48252867154346823,0.33454964868081605,0.3641416792528213,medium
0.4332041406399197,0.15363805580630507,0.25907353618463996,0.18655989741629575,0.33590412237222067,0.28724748162002517,low
0.6597402120750835,0.10848741270880179,0.8310440469065201,0.5140753848353151,0.7508853263442469,0.5597240291189635,medium
0.4493672294272203,0.15289335184762498,0.21270798289212078,0.20302584863918102,0.35352289059582315,0.29092863994871887,low
0.5928464923639946,0.133523972339616,0.5803015030715809,0.11939374487763882,0.35544488711664113,0.36879944968088263,medium
0.08172636044241832,0.8736756207683855,0.5023487128589872,0.47470586443822077,0.20649816386897682,0.4005212366832413,medium
0.543634372528456,0.18537680934736933,0.16892825090072824,0.7740813819688911,0.35094792173950434,0.4329633759178238,medium
0.0006916447554693388,0.12096729072404494,0.879038153302796,0.16598764447701225,0.5631938942265109,0.27393328759624824,low
0.0,0.41344086911889316,0.22140748143473693,0.15679105222265757,0.7121156300092425,0.25407485098490706,low
0.06676992452327751,0.0845203527644357,0.48985157898181586,0.24278825646773583,0.385630129268072,0.21681495544090074,low
0.0,0.5249067203737883,0.48910493278973693,0.8152267311758382,0.2962391166589346,0.38582829772722604,medium
0.008600361374965565,0.44535890432402536,0.5210158047804246,0.8005870748421916,0.34973182823375215,0.3823814491978596,medium
0.9380289632744607,0.16339437832367001,0.8031900854648157,0.5761967124941255,0.340864161926919,0.6009350442546576,medium
0.0,0.007043779269153699,0.03997460538226827,0.5217005242320559,0.23868692781394174,0.14754809067967342,low
0.15417364761035923,0.08286850866596836,0.4339612772269493,0.2950299167983489,0.25585526664556846,0.22530426095684888,low
0.36140746848887656,0.032563725641684846,0.7659339884730437,0.21153252111209006,0.25874516320165114,0.3109433626486222,medium
0.02297190197677497,0.1731000909457578,0.11425491222105778,0.5039254335756248,0.7219966888826415,0.26773441566286393,low
0.031009349759416716,0.0989451936268256,0.48557002555225903,0.2614200867801072,0.25973325054527935,0.19317135242384234,low
0.45386883302956393,0.47677747230603496,0.47348873049689644,0.13601023175817947,0.74750196376573,0.44186679486110597,medium
0.0,0.12271888736325612,0.5572872152942433,0.8903333948574774,0.31737260134871315,0.3338094289405902,medium
0.21110398260831126,0.5443207515505033,0.47158356572180254,0.47329353308349376,0.35219918192282845,0.3904214638559874,medium
0.5231641023087031,0.880501667811366,0.24295859058307082,0.20358058484385771,0.3288117097238049,0.459531226269687,medium
0.0,0.04459459523150316,0.16157820580479076,0.7316353146128105,0.3103069039358521,0.22602874842995918,low
0.1492465951358921,0.016000425233822876,0.16694752170221724,0.7364219206772765,0.6020234462935332,0.3106040929223501,medium
0.4414836687693376,0.06322366794197082,0.5147298361750153,0.7542107117840474,0.6919846029507041,0.47693914244486285,medium
0.05455497886102903,0.08122399776768716,0.8859671039276842,0.5700305308541113,0.646453709653093,0.376480521419785,medium
0.472163285645004,0.1453417475705207,0.42855708863234176,0.2198067238181939,0.6554417173054958,0.3772785008619197,medium
0.37555726606162,0.07786488658274757,0.5354470042917803,0.8288239809367564,0.22882895164695002,0.40864634671319633,medium
0.4018195343938874,0.06199549802938845,0.5428935586284411,0.14602813223000377,0.2619569523438531,0.2828781630158888,medium
0.8135205841770227,0.12104829138747102,0.8448698896323088,0.11094234719612295,0.7282397919845603,0.526420755212356,medium
0.04240747134815458,0.08838171937011707,0.23515169571116584,0.48540119092525774,0.2677952056052636,0.20292085866098575,low
0.577064044607822,0.1654818439677926,0.14752596236332757,0.5630526639767883,0.2507399186492814,0.37856599712315414,medium
0.010182851154739181,0.46657681943385926,0.18676687048513263,0.48900537701026736,0.6872817214249838,0.3252785834217645,medium
0.39163069872678685,0.0117458241769062,0.8193528142398899,0.22368674151231382,0.21907323558863911,0.3203396302301594,medium
0.17807403697819246,0.49899809803364303,0.15746266408668963,0.8099365049809243,0.3672426778791704,0.3939149329912502,medium
0.2606774019808704,0.5282644070369288,0.26355991321717187,0.1665470757397498,0.28066321159235985,0.29879898587102655,low
0.03369686358498397,0.13015841861305127,0.25550372055940784,0.4666302921959532,0.6830072424001856,0.2702434456812351,low
0.3424474364682798,0.16041136099269235,0.7956460833030278,0.2781177590691894,0.35320611522275824,0.3627678847317282,medium
0.580893682438351,0.13896856151557807,0.4941584571648815,0.11224128618806509,0.3670063048801,0.35368478857898117,medium
0.0,0.05652329311814211,0.21920605112670777,0.1623839377157526,0.5772356980116073,0.1632477085375262,low
0.3717886749115823,0.032977192259686525,0.8431502007227114,0.15403193889549643,0.26835660243853243,0.31566444917869785,medium
0.43630543862372545,0.08629852590482777,0.538360274198873,0.25164982243934386,0.73792279907506,0.38992376224704195,medium
0.04149467898603067,0.12609283111485792,0.5562839630227004,0.5419586453451928,0.6591104281053239,0.328367857657023,medium
0.7350073904796585,0.1438829070445767,0.14008595204341817,0.5007700315972458,0.7675346932746767,0.4855759016699763,medium
0.0,0.19332239045088495,0.20034125609168024,0.2603830569375377,0.31209566259382404,0.16760662728051018,low
0.0,0.07985919134662427,0.2610609783545454,0.12373066511994141,0.24889409802174783,0.11721123274975712,low
0.07945980800800988,0.08307789885020284,0.9035464826209048,0.1790013470975592,0.3222866087899047,0.26012875530357676,low
0.8000109687501986,0.09154991392692235,0.8483115431790853,0.16248231332582355,0.4724169515823935,0.48891901028983054,medium
0.26716989987466616,0.09111170083438441,0.7915824814785443,0.7252767145839382,0.30837946135387084,0.40842294447092664,medium
0.2178041697914614,0.45180212000857184,0.5339263015907815,0.19956040880889597,0.6861164450378312,0.37862016869522386,medium
0.39687116600750283,0.1389283301575174,0.2732842036897686,0.1961830794664268,0.5853649340395086,0.31488100238643124,medium
0.5648057438104839,0.05624045366279154,0.4831551631067317,0.21405037271398375,0.5978130496361074,0.38564512032992604,medium
0.8167836611537438,0.42997601373481475,0.19606310291435686,0.17863678022182344,0.35149124424716843,0.4488908092116795,medium
0.4765904688734399,1.0,0.822701884870549,0.17281155736518933,0.26831484107467896,0.541191961026854,medium
0.0,0.10202628934233873,0.759253088757424,0.7748577046783441,0.5991832684728134,0.3791422523886722,medium
0.0,0.7855212707619316,0.7653803570634933,0.1655031487405887,0.3300858374347437,0.3545248130752396,medium
0.04614383529776918,0.5480178580612386,0.7870728963387289,0.5275762595067278,0.3450288856517343,0.3987772414014935,medium
0.0,0.08709127824215493,0.7703179371460251,0.454639157871096,0.6565252606845022,0.32237256689722926,medium
0.0308134275874282,0.40220868301097124,0.8630764195474242,0.41722674736979964,0.711165104743177,0.40926734299597284,medium
0.005575471611334256,0.10173675054787656,0.601067731272504,0.22020891865663647,0.597649718040649,0.24586939272127584,low
0.2182722141155989,0.08169465321078212,0.7175560387130571,0.1993993307980536,0.22869960487875224,0.2636388075752182,low
0.4080046017786213,0.0821801487699883,0.5127914928949519,0.15919799714717953,0.3063341119020691,0.2935458504365731,medium
0.5412957478822376,0.5699566580411516,0.5191771886412077,0.8137535747491689,0.5644340245468064,0.6016724529009375,medium
0.0619189414304385,0.9418136679749899,0.4789550117697812,0.20834008621429184,0.2922236955755119,0.3642832393687819,medium
0.6097930372292033,0.17395964729102614,0.4756494313602888,0.5069261001797264,0.27758260831470405,0.43209986661416044,medium
0.7360737033114182,0.06606250523613637,0.5509766669776931,0.16314815170884445,0.31114192404642443,0.39598203103603924,medium
0.9989531267498292,0.5212505349308114,0.15077924952472097,0.20120917377616923,0.2517056724801747,0.5045506180670792,medium
0.04606846047940522,0.13150644367787775,0.8100781998109462,0.1155925312764527,0.3386188452929858,0.23554488990027744,low
0.26746033969974525,0.8405873458566062,0.22103237529611341,0.1994226902400146,0.24870699120915662,0.35870101410503824,medium
0.0,0.4999884863654893,0.20266371803340097,0.09789868903160535,0.6149685337108114,0.2422222728410508,low
0.0,1.0,0.18391343591348783,0.27014488471432835,0.24978150660745446,0.31908321832100706,low
1.0,0.050967759971815824,0.8499536099893802,0.7984014482797183,0.5225613723580047,0.6757510890024145,medium
0.9802995006284994,0.15396491131086049,0.5524086495427547,0.16062773478239112,0.2996103869742553,0.4848112348847516,medium
1.0,0.04202357737674786,0.16356743996542553,0.5354000601553411,0.6882940632968966,0.543263952995766,medium
1.0,0.8865351914684632,0.2180607339141301,0.4096609852715506,0.6062892099447603,0.6828917269268362,high
0.3672988922697271,0.09409110407054277,0.7826993039294222,0.1699740690819429,0.7101979317222578,0.38693728765916724,medium
0.7837410440606196,0.5109065264601887,0.4922909160690298,0.16539047779686572,0.2546886445691139,0.48242864816531833,medium
0.0,0.13438362869874676,0.46105750195142603,0.22021411190905418,0.32363652731790526,0.18862365251195987,low
0.15779213999772032,0.42819043425920533,0.8606017598763287,0.19142741948308797,0.20138020040367471,0.3305585067897752,medium
0.8730442635076086,0.49496409136971203,0.28816104088006944,0.7595921800124533,0.5593139649200913,0.6399457841987397,medium
0.09664105636976919,0.14611599337127945,0.18577246577116777,0.484804848570622,0.592073893389025,0.27185343917334,medium
0.0,0.12569123341702354,0.8050964601764233,0.2271282245774079,0.3556539739760488,0.2446764567217571,low
0.7595948561569389,0.06566951517833472,0.19613367941482235,0.19564002071128664,0.5827461534866336,0.3969723389602243,medium
0.0016782913370309465,0.006062402079746135,0.20240599732252676,0.1535618114964274,0.6683572735738103,0.16304282075079454,low
0.38551974862874794,0.06854428948050946,0.7520308355716276,0.7607802099345369,0.32718907248907503,0.4434038106807391,medium
0.21573327978656626,0.09297892293931635,0.7472295522879281,0.7831433187192657,0.30978336897590375,0.39849637045726105,medium
0.49796073190172035,0.13899156752426614,0.8246953262998551,0.31226917044506125,0.7129538083535824,0.47028773736239726,medium
0.9899794824851987,0.07968643629710659,0.2157869439480724,0.2102371274550317,0.33667908072294334,0.4378484611966396,medium
0.0,0.11544891317347936,0.1966410566023306,0.2656662873052682,0.37825132544963347,0.16245689740354413,low
0.4223048123216683,0.17839328041514582,0.1654231004744929,0.22734303194004873,0.25308510160218006,0.27061493647904034,low
0.01957725207170338,0.15087730008866884,0.8049181024656714,0.8379210852531078,0.5618155800460587,0.40864290506662587,medium
0.04349538368120959,0.1797931375883149,0.8683174348407995,0.15898886024743003,0.23936563533209135,0.24695747519744546,low
0.7619387113886738,0.07104881800986057,0.12134945634219584,0.19025239858526102,0.34745310442901983,0.35116224085130876,medium
0.2167176564353072,0.9050999493116605,0.1484091908553917,0.2400359724566237,0.27414049892889597,0.3574249347518922,medium
0.427597533945327,0.1686731006391389,0.7816754732080217,0.2439722716197927,0.2925466851832219,0.37194165839407095,medium
0.840105998574465,0.05753434357775028,0.132675888494434,0.19462455042452767,0.5413325734096307,0.4035648476584048,medium
0.04515112788136302,0.4964482627871754,0.5376600412192968,0.8311620797486705,0.38179154516691016,0.4169851448295092,medium
0.5018156632948855,0.9642815647240415,0.7377215013227298,0.11151208556095016,0.2982452998325687,0.5210984492187588,medium
1.0,0.06864174532083647,0.48695313693362774,0.1658060112445337,0.245894690994234,0.4568167255022533,medium
0.822249230300859,0.47775784407465377,0.26718878273941066,0.16099863831269062,0.2891757939387622,0.4578807520694525,medium
0.8808270544422319,0.012073280918416723,0.5855433114448494,0.14597469464740134,0.317042847566276,0.431245635297502,medium
1.0,0.1312004302540454,0.8199177543666382,0.1296831855641235,0.35912830700695864,0.5290336323696733,medium
0.6554226412431546,0.06730001935047017,0.5036141550358357,0.15964092240770672,0.3341225629495224,0.3676754884223855,medium
0.34398809479467873,0.5083149715568568,0.5395094811006025,0.5152286299649395,0.22823573796883606,0.42306693160317865,medium
0.7762321421003208,0.582434434171607,0.560172379079692,0.48827239623335034,0.33161786623266365,0.5807795455079411,medium
0.0013996483864641917,0.48722445460691344,0.2565580875599033,0.19464883178856732,0.29214979344116315,0.2191007339451954,low
0.15993005405933572,0.11207516600933701,0.15360355490000283,0.18394744788892806,0.33080565898593867,0.17984492108034497,low
0.1895267068680988,0.8431932312209479,0.19185138661054793,0.18971127375416352,0.4739473361262968,0.3633087214659787,medium
0.15337871568816497,0.38925567504538944,0.22351797071638058,0.28000011907209604,0.23143818657510273,0.24810819712366908,low
0.31389581249258824,0.17629704990464312,0.20345690518755277,0.1890135625849919,0.32920484409484485,0.2471301286380631,low
0.0,0.12793782596953968,0.17843379738928364,0.2655720782228599,0.31626323780279053,0.15290653611729105,low
0.0,0.8470167888925015,0.4844811178286157,0.4943566645756498,0.32167485609021235,0.3891980867814545,medium
0.0,0.11942004445640614,0.14442457530786545,0.799106204292196,0.6798744555018585,0.30735010437117904,medium
0.0,0.5086834429527387,0.5497569757358777,0.5275280896307997,0.2570230441286136,0.3282593094963814,medium
0.41568275582153014,0.0,0.14977156155150062,0.26514112597695944,0.562347606211659,0.28455092710632485,medium
0.0,0.43991920980958327,0.863064023375406,0.20103317415903948,0.26357973403635826,0.29718704040548916,medium
0.3490844418452198,0.5121714600765341,0.12957730539744344,0.14395414338830176,0.562073103755279,0.3396980146194415,medium
0.8667125587398194,0.021741340082341895,0.26975568683693346,0.20238800693991787,0.2855322487510218,0.38813282736459104,medium
0.1999842631742041,0.8321104927696504,0.2091498209447696,0.228042609246283,0.26395189485732906,0.34299115672576275,medium
0.8044038915229695,0.83417069683034,0.2634334084022856,0.1846980619836573,0.27251951745586045,0.5254878580984123,medium
0.0433230232797878,0.6213276290712644,0.168490690398069,0.18976303147102844,0.6165710945265934,0.29297430683109427,low
0.3742343743711128,0.09528561610949304,0.28232146284704496,0.7867155431532835,0.5323534692125255,0.4108717839728247,medium
0.39672260073737936,0.08818976476120689,0.8530020963082589,0.5267729048232412,0.2998985605072164,0.41494441266042476,medium
0.025450253079883724,0.4889360024160839,0.224592831366189,0.4080136699874727,0.2735696321413353,0.2617493799308051,low
0.0,0.13778174296637868,0.48493456254015427,0.2004421409672807,0.28007541518560747,0.18239627344559617,low
0.5251443631203357,0.0,0.2229943598132837,0.17725221729659116,0.7077955101474275,0.3326122328895256,medium
0.0,0.0024647394249643073,0.7939253091474542,0.14885551007509457,0.2657215325782977,0.18921107615887456,low
0.028876217036458887,0.6069885876319294,0.8131333203855704,0.2203110272074646,0.29772621647461567,0.34075171860784437,medium
0.9024420327412894,0.9865324857721781,0.21279477904191846,0.5340916719570431,0.7272200043994852,0.7158596588844417,medium
0.03781386244451386,0.053572551121462864,0.5413111545690019,0.24379493048226084,0.7037274513115307,0.2575734459361788,low
0.0,0.1564935314685319,0.518177164312174,0.2684142026341208,0.27236136934208705,0.2035623268686697,low
0.40094611575477673,0.1449135964845154,0.8024511383565485,0.41881482845893475,0.5703184260904144,0.43894495438216746,medium
0.0021494945172128585,0.07421474594761697,0.44250493323205986,0.5235666927749737,0.3549076118832931,0.23981301786698495,low
0.009432451657011672,0.428957162561333,0.7364818596961628,0.5126586088941602,0.2513570745518774,0.33932872992540813,medium
0.5038336703665008,0.8589057519148582,0.1723724695403264,0.2785586848422559,0.5828428667635794,0.49192528890695897,medium
0.5474307399393745,0.4985555900869825,0.09799653268113702,0.21503712413716,0.2650222768676364,0.36140058625895694,medium
0.17610692266870837,0.49731196425985813,0.1332279551926981,0.18047463489636256,0.3069408843433017,0.2544147225622566,low
0.34267756226931956,0.5537571459713054,0.4424420247873054,0.586288783093252,0.28233502153014617,0.43952901144132506,medium
0.034981259990618095,0.5227316500384126,0.245629611517512,0.19449681862892032,0.2613964296599416,0.22999397790727005,low
0.3793979004134167,0.46340243848259455,0.45287572027650747,0.25346920175011756,0.3008796834884077,0.37025700873530465,medium
0.42978004475585596,0.08452065967156211,0.24964519155534487,0.10693471414083303,0.3609476961547514,0.25881402134575027,low
0.041390454829311966,0.8351746336062555,0.23780618440113815,0.24385945652243132,0.3472459152057081,0.3159817694155579,low
0.018212322212067984,0.4695230976995259,0.1844323049516853,0.1816296816740651,0.20003612195673776,0.19336451657460205,low
0.5911329754146633,0.450266453797903,0.17205944834978637,0.22459551098226643,0.5795250098930869,0.4250499543168638,medium
0.43382598267136474,0.5412511887181237,0.784664750692016,0.18005541286543245,0.34023787282643225,0.4431445086458879,medium
0.10822212424146153,0.21183820189556912,0.21513205271959673,0.1837328192297054,0.2929397624271151,0.18779161376950015,low
0.48117894362824637,0.5185658823468543,0.8492889519433009,0.8560591948794816,0.5782477707524,0.6334092069380961,medium
0.0,0.057177211195689776,0.4353226861486953,0.5297386040818184,0.27701308871880975,0.2242335292856274,low
0.00371514434478097,0.3889255499400662,0.18186325248788032,0.868284982663922,0.36261294955176865,0.3342280801301793,medium
0.9798718290902246,0.4223432072599136,0.7662328141540083,0.7443403731348752,0.6271395804930219,0.7363041240030798,high
0.43099542650808054,0.8787174275647629,0.7459320810059564,0.1886622026070579,0.6394555833885631,0.5505827036459663,medium
0.43993710618376536,0.523260423493645,0.46983833509611644,0.45750287222391395,0.7096011308015989,0.5050497108832986,medium
0.6144047507288434,0.13302107526657236,0.5637192808804663,0.5409665595366905,0.4023586190924611,0.4640306371752447,medium
0.7979498059167387,0.5009932432885266,0.8274208065880466,0.24568912884865052,0.6756578986213597,0.6141832219838679,medium
0.25622551937743454,0.10804710884187771,0.5335054820160581,0.2192461036538473,0.3601558511287164,0.2763754982840916,low
0.8833567679029575,0.5444562383072205,0.7946283529308333,0.16196877304434676,0.2803972841356535,0.5675458782011736,medium
0.0038561923932055654,0.046646746510860954,0.7287705080141249,0.202664596298895,0.7383720985908625,0.27109051727066097,low
0.011112032483856785,0.20025907112867325,0.12081683485026265,0.22858737861024434,0.3499484275267137,0.15971768904948702,low
0.39732821956798803,0.8675335581008784,0.19615086114459723,0.1956873563850564,0.3447155690348285,0.41297261329449725,medium
0.01716543202276266,0.09796966689879634,0.17745066440879953,0.2505858449877738,0.6193362224113388,0.19437876500716356,low
0.3432644325627827,0.43567328897074264,0.20484337382073495,0.15493410130335367,0.23844955023347963,0.2875947464317863,medium
0.3686699576337512,0.135736623427056,0.5258341444996192,0.13825611059334353,0.2624308177918065,0.28363927843791914,medium
0.23067274487610392,0.08804796277745058,0.1377516326150478,0.15975647200387422,0.31430131018577456,0.1865706518392195,low
0.21976881376434843,0.08562058825023919,0.42574601442934146,0.18872838646315593,0.1843123070229955,0.21230918728983408,low
0.6142814128434622,0.140473412544946,0.8833552786066035,0.20413081598689428,0.5948516481012153,0.4749363085655795,medium
0.3918269220458969,0.5278647761620254,0.4782968959691966,0.19633812225594333,0.2621599806312627,0.3734571877874317,medium
0.374449691020311,0.1674488625657598,0.7985478685434361,0.21336629403668106,0.7487205716820093,0.4205882046603983,medium
0.6235941576410946,0.18794010926683496,0.5503216189841307,0.13379966517444072,0.25086467708406207,0.3716041465908124,medium
0.15599715074239598,0.5369205082031367,0.1931005648841672,0.7750523174062215,0.30142442940067027,0.3833724594873161,medium
0.7463246977788264,0.0969436428019559,0.23995340582053384,0.24388394862042492,0.6461925106259938,0.4249848150851032,medium
0.0,0.16050709572283944,0.2037912038143085,0.14385487454802937,0.343756997920994,0.14300462431446914,low
0.15388280610360577,0.08381090390422931,0.8343669710092756,0.4891630965941098,0.5493280390216864,0.36831389343539384,medium
0.6773551180427131,0.45084395235809316,0.12287585840726134,0.7635625506295077,0.5969988739732398,0.5540690458674093,medium
0.0,0.0771658697955764,0.19745308261023678,0.13486455713325357,0.2729448845242737,0.11296578045594255,low
0.0,0.0551383709495344,0.8938536871690489,0.15076753607349655,0.2761765170261854,0.21668571203389134,low
0.03702974212431499,0.5611034119043324,0.20586309171646555,0.14378478994134328,0.5746872047417667,0.26916910747516454,low
0.41633825060135815,0.05810712475789279,0.13743656559087325,0.1983326730253038,0.37012051379638333,0.25232299664513524,low
0.4313613617037631,0.45018806944684947,0.16444939481598037,0.23091283341821445,0.29582556928322734,0.3346698336990228,medium
0.03136037005238136,0.08805762796486064,0.21099836881524928,0.2606279370024375,0.26916342198510085,0.15116949262922655,low
0.614666397101671,0.13917881589600523,0.29379683634685577,0.21718520522101792,0.597119929214464,0.3893102381881039,medium
0.817854443752404,0.1343634755541262,0.2004334521970988,0.16818686840356964,0.6466411746663874,0.43292759594678326,medium
0.0,0.021204910845299352,0.3252052298598713,0.4120050737157126,0.21258571046101998,0.16731063796033607,low
1.0,0.047209178075391836,0.20907408511886105,0.1690079030732734,0.28697948930879685,0.41765145239388174,medium
0.38003708512609097,0.02154227735598732,0.4589964227479013,0.5675558572399796,0.3046393164016651,0.3463761133294556,medium
0.20763373671321783,0.5344965507870638,0.1999368728818413,0.19152524923343814,0.34961088397622714,0.289926644546776,low
1.0,0.0,0.11275043646287519,0.1556861299040163,0.6136863673320908,0.4401027465500481,medium
0.8038082215598786,0.07210647807852653,0.5409917475555568,0.5198357977023439,0.5193787182488332,0.5185864914947961,medium
0.0029963936554263117,0.030038806107070742,0.4443854804201002,0.2337738403815552,0.3376106676471931,0.17096086960444706,low
0.0,0.10982290773332698,0.4951973095874214,0.1484975719199651,0.29189542175898975,0.16972800563262008,low
0.3293707894071111,0.13107250255671882,0.39428683995200065,0.2543351171994307,0.26826796667343084,0.27527598176717794,medium
0.41237956051576824,0.13803723621946623,0.17786877864761153,0.5028678030731515,0.29612807128906904,0.3229944035037561,medium
0.9648021654330063,0.10941808594021778,0.15913924511152178,0.1904857375209773,0.6573539570409814,0.4718953946450164,medium
0.170941507071841,0.10277091924793405,0.13568136141435028,0.22253127418865365,0.6094720309855861,0.2281158996688603,low
0.276860821858541,0.5853158758939073,0.5669828924418883,0.09676477572958903,0.29218607344591696,0.34834972176543233,medium
0.35259098673356976,0.1650658935061719,0.5958680065710482,0.16252183277586013,0.3277360039826575,0.3098354428595332,medium
0.5645628658763897,0.1177811396418613,0.16514973514186154,0.5389559139271574,0.5311583910871869,0.4051624894110779,medium
0.01932643389755666,0.07923420004511368,0.5391598627223078,0.2623721938886737,0.2582613114481253,0.19373238508158944,low
0.1563926725093674,0.017344320512416314,0.18561864616587873,0.18448595505530124,0.26277306055422667,0.15454261287436954,low
0.0,0.8922926839482158,0.8292971907479441,0.7950231839804882,0.2970168458902454,0.5064102790814693,medium
0.8655992380579907,0.4628597083716326,0.5186858690758133,0.4460454070834318,0.36385837045590264,0.5738424304381675,medium
0.03874909891904738,0.010752959391996053,0.24936156376217944,0.2718342404884694,0.5740292700317577,0.19165079472089788,low
0.1734057552210433,0.15463736180525167,0.8059037868946672,0.5334090072918596,0.2920907911956437,0.3543301870992819,medium
0.0,0.8324140042737196,0.5311032493694258,0.24416534302905468,0.6103546921516156,0.38653456068871106,medium
0.1950847662276943,0.1051802288449003,0.8171879429615625,0.10192272145504955,0.2569230796575156,0.26106267332115995,low
1.0,0.03360125910376209,0.20857232837326767,0.8132041009331514,0.2727379738061151,0.5415576173342901,medium
0.0,0.1547455775970557,0.5273018486687349,0.8905080557157192,0.2854839325891954,0.33096859385124455,medium
0.0,0.5825198037236221,0.17632753926396424,0.507565366278974,0.23162850782628852,0.2792104410640571,low
0.0,0.10586216561994996,0.8240295207518475,0.19545808689133942,0.36208769760787135,0.2381816332562157,low
0.16523515580422682,0.9063608024884088,0.43805968568889436,0.7602841839780152,0.30692761047751904,0.49464763845951487,medium
0.969053200060424,0.5622692653459616,0.5086500155193918,0.24818151923733225,0.30349371229254013,0.5746276761065757,medium
0.0,0.08269001137608879,0.10097002568637863,0.13045900453213677,0.6889708816718689,0.16112093928538224,low
0.06626796356717053,0.01076225563065332,0.8446645865510211,0.13908695431323978,0.6325451588323799,0.2714316928664399,low
0.03132014086760595,0.17406163643017003,0.35322060429603996,0.18532290648384714,0.5196023580873346,0.2121963952005914,low
0.36068307066759436,0.0830754635736354,0.5255110958482987,0.20659306646361728,0.29290041673777273,0.2889003540956396,medium
0.23044454005688955,0.21589221740530562,0.2303867230244609,0.2597649532733129,0.7587787811323157,0.31263962177630705,low
0.2561387718134347,0.04341757836705489,0.5096842462964828,0.14582364000328568,0.2920996976459903,0.23495746680946952,low
0.0,0.8748759506328578,0.6024272608368793,0.20585208041542086,0.7835946286190992,0.42404888962805254,medium
0.208834978848229,0.48091177935450247,0.8236763499222739,0.7331754094532825,0.6701079579889279,0.529535577602706,medium
0.44195385363695877,0.08019534370393759,0.23140836541108145,0.13856589758321025,0.3407456891959726,0.26216151253957526,low
0.20642681657407944,0.09086995768996646,0.48553455586336397,0.21113283007393294,0.6731269624270413,0.2961278302685645,medium
0.0,0.12102129503802962,0.7670337364664938,0.18455732965766125,0.3254321751123156,0.22498561167595957,low
0.016679739804984772,0.1134733754583056,0.7691344214699581,0.17023404124438346,0.3433912701190541,0.22862425902038508,low
0.10049728420745735,0.07163722269550746,0.49130170762858855,0.5816619067995507,0.31489217543634734,0.2817380936209892,low
0.17753230746406584,0.5086141655991153,0.7554447294363983,0.17052150058129684,0.2814112084315352,0.34461521615549223,medium
0.7969886782352054,0.07414925976739886,0.10582909222923749,0.20043929893411383,0.7789184187480547,0.42672644185745795,medium
0.18769481895811047,0.14935940422359675,0.18706188566958581,0.23531046961036992,0.2913168921238653,0.20499923712324417,low
1.0,0.1843479191361113,0.2515435585639612,0.2198298379058805,0.29163152927889263,0.46231181458482645,medium
0.0,0.5509921132227839,0.8459142822366368,0.23395257115875528,0.6566708650405246,0.38237670896788206,medium
0.07125982853096184,0.14263199844425445,0.15894762473648774,0.4284161382741016,0.4146136995965402,0.22162177455291399,low
0.6824132754521437,0.12024241016662986,0.762359446303789,0.5105333563125665,0.2583913225680796,0.4839917512622627,medium
0.0,0.9411092639365379,0.584649350359369,0.19131931283039802,0.733376191488265,0.4241895466305323,medium
0.8068637320528075,0.49379785596178943,0.5055362288405714,0.182881567732658,0.2933222270843745,0.4972237727434737,medium
0.9565190307302448,0.463668901350799,0.7525979398654057,0.22905111670884698,0.3002459640955511,0.5834262984251462,medium
0.0,0.02375069164672397,0.20849459427452133,0.4571984911066367,0.6652533894808004,0.22725203411397038,low
0.0663538523097023,0.12495090953404875,0.1787714067812609,0.4641298996971866,0.2714205482334117,0.20525111079135866,low
0.37169582577529897,0.5002205244074602,0.8147051570938293,0.4560469371834578,0.32859629251301126,0.4742574574917993,medium
0.7520094892993776,0.5196637510365443,0.7902984331944526,0.5102969039457943,0.28428121611355484,0.5927819251824821,medium
0.1896629540468372,0.8963113429932053,0.7773784017204266,0.17654705741659038,0.24358482624561992,0.4246150504909173,medium
0.17602172577606615,0.49207951052348486,0.2467755919060693,0.4867341478205988,0.2784631637076117,0.32735506274368875,medium
0.436581366661519,0.9400164299131694,0.4728297214256038,0.2626173694878672,0.23768488024632722,0.4780783601294527,medium
0.38224151135874856,0.4307668660185108,0.5500149340295124,0.3058950689129731,0.29394811531610676,0.38859929779576424,medium
0.0,0.03271572138427242,0.48483641137465616,0.4187366519629624,0.266862178612511,0.20304526316752203,low
0.8584412389462659,0.07299070529314511,0.2899994807669183,0.284004548305832,0.3303285364520107,0.4219806249865145,medium
0.2526239412397423,0.08284311377815615,0.5571403179482528,0.08240995171385823,0.34978589751191336,0.24487672778935046,low
0.030109742517114416,0.946889539947638,0.767317205940861,0.2198245520653833,0.6578770949848033,0.45615488629658824,medium
0.2778180775335437,0.4405156273539498,0.2084149523708816,0.2999558743289004,0.34564117544633177,0.31454814276921517,medium
0.0,0.05736351646299768,0.4955368973259901,0.4958259481365252,0.7785164332103812,0.30174589250036027,medium
0.37912233818062285,0.45969365286562486,0.7941759594075055,0.19139376113087053,0.30070389465643393,0.40818616236307687,medium
0.6883675596936383,0.5221957543726747,0.4821159256008834,0.5431835933747364,0.31704358374794894,0.5394600638598985,medium
0.48867857289664257,0.44996805003704393,0.5030526862791536,0.18360942828380508,0.266192880824171,0.3887059025986613,medium
0.7751723929601742,0.15370187203438365,0.5541445626113738,0.21657322882772645,0.2707832377153326,0.4303459081094802,medium
1.0,0.13683069357638294,0.4630453012668175,0.19658755291153984,0.2418476741350308,0.4724175956078618,medium
0.1735877176296523,0.11604372041932949,0.8271539325250943,0.4981613088111704,0.3104270150002567,0.3455544632637983,medium
0.8056768147593,0.18378571742633595,0.5253587776050964,0.20858132192554885,0.22582769551352277,0.4328544232659598,medium
0.18232105344269242,0.8506429084632826,0.4324016106041968,0.11495365755801713,0.31703283799912835,0.36023079652756645,medium
0.07099713229012813,0.550299273604644,0.8308159296123233,0.16233023191825574,0.2785203685907857,0.3302254855220847,medium
0.0,0.8694618415765183,0.5487075971358824,0.20839813985374914,0.302889335850141,0.34331153623395694,medium
0.3843657605509639,0.1516092682643932,0.2779781074342379,0.4538788427625997,0.32134674778165245,0.32630607865307126,medium
0.006018654233685157,0.0676015923934058,0.5212582015787465,0.23417441889271992,0.3455423271366539,0.19218087783464075,low
1.0,0.5563479494906529,0.48922767949522433,0.20178318400127845,0.3052245846555053,0.5707940663209956,medium
0.14845807599753122,0.4849424738124768,0.8319416793407676,0.7875686159402655,0.5912597805706812,0.5125198597365251,medium
0.12692808084665536,0.13872624823238341,0.2277881183705956,0.831786685742009,0.3494070942449435,0.31876029294120595,medium
0.0,0.89324369729912,0.33198595090282357,0.31158600749227555,0.5437655610439005,0.3723286677502877,medium
0.06362476793960552,0.12606856908041986,0.7967985830150138,0.8312881769697694,0.2532043036794326,0.3680592125960865,medium
0.0,0.3800147805803462,0.2378674027288584,0.2233240653427658,0.2555956218548426,0.19468722287217755,low
0.6081970839708902,0.015636689258598208,0.2475413453263665,0.20329680154363655,0.339893005268043,0.3143609759408754,medium
0.020346306089098112,0.5200071435140802,0.4992622898390208,0.18074654371703025,0.3155590953323558,0.268477837048658,low
0.007224333515980157,0.9011243681305127,0.5364676442696564,0.8098701545159913,0.36197856158448827,0.4791331354622166,medium
1.0,0.5184165612773545,0.42473362789599384,0.11754852257004149,0.3289027432600432,0.5402384724428847,medium
0.372858386461911,0.8866388123338513,0.2279633179220703,0.5094429323662726,0.33469840706578274,0.47547312362677613,medium
0.07074154819824953,0.11830465278699007,0.7683623109463776,0.10968023269147507,0.2732341997024034,0.22305891815248502,low
0.43401668472847343,0.11132850359571796,0.2109128631575361,0.19296838108540829,0.5177513436244843,0.3003640133720703,medium
0.0,0.5552528078398355,0.6036606253676545,0.8053269517533572,0.5987552803659156,0.45247833777867413,medium
0.21483846287515318,0.8267501864744041,0.7593300840545075,0.23897089730842502,0.2874661101030469,0.43461518474274496,medium
0.6455911949356397,0.09481710817384027,0.4797301872230134,0.509502039011108,0.21713648120193596,0.41907118818142397,medium
0.6030653571665383,0.5204224464086663,0.20225092573802667,0.4408115084776251,0.5543956892355296,0.48666339037325324,medium
0.0,0.4238680430035074,0.5480549433499057,0.4966828704844267,0.26440494285813265,0.30597916562879257,medium
0.20210033137325678,0.5422886112084834,0.5501799084193526,0.17030179540596097,0.5920976237926664,0.37448981056666875,medium
0.10846720448217871,0.021542805276836136,0.18336903172746452,0.18274534505589415,0.3026451645189221,0.14629992084815766,low
0.0,0.09901858633178849,0.5260900817252853,0.20878913488055834,0.27413162983274186,0.18159480097617342,low
0.22998011227384893,0.5341710142232633,0.5296989189636162,0.8038705068141703,0.2704109101021333,0.45661881224950385,medium
0.0,0.8306543256720414,0.45522242599414003,0.765305772781774,0.3169740493307802,0.43502149098950116,medium
0.43893212785877017,0.058987688851767084,0.44553575617565216,0.3035579623031836,0.27705947493962546,0.3125780532559128,medium
0.0,0.1456983968794141,0.23849037713650575,0.1424044910005158,0.681262599615554,0.19558352408879495,low
0.015544206153426974,0.5490551365530765,0.21285215174705832,0.507489679507047,0.15547050760249737,0.27122062396048613,low
0.8876716296857651,0.5681281612630339,0.5108156633969975,0.2518141173332635,0.35089711817554725,0.5595468618608708,medium
0.638586172479371,0.055080935769394476,0.7874758851443664,0.191888138267437,0.3500258948016965,0.411594933543087,medium
0.0,0.051051934385332294,0.8213919311727286,0.2054954203818251,0.38286461494236096,0.23194795287069492,low
0.01959479016789656,0.09251726347068068,0.44052571249425926,0.2349759584456771,0.2697609676645406,0.1779200834574605,low
0.0,0.9348614251581444,0.24367135976228568,0.2802325512898524,0.37834173861742704,0.33632076004655626,low
0.8329738531995566,0.488880711065071,0.14887464041437012,0.5166123727469606,0.7675730908059715,0.5884579324053245,medium
0.17017558294653418,0.09435469203075288,0.1545367567021495,0.1964142328701116,0.3328017372158675,0.18230723395183568,low
0.4845652918507993,0.03260387316186737,0.7927753623642346,0.7866427251936966,0.31958017007270567,0.47607223709189356,medium
0.2050405698101803,0.47553260629700406,0.19705984160789383,0.7818690148879528,0.5310358127187506,0.4222068433290421,medium
0.0,0.6147414288854789,0.5139222309709527,0.17984711530182984,0.31881106781019236,0.2838277036546335,low
0.0,0.5478648634145689,0.5144159386671576,0.440084809493488,0.35686200489711156,0.3282816261162518,medium
0.2303455088554298,0.0968311678175691,0.5090208305418042,0.14976444244068735,0.272525267070462,0.23565468935012016,low
0.0,0.49898359614908816,0.841336995852929,0.2627069950164706,0.5930851497199514,0.36750144006904384,medium
0.0,0.07869199393359655,0.19271433332873925,0.8142803494823501,0.35207099200978825,0.26031226748396846,low
0.04672658628763357,0.4535409937982844,0.5315447288696599,0.2532941467239418,0.5617454233606078,0.31937852682527546,medium
0.0067140548777136905,0.5525923632520647,0.4071397852041295,0.2620421662836487,0.2894931989377244,0.26943606999173486,low
1.0,0.06961862754088716,0.8629041702713889,0.18081074805022324,0.30062501254637375,0.5246152525408865,medium
0.0,0.01822252700076568,0.5190884658704935,0.20459329766780726,0.6160423572235726,0.2148327883978245,low
0.0,0.04101635292405195,0.7717415107198795,0.18653721997909425,0.17803540346596464,0.18797725170850585,low
0.7810754916198411,0.47431092097548655,0.7775785158434603,0.42736326213141573,0.24939298682979724,0.5687032095083214,medium
0.7447619193398576,0.49852408888268074,0.17855618896715872,0.2379842960230062,0.24654737995782816,0.43449578812184264,medium
0.05716300053921304,0.048320536152960364,0.46723991978598933,0.17359849226549012,0.3054973099219688,0.17744329030164774,low
0.6761727159743424,0.07098999861720089,0.8021615964932737,0.18592637251628893,0.6622462380639931,0.47389626420259073,medium
0.5520286737200273,0.4532798871842651,0.15635013963915773,0.5199025013486266,0.3452445279864965,0.43548427996643463,medium
0.36701005747253684,0.06398281827669895,0.22407860157391254,0.3082820816697395,0.3666760519731541,0.27316919526310873,low
0.013741379814146927,0.4984863289298472,0.5113687788317143,0.2119354867962263,0.6144150536813103,0.3150743519664124,medium
0.09800929157252579,0.5441636840910963,0.775430188108647,0.44817889468023675,0.2898277041885088,0.38765998707059773,medium
0.8103941727505376,0.12303159705040834,0.25460926297158826,0.8509414914681639,0.3269902425595353,0.5251527953585443,medium
0.6638841641837393,0.38620837890523263,0.7925393269002898,0.30728533979078665,0.32356961725800354,0.5052803346180696,medium
0.052861259708033626,0.127746863277036,0.46288658216905565,0.19660150475854604,0.5663041345963519,0.23510665903433764,low
0.0,0.926010201940539,0.5621191638865316,0.10942068510880941,0.25824095342045095,0.33014019500591707,medium
0.4269012340199497,0.05822547664764192,0.4753037596928548,0.23621074267487854,0.6630578483902605,0.3577118552829563,medium
0.008152470995832063,0.13694837057992068,0.7706064420149807,0.8108120831805861,0.36254682777048547,0.36197082251867085,medium
0.7877298885512553,0.519399625425331,0.3010306587425832,0.5368308873678697,0.6318920257930257,0.5875034718043581,medium
0.907794490658392,0.16006537335821677,0.526358525429874,0.4816736959702288,0.2834932020948222,0.5221639201919113,medium
0.2433276166395158,0.03681265500988898,0.9218727751924014,0.22870380340364124,0.6990517380805481,0.36924025366550317,medium
0.2773722139040683,0.9690790590974666,0.20596156608225977,0.5055548659948937,0.6803263943267349,0.5110816432510418,medium
0.9101281158842284,0.5634827371371096,0.7750650647660611,0.17878322833310822,0.3641401397126835,0.5923724085311237,medium
1.0,0.13061915052134415,0.26326849416244125,0.8480677456608218,0.25537546904101704,0.5735339737169519,medium
0.20631739651954437,0.8699643571089501,0.2562804065855093,0.7807659613325302,0.43113509449099696,0.49515360780563533,medium
0.044998859653052725,0.8993020025757137,0.7819477590697834,0.267606212228242,0.34201983004613634,0.41547643922409494,medium
0.33153115749050593,0.176020807460673,0.726830826091956,0.48313986542861875,0.2671955366676397,0.38039543623894945,medium
0.18621673498057267,0.08492189530134851,0.4816572072528712,0.23071688021505815,0.29168870935557933,0.2349946630887207,low
0.19742752159880508,0.4262147168810786,0.12638555643893387,0.5466780775776542,0.2583386510215161,0.3115154464904556,medium
0.0,0.16862687485083172,0.5111317535961967,0.26454232444199993,0.32532885513917076,0.21210293116887144,low
0.0,0.10660396345530165,0.4859570979248103,0.15687994652359452,0.30043508455189466,0.17065560936728497,low
0.24439549140170705,0.03999023357562884,0.1744892559742473,0.19921490786084273,0.3211991077545881,0.19551293026713173,low
0.21549476671528994,0.5139489948029022,0.1343466070383494,0.25835688111200616,0.3396533986688731,0.29020960605365204,low
0.7942937210339166,0.9642372700654237,0.13628526136677427,0.6113715927935355,0.757790779434078,0.6875212950020946,medium
0.04331716784482587,0.48770499604371365,0.24604214599294927,0.2838274565895518,0.33587761524919446,0.2545896050664224,low
0.047575714231126366,0.5044021966694554,0.5177618968461557,0.5689362768177322,0.21369634493159706,0.3386591452334383,medium
0.0,0.5060028329700268,0.27060834711623416,0.1560035599760898,0.35387399229928657,0.2260736295015514,low
0.21764041882991392,0.47937704331125647,0.45791189051535214,0.17697394256989088,0.23963042198654783,0.30119366970048866,medium
0.3543643855782038,0.13735417851908802,0.21601354129249042,0.7938857430969213,0.27132528104664183,0.36565812334753284,medium
0.08136451190604542,0.47666464478514325,0.19334681112318097,0.20258422879112142,0.7112505161582059,0.2959487273792746,medium
0.0,0.10246791447588384,0.44581984542322595,0.24943297401911296,0.6889033865847276,0.2405886625001924,low
0.05189641990208513,0.8641727303176847,0.7592111387396527,0.19732114517816113,0.32446097147468406,0.3904185176019453,medium
0.0,0.11744710899285818,0.4426212372711026,0.14693689379052124,0.3237177670577184,0.16782765120599902,low
0.017007380073536204,0.01998588078081913,0.28094809340174887,0.29487265058173007,0.2784161078084288,0.15197855047609735,low
0.0,0.06130459623287271,0.4626366578663606,0.185860761864617,0.3355625732504154,0.16916295628701433,low
0.5762370282301335,0.0960847679188239,0.5073746948230244,0.7539120660384478,0.2694165124745022,0.4593891563551234,medium
0.44643931896901823,0.9508833477273992,0.5046529419749854,0.20471098810019317,0.31185444736310197,0.48752677125693705,medium
0.6688423082685568,0.0362875855935761,0.1891738348764096,0.5113389688466107,0.3065590526972958,0.3845379365046602,medium
0.12462929500441243,0.15783771611133957,0.20555306675238427,0.15371077353353338,0.338732609039787,0.181341337799124,low
0.0,0.13581735759314542,0.46772700181413435,0.49994823534774374,0.31613746419806543,0.24473278849000782,low
0.2295129673843932,0.8560208702555675,0.7932906881187793,0.22012718354267485,0.5315662676412327,0.4828120443389683,medium
0.031661852838697456,0.1112985279278941,0.5016697894847799,0.18938073226050056,0.5569539865077067,0.22842797428816117,low
0.0,0.5196472380458638,0.7742482006970843,0.2365948382032915,0.6520281963751291,0.36518987481066306,medium
0.12575229354090242,0.9046952092785568,0.480915379604853,0.2821730709859409,0.6728322789470658,0.4481614928979581,medium
0.46293781280337415,0.4913381132871546,0.4841049346986645,0.5093587340051382,0.27038199637072674,0.45219375295987946,medium
0.0,0.07461653523975251,0.5654145319659551,0.24002960861601527,0.2864410076906149,0.19070755971963907,low
0.24436112728407888,0.07675068227299169,0.19135628575225444,0.16823540539033374,0.2804581158363232,0.19307771595617537,low
0.3269080760027787,0.4413870908187964,0.11515095798806846,0.1559165843918175,0.559758063595039,0.3187695110804225,medium
0.22920350384415286,0.11211542644013221,0.43853531523978256,0.16041898304850988,0.2993857294071627,0.23395608974801604,low
0.17044847973657215,0.0,0.7821572544354966,0.4269702908379917,0.22098235209808498,0.28699954306860725,medium
0.026705839588162514,0.07083527899303785,0.5265593999868783,0.4545297809592094,0.6190287824627443,0.2849229912343416,low
0.007711773877924598,0.5592551603060241,0.6070894673558721,0.2103429107087246,0.6609108677310064,0.3464331966293589,medium
0.0,0.5612947889730214,0.8183658902818571,0.1536989973328594,0.32533098321625603,0.3145532882858932,medium
0.03750836611247642,0.4962914736703743,0.5088078245977963,0.2073044445925999,0.5764616108738644,0.3147621088070869,medium
0.23222857452295217,0.08548391120410433,0.7377554342517698,0.41654593157112707,0.27280987520658423,0.32165933733068497,medium
0.2064290844527693,0.11688269413209791,0.12703801041906831,0.5834625386947557,0.3505510427916229,0.27363612988280517,low
0.0781827390912232,0.4201762586397087,0.19106716892604392,0.7969537057035313,0.2838530242746537,0.3381188435761196,medium
0.43342224223795517,0.3790817595999865,0.6129031746889805,0.9086643513104158,0.3296011414332653,0.5289515422718039,medium
0.9757162634636128,0.09772249222374188,0.9233446459176444,0.2424185947101035,0.636194744660626,0.5946740050125934,medium
0.8721281686452185,0.0,0.4208375551584982,0.11961881205377638,0.2983238420224569,0.3934364225814641,medium
0.8041903044557694,0.9019260978857055,0.5614269826447407,0.2612357738978683,0.6247696668548604,0.6518189631183857,medium
0.8049891266600787,0.20477412745984447,0.8721600955917279,0.22712143178582683,0.2330796065562895,0.4936618051693605,medium
0.6365190752409248,0.8830307944933428,0.8281473091713583,0.17424688238434322,0.8105130352794602,0.6482103096154375,medium
0.0,0.5211055410981255,0.44779610567391054,0.188375888210713,0.27019470852598065,0.24959490799175138,low
0.20504763050513589,0.5095943797111941,0.45975797515751227,0.2181749967545628,0.29176373743153367,0.31979642133304903,medium
0.0,0.10276835521369262,0.18004137067528012,0.23339175133327153,0.335053370849344,0.14449623253808647,low
0.18958404005964558,0.5130036802231804,0.1295872710607976,0.7180562864886971,0.23059658981968228,0.3571147844923412,medium
0.591016600429284,0.47360333699217183,0.536940417276565,0.7973873224384748,0.7359064636320812,0.6224301441512115,medium
0.011599214064389124,0.058422145371862785,0.8602142757779,0.2887699138894003,0.6096946679857819,0.29340451763612163,low
0.3658416270976771,0.05687596137373031,0.753537728352284,0.21866280100685406,0.2583070077708244,0.3166369510238862,medium
0.027791839626730576,0.8909741307286858,0.22226996617150174,0.46949809634305345,0.31607068688214135,0.3611830952604135,medium
0.5143410210380889,0.10864610113149425,0.8307412025407523,0.17853455203841892,0.7143190421684379,0.4434974736517878,medium
0.23818796844898082,0.09063269805288521,0.8023546947558469,0.5276483572676315,0.6249566788737211,0.4092093076432328,medium
0.4963546427841521,0.5097495649888557,0.39051232311357575,0.27835303000644673,0.3152806772130687,0.4123958618833028,medium
0.6473763161940623,0.8726701617794839,0.1742180022414049,0.20738899738017474,0.33675865385636383,0.4868712251048158,medium
0.371824202068617,0.9548967264228923,0.23012936944797682,0.23250377755554275,0.6477569799959714,0.48071031383286433,medium
0.4023297414152352,0.5425989264086097,0.47838767902445384,0.13959407954409753,0.26381534874586693,0.3684679777806601,medium
0.03756498341146325,0.13996478828079617,0.3665712367268099,0.20853566015436611,0.30393763319900247,0.18154591519934332,low
0.5474987810609525,0.5004189970098395,0.5014685356313483,0.24038823909119625,0.42190768875992046,0.4509175151971832,medium
0.21715053763983277,0.4256237420369368,0.4477377151451044,0.11094113550076884,0.5949896776834341,0.32886724572377174,medium
0.01268176457406978,0.12863128413696623,0.18079356314878736,0.5583102618800024,0.32114127649517915,0.21648306452220964,low
0.5783235823913054,0.10391798468072781,0.7885743030414282,0.21818851115804516,0.2843920965953655,0.39886333383066525,medium
0.4513547266862109,0.46632878519150844,0.21901235430831642,0.5916372972465006,0.6280552834572649,0.4740597801583023,medium
0.06202055151919644,0.16677874397917083,0.5571562857225104,0.24957299021030765,0.6407504775158211,0.28156252677940435,low
0.05215924343476154,0.10253082713868543,0.20163827642809587,0.4660224231386782,0.26672928697845405,0.19961355759688365,low
0.09054603959404649,0.07589077173283235,0.48073621488340124,0.2738877855893672,0.6506442275190814,0.26682658970302625,low
0.19093655512153318,0.12265875694104535,0.187379347504668,0.2322336288578852,0.2923862020768652,0.20022427613347604,low
0.31473835772778735,0.5021801681315413,0.4654270257602696,0.8034111815377826,0.2635112783068276,0.46488052286226555,medium
0.8392825663200975,0.1625876664731647,0.4651443565947714,0.185225331733379,0.7154777255142106,0.49844068185368523,medium
0.0,0.03414521240814679,0.7161612429810382,0.8241291182544468,0.2399661182339884,0.31507397031477274,medium
0.6628661209078255,0.0890662504037919,0.13664640707882714,0.28380859040530176,0.3253184743486834,0.3427295366482929,medium
0.22194247501564046,0.5692411478885808,0.21960212487716624,0.7995098965477044,0.2849282017138558,0.41601250038060256,medium
0.0,0.1199304891866313,0.21329233056398011,0.26127299723281483,0.32889185344386523,0.15756832488506603,low
0.48397714565456207,0.0856936758687867,0.7741457241521262,0.12157734430858572,0.3126494023218127,0.3496666167029339,medium
0.9469271641471824,0.17369836675463501,0.17318440656527953,0.14031113840940612,0.49181309929914163,0.4466296761566261,medium
0.18568361795789762,0.8786420119223637,0.2559336449552391,0.20707715091337928,0.5216938109663519,0.38949303634275656,medium
0.0,0.5104463096625108,0.45431819615745633,0.27031377497937675,0.6392932355414915,0.32019373168321974,medium
0.007588073637603743,0.15229693731099506,0.13779099056464325,0.5387597485213678,0.6505659082830597,0.2587412940849091,low
0.1902998755711633,0.08629878269632418,0.19789726207294414,0.5186834066352911,0.28915364299360163,0.2511440362976539,low
0.20924645509782194,0.10013217419048387,0.14848302698767854,0.2728813190979905,0.2930697299050654,0.20360954872095305,low
0.008245354612093518,0.9181657937192274,0.2502739502534454,0.19589568499985185,0.25486541106465077,0.30105680632515835,low
0.8203741574663735,0.02301066609666065,0.201563363844735,0.24601711555965164,0.2774691288421459,0.3717726774742066,medium
0.0,0.02411118433566843,0.47909352061465804,0.4523655698597286,0.308444314417185,0.2134260260938559,low
0.20283560284268873,0.06689025765954563,0.5203295665082054,0.1972929521006164,0.6835472135841666,0.2942688398186948,medium
0.0,0.12199322379999683,0.5073135060649401,0.11721053910074941,0.6144788252895182,0.216109602283318,low
0.0,0.13240951239466792,0.2263718295366977,0.5572763812179065,0.25802685790404434,0.2105969818386262,low
0.0,0.13424974040576246,0.19668447888589866,0.15447650888584175,0.5560214267509365,0.1706511357038461,low
0.0,0.5714488567285156,0.8052965616306764,0.8556545569027095,0.62148745933412,0.4994382858709645,medium
0.037525064228961486,0.8612390414772111,0.15315431698392612,0.14063100307466622,0.2791721783054261,0.27648050247246675,low
0.08695192927588631,0.5193560810073119,0.2655394317004811,0.1476804475159787,0.3497650285192858,0.2517885535203891,low
0.15420531367977408,0.15628038831292568,0.19281307362769087,0.1737060729847278,0.2694630915408787,0.18160031113874836,low
0.44230569032548583,0.556694205880019,0.11213720039648808,0.479682140366981,0.5836365623963324,0.44433304076596886,medium
0.3947696680527252,0.18635938367225077,0.5584662515420065,0.2601343307849846,0.37231418785182824,0.3473467092163398,medium
0.038309149138529314,0.0,0.42208329783977644,0.029243697682500208,0.7255680853345423,0.18948919175420664,low
0.14661869485141468,0.9087191424788696,0.5037890493584766,0.2574784643693364,0.2594129507963171,0.3917054298482847,medium
0.27035795637247834,0.11950522668459326,0.4573475867428167,0.19212033434885925,0.21113535948641254,0.2437049410528184,low
0.025928682345041483,0.1218768915256643,0.2291847082536897,0.21112368227088596,0.6272897060879675,0.20284988161407108,low
0.25492115369477997,0.09887913899009153,0.1429596507391011,0.20674556566837612,0.31490856273945295,0.2062815190619106,low
0.0,0.5527388676300851,0.5049336186267587,0.40755976995215765,0.6448277656283272,0.36452393515471143,medium
0.23619218342156006,0.08522569126078045,0.491227326785735,0.8822105631516958,0.3265310885354602,0.3870086682071426,medium
1.0,0.17380875961698428,0.5624514885256245,0.5718838006158372,0.6308686092342731,0.628136526710549,medium
0.0,0.10767268262300066,0.5796089357980072,0.20009725121825928,0.29598666107929505,0.19289332629984735,low
0.04352185055948537,0.1359261996549666,0.551529325086511,0.4366745844289939,0.22725663580727085,0.24439460611870498,low
0.014115085132396944,0.16761042526686648,0.7495335901257846,0.24443533106904441,0.3516050386087043,0.2518144711170746,low
0.24868558911345834,0.03945820495481859,0.17277754543388818,0.24690143699379458,0.3382073652394351,0.20852534172475862,low
0.0024460097900369706,0.1471944619523919,0.48723692094633997,0.7984371126844607,0.34561803707465116,0.3147883615675303,medium
0.5806450525989055,0.1414501088230805,0.8375098173978719,0.4903963018583568,0.5697866442390644,0.5116572671614996,medium
0.25110050955015284,0.10597689689491563,0.7723456548917839,0.23506642659728277,0.5408252988001617,0.34051446061727736,medium
0.16645829297224826,0.0549445227533501,0.48337652541358583,0.4117918268068346,0.27804720961031565,0.2574983180572966,medium
0.08672223763450165,0.0,0.49426889081280906,0.23085585433233005,0.2332640388282894,0.18131778160298126,low
0.0,0.04788264231175359,0.4625018715886395,0.14032549388752402,0.24385475981574556,0.14359512195051327,low
0.20193841139755261,0.12521255510661897,0.39877694820846676,0.23747082495752153,0.3706340980409855,0.24852985636951172,low
0.13229309000072104,0.04231880773654905,0.4434964465204598,0.38871462959119446,0.28465522959016004,0.23511736588235796,medium
0.2676197154877278,0.13875758585129142,0.8620872325315284,0.28139645054405027,0.7301630895196791,0.40315427023306777,medium
0.33671856553436236,0.48374574644395085,0.16070650304599193,0.8058100513198713,0.24402879891521853,0.41963702450725476,medium
0.6315559858932985,0.48579886545903667,0.7854488239635233,0.21878310647038,0.5707304212960423,0.5338100769428077,medium
0.0,0.5096321347571675,0.16188961181660488,0.2756643013204354,0.3933965579017719,0.2403522126732771,low
0.0,0.08481363925276583,0.17213568840539925,0.23255225708818936,0.23625293152322813,0.12473147225748515,low
0.8009672009964441,0.869883050674001,0.4003312657301425,0.23592918722274903,0.3919650356581418,0.5802970530865259,medium
0.7255223475864979,0.1193350204259857,0.5445159534516173,0.24520493895606324,0.6270993108502596,0.4663069857976407,medium
0.19948951402385476,0.8984515006986171,0.4520839032766409,0.2113281082883308,0.6006918654446112,0.4397191413127338,medium
0.0,0.14400971719368819,0.7971453585387904,0.4905633122554916,0.6443539381145097,0.34313950038783103,medium
0.803314134961377,0.1464477599995408,0.5180134224824325,0.49260746544067857,0.24378183925594238,0.4830745748372133,medium
0.76547417768502,0.05697046635427842,0.733306439522976,0.16695064589899639,0.32184836118163396,0.4326996958618525,medium
0.8699536150993225,0.02441170583828052,0.49579555434608774,0.19354393101387246,0.5172721292554974,0.4565373644404651,medium
0.6230530469224631,0.13206334719332774,0.5086885198004727,0.2049755034955926,0.273520043873586,0.37165496876563175,medium
0.0,0.16529293074486484,0.7687552526194831,0.185885808651902,0.6272989290665706,0.2796438751322614,low
0.0,0.5353712556692306,0.48618371698003165,0.12368241555768249,0.3193353816038297,0.2526385990329618,low
0.4253307106362928,0.12629566985516566,0.09645997354275773,0.8318264494582314,0.22195126136176002,0.36698532228924485,medium
1.0,0.47322081225113066,0.19479316295757282,0.563868402747583,0.3202540224481706,0.5846749208106042,medium
0.25885857145506136,0.5300239370155312,0.216497089381293,0.2795159335807528,0.23664830955444988,0.30753735539613664,low
0.27860851971794615,0.5160173919852991,0.22980732579979854,0.5056893342009869,0.6443972898376236,0.41905459349825436,medium
0.8871701374846559,0.5092358624734565,0.2763577650241435,0.18326463174870508,0.3333000975789546,0.4960998194802938,medium
0.12515161757271476,0.1525969694596297,0.25097768360468,0.45223890791422117,0.6286930361264348,0.29046326870625183,medium
0.08295768776934087,0.0382211738833386,0.1953574668603148,0.12088815241917786,0.21782802783397362,0.11868699579544881,low
0.9382324023089175,0.08061937740999345,0.7774850372071019,0.1618935302911741,0.238728578695187,0.48240434461825205,medium
0.3987732935717359,0.888138186331875,0.4565138593207682,0.4169096472500535,0.31052277852909205,0.49569705046538554,medium
0.0,0.5257890845529207,0.5505781850333376,0.18750704836750876,0.3712347041637837,0.28093115996365403,low
0.20595081877676039,0.09585393043386584,0.8358865071002752,0.13419734296949815,0.6578705893881959,0.3318590647869716,medium
0.43364252291724187,0.4494573999494852,0.21087766829255383,0.25959336193637234,0.29341962350092093,0.3475475030213653,medium
0.0,0.12481604697422712,0.21432700489175277,0.2162990495956733,0.2512546091282,0.13806026141697303,low
0.0,0.03548827192853281,0.6170532414158149,0.24880700547853646,0.37828668214071604,0.2061600440148935,low
0.02555351436272743,0.11053702026362892,0.19491594582497515,0.20538807422035787,0.6320876517088152,0.19490161283568413,low
0.13702732978887894,0.15834406779604937,0.20836418276161842,0.8891327181472933,0.4844339445996155,0.3545232752295173,medium
0.6272206059194837,0.03500997626992325,0.17198542920915913,0.24720263159178152,0.6506142235601424,0.3679986512635813,medium
0.0,0.8120102526319425,0.23480256958653667,0.7659816741936755,0.7278219899109941,0.4599920692897532,medium
0.5739986562981672,0.13197684082430777,0.8333782109381891,0.13714201077821547,0.6193171434090669,0.4439276703620431,medium
0.023969101432879225,0.11666435893775572,0.26938956561722144,0.15280457806582282,0.3856181459842381,0.1593356745707984,low
0.0,0.07581767197634602,0.4830736133905887,0.1896700278067986,0.7266925565750036,0.2345624654514678,low
0.8112883859867491,0.07158487360648491,0.43529815850144005,0.08834068350057417,0.2891651747893488,0.3840411272110549,medium
0.5540284237072757,0.11372331091109486,0.5012078873545618,0.16348319446712045,0.7338085000284503,0.40690228629527764,medium
0.15496007232940892,0.5169269593078475,0.8214692053658688,0.16779543030479122,0.3266760403958634,0.35565428648561026,medium
0.0,0.5200651894805757,0.7201172978640076,0.5515607010182406,0.3555956540491887,0.3756821208867427,medium
0.4323647050365169,0.12778962196398624,0.5006252801804841,0.20574980302895768,0.23900657046304272,0.3073620741060729,medium
0.7729741784615205,0.08640990904704686,0.5326140556893219,0.1759537491883851,0.2831659532978058,0.40673198653361164,medium
0.70423181586782,0.08478182923128863,0.7932686650147486,0.17271038548804632,0.7901383182161782,0.500279035188852,medium
0.418242533273299,0.14375965648289302,0.5101818885860996,0.4819535517563755,0.3346063601668163,0.37733363894278077,medium
0.018915132028059084,0.206667933756131,0.18891895741214795,0.9028776477100877,0.2289259485865605,0.29026039180146773,low
0.4283645478673143,0.06799517963701802,0.27039497935807366,0.23086498919643644,0.7239669905568612,0.3374356936141254,medium
0.03256513669381419,0.028509808453466318,0.8452025735971559,0.7126289855914014,0.5499287355505884,0.36726699618927944,medium
0.0,0.573744209294337,0.5385268135292776,0.528370232967269,0.6048776499404451,0.3919335579727796,medium
0.4078867844276631,0.8567455018898599,0.6079748305353074,0.295527294758266,0.27800570464504876,0.48571767493497753,medium
0.846381525671586,0.5410517379446921,0.7991310021114956,0.7636665735895494,0.23136960882050767,0.6694332116481246,medium
0.0,0.43535447031804636,0.7906297553117961,0.42365039486621753,0.627822404963985,0.38456879707821995,medium
1.0,0.9682532835031832,0.18344259276167446,0.7794013954300383,0.26322060784094975,0.7165304158770379,high
0.4474002826650848,0.504107480484012,0.2016683488620453,0.16678394449838627,0.6694139096175995,0.39906070856795184,medium
0.06594715028791508,0.08552231107546897,0.5856370621938513,0.8173059826703978,0.2935317070883026,0.33222511922787096,medium
0.06446960987154692,0.12199067403684087,0.546866033991918,0.158271309490089,0.6303257207480183,0.25197204287784053,low
0.8741325150855179,0.12236241297003987,0.4670059954823078,0.23853947481262144,0.2557768953265259,0.4428375657035127,medium
0.0,0.17532320721520192,0.1690912265081575,0.5108442997721043,0.288880290789321,0.20592922899208305,low
0.3504451432704169,0.13804858532852768,0.7256029391972516,0.148892873316216,0.7340870763335657,0.3814753370396964,medium
1.0,0.8318222985307909,0.06956094527636966,0.17702242946648467,0.2813836378399303,0.5544106330669001,medium
0.08541966116078845,0.393327188037269,0.4830488461864755,0.16530876223860178,0.2932088484723735,0.253791742602238,low
0.006331586029650569,0.07385791471345068,0.7634884136555872,0.3221577233705445,0.29830416795483305,0.24037149066725721,low
0.1795889689145393,0.4906342217764065,0.490645507528653,0.2537191497564707,0.306895392758085,0.32237850002394797,medium
0.5568094054094411,0.0961850460979831,0.1359094662906685,0.23348728785232162,0.2708123680867801,0.29398556356951056,medium
0.34846346396704136,0.08088696331910375,0.23629026862624727,0.6205088169943676,0.5805937316284105,0.36735079529100534,medium
0.0,0.0501245802334358,0.6270539040633759,0.2489962818115746,0.3649275727914754,0.20862139393722978,low
0.6028605699042888,0.08263664126803529,0.4882669749386685,0.5027082577397096,0.6616530750160978,0.4704151582660505,medium
0.8266497813200122,0.08800833743657116,0.48978134118730654,0.15760560609841814,0.6494258224281564,0.467998797645321,medium
0.0873656477412727,0.07432617873982134,0.17715403413281747,0.22612485999735102,0.5976080430145717,0.20251421364192465,low
0.6239379189682146,0.08153868420092295,0.8537227851350291,0.15496200472821722,0.6093466770840593,0.4539419328091557,medium
0.025816991336049606,0.09100922860886909,0.5667784604359201,0.21200722757007048,0.27939229529489296,0.19527400199622474,low
0.2194090795301895,0.009681248087477667,0.24748472053905418,0.18273528267593395,0.26364490366446086,0.18097547364226646,low
0.4733877155031694,0.08682341693094216,0.49719317587319684,0.1646966776190335,0.23742964842477243,0.30251375720564133,medium
0.6114732778471851,0.5055849668325303,0.6959513307687667,0.5349920364720887,0.6607986890540292,0.5950698869884986,medium
0.599318416504894,0.02942481086121239,0.8321885852987961,0.19600538307262583,0.6389045000003697,0.4455455265331107,medium
0.03704714395741334,0.35701584345252524,0.7958333041009861,0.2296619686429202,0.8142618936545484,0.36996398526964325,medium
0.5612156401668987,0.13744184738512988,0.8267800139796302,0.46440362076329034,0.26677989078928743,0.45276777139509133,medium
0.41782759439549727,0.8670658383183665,0.17523746745968197,0.4556918752149835,0.30161839589996464,0.46142820052926614,medium
0.38838515992067457,0.025472043522250062,0.206007545066477,0.18493294613343797,0.6843852303086082,0.2921554622136027,medium
0.037637919374595645,0.17127889189312623,0.5845371739340296,0.5068014519108666,0.27953905838275517,0.276518879420695,low
1.0,0.18829394495225982,0.7712728838492073,0.534807178418245,0.3090717213235065,0.606671915450008,medium
0.011453640474995565,0.10350060194872142,0.45662697841320804,0.2298669898197356,0.32578141525153514,0.18747086954590156,low
0.8190376602676179,0.9747320510574999,0.5524644944496088,0.564905487055266,0.31574115288903115,0.6838696528036345,medium
0.0,0.1748756869437466,0.5313467763522077,0.23905175888596178,0.8091680672454449,0.2838627157055896,low
0.3510271459341675,0.8708734431564934,0.21159613203980374,0.23826282275998503,0.24165569948575924,0.39512317169238037,medium
0.05588686035142672,0.14112916058625913,0.5481406988607243,0.17566146899945703,0.6740416596724359,0.26345153780254527,low
0.7740856808894524,0.06536150502059648,0.5014886804511286,0.801212443085439,0.29174029744042895,0.5245248405717764,medium
0.02517104229632915,0.07891437757649014,0.18949690958377954,0.5119556079618963,0.2977456848659658,0.19881169896403783,low
0.16581237395162182,0.14536058702372628,0.21514880386176974,0.493827820595212,0.2469117216551684,0.24689047253681495,low
0.4640843049465302,0.13167761241036477,0.8889346014173904,0.5615777662019297,0.2545129570496013,0.4493935009764667,medium
0.8799577528405412,0.06170857888524664,0.09489018606560462,0.15389528624668058,0.24091180685878427,0.3574783978172061,medium
0.0,0.839445726746165,0.2100887323408068,0.2569602450059835,0.2881069515144607,0.29401054692871986,low
0.16131416998218484,0.14185169015045113,0.48107504109348176,0.49458708282100283,0.27394667619999274,0.2889352631829674,medium
0.0628897217360497,0.19157612141303476,0.4676155138275348,0.4354367866887129,0.2717357409360103,0.2551721863556962,low
0.0,0.11061615057522506,0.5186375409464362,0.24247366989282776,0.5140224767848854,0.2255169667533088,low
0.37235617890350015,0.8747651321822527,0.4772914696022357,0.7623477337683072,0.33137240668017964,0.5604290083035243,medium
0.7840773997157138,0.16619589272594093,0.8768795282945755,0.8313939261632121,0.3517030818240819,0.6190285752103434,medium
0.9150912343144532,0.13713680527444178,0.8443513267651411,0.8429847022248608,0.33643894500448596,0.6476702125596405,medium
0.8483680333826471,0.13511260922237361,0.2946061378761374,0.2729961350162031,0.6441757255813673,0.4769494383811352,medium
0.21134668215365085,0.08784468731319099,0.50570272452255,0.540906861208514,0.3564433852008341,0.3184762308089439,medium
0.6127847468220381,0.5762711926557964,0.8379851223959808,0.21209731615101043,0.2778191582563545,0.508879767905823,medium
0.0,0.09504224567510725,0.24083993417944244,0.17458937456378917,0.2773322853981478,0.13165215698441782,low
0.5549947343811527,0.14539555347617372,0.5176349367260981,0.17985944674761029,0.36579867893919316,0.36406446270889625,medium
0.06404281237039133,0.04549878885787315,0.17395346866079373,0.1964201601608331,0.3603032505048443,0.14773514138970437,low
0.8492586852405586,0.1391270244382276,0.22048472162890784,0.5295480557309202,0.2325914018062521,0.4564740401212711,medium
0.0,0.5385181087055008,0.18299486117217015,0.2967602774512881,0.38305498140786515,0.2519631536183631,low
0.1508968602226457,0.14218398114891592,0.21796619133857498,0.2864767827044753,0.2534368596596384,0.20171166848720395,low
0.29246701765920047,0.8720534699154704,0.49713640977637885,0.2159921471786021,0.33351244251998613,0.42994655656102937,medium
0.2396654265271313,0.9626215311406071,0.8345148433634326,0.27047127311283925,0.21549514383275478,0.4760196868882567,medium
0.5584740368667943,0.0962944462193405,0.19939809047274004,0.5342479079149659,0.3131503824349013,0.37053295282304577,medium
0.0075357092244121605,0.20511294454046783,0.1744330434496112,0.8269733881225236,0.2916401340282271,0.2785889559215977,low
0.19054908413450572,0.5655361154480643,0.5321883978067309,0.14020820928357863,0.555010083371359,0.36139336236339376,medium
0.21963003593199223,0.43561462648817684,0.7048018948947266,0.25924516539699627,0.2363521766079082,0.34603407988202756,medium
0.09452244385499774,0.14213084516290886,0.5584553612040735,0.17374017243551618,0.24632705544302658,0.2122482991732493,low
0.4170294421520865,0.035608634953353785,0.4289707104750999,0.24212987646737277,0.34633226775189685,0.29695198166382075,medium
0.2770308513525118,0.9122889881419751,0.2065577901359641,0.23461508344786192,0.2971966307238192,0.38805323285268845,medium
1.0,0.033359049368128765,0.28253329356110757,0.18342743599112296,0.3409440506287042,0.43687889870032215,medium
0.266315265088398,0.47599034354258546,0.526528739041717,0.17014418731144537,0.3639109040742418,0.34268743216471936,medium
0.023824218501069694,0.0,0.7352752497336659,0.5203786805973926,0.6108665180060332,0.31314426683075425,medium
0.0,0.4917083698655815,0.4840114858477918,0.22250968317282516,0.3013172842783935,0.2606429261266091,low
0.1889097498303089,0.035300442204929214,0.3911652519504981,0.10752230475592073,0.5340373035871029,0.22401785767190277,low
0.6587350083959004,0.13778687696803177,0.08341350862815444,0.5565769152826938,0.3618154097116181,0.4032775987198811,medium
0.22155984930067696,0.16886355779057804,0.4904035852146757,0.09570849028278341,0.3030760734821379,0.2384043132093974,low
0.01218863387430083,0.043758179859481654,0.4731930484802035,0.4916158231948827,0.3180119127050171,0.2294121349509462,low
0.24943930987165816,0.5001245331139113,0.23030585267185133,0.45243942786855207,0.5960843271893889,0.38930311213717617,medium
0.0,0.5080981268943661,0.245912734277927,0.48906342393536534,0.24434717292709818,0.2729712962467001,low
0.006921520825759537,0.04501096432206732,0.8496165592600259,0.25456125261001106,0.3652812600981017,0.24422557253786265,low
0.4627764042380628,0.05297288798515172,0.26823275406129765,0.48587048028971214,0.32897133596007394,0.33618220842959734,medium
0.7039308916866214,0.12443934663529635,0.43192560408223685,0.2644169773264343,0.664682916924549,0.4534418104493504,medium
0.9932319776977443,0.17256727870880323,0.24113696037216548,0.24666129452078991,0.7491310585878425,0.530355510799243,medium
0.016992999511090342,0.5202593193740204,0.17275565042591703,0.2535291429033782,0.7733449790436813,0.30177068672924656,low
0.5860567983429876,0.5046624617220087,0.1806077150641858,0.22150132094260525,0.5758036611229977,0.4345115024638966,medium
0.03063142035185029,0.11607732452677624,0.9191911373824628,0.42576203206970337,0.2799418382732282,0.2974272437732047,low
0.0,0.45154610161320335,0.23662778821744146,0.1938327552558453,0.22261185668138742,0.19796171810863408,low
0.39027890717585656,0.1865730921327689,0.47683775093070524,0.2786545913011378,0.21996013405663534,0.31464889158763937,medium
0.6223075521414896,0.11325830670705685,0.2305841724148674,0.20409627045266726,0.27017107826269393,0.3252764686760259,medium
0.1782510102142027,0.05962660587253559,0.2990723182753814,0.11861623331143863,0.6372432973837463,0.2295712132499248,low
0.26874974242646404,0.1565185832957222,0.1873605338261254,0.16478255274540246,0.2813351335645151,0.21518950004476023,low
0.0826865198947998,0.5088010753619353,0.5186718432830894,0.16341230082848007,0.5925578575074244,0.3259330863251001,medium
0.6456570397210668,0.10873383075935995,0.1510270033208016,0.19104946331084816,0.28844999056803133,0.3195753198136866,medium
0.2887499524512554,0.08015705251030827,0.4487753423186122,0.159192044542808,0.32138563592687547,0.250018951882823,low
0.23433867712740597,1.0,0.5526434147623586,0.14694993342023846,0.7173487359184936,0.4901904124243973,medium
0.0,0.1969553141444476,0.276876438730315,0.22831972818048418,0.3591128324209165,0.1804533991376711,low
0.18995008757143236,0.40268587265560396,0.4530453002989446,0.19253530927361603,0.2612233476342724,0.2831695598472563,medium
1.0,0.4829778717634693,0.22376566279669097,0.16950770855391487,0.6941466547902377,0.5681839637015161,medium
0.7064322861296297,0.5741530521923688,0.5011280315262997,0.2185795833322495,0.5548099472402362,0.528866909758793,medium
0.26766765338468296,0.5120520342316561,0.7119878223778872,0.2754728398415319,0.6877067161886184,0.4477594516150184,medium
0.48175437946489,0.8286941383832606,0.5509192599265713,0.27074633305098983,0.3761602830437556,0.5034763395718662,medium
0.21187122377885753,0.46267520104250537,0.4611129455519775,0.1720797509895768,0.2961047913450481,0.3040950180746275,medium
0.9529695446012395,0.04050538946228616,0.8699893711735337,0.2130917035166202,0.3811519600668504,0.5242814816622108,medium
0.36476318072589314,0.48583551139443815,0.4601222295813429,0.2189168984195709,0.3852140506596296,0.3771798782167156,medium
0.41806734467349094,0.4483627229602847,0.79342010099696,0.1378833653353786,0.29047539309718196,0.4052537451753012,medium
0.7234352009901236,0.15749802956752249,0.797737137862881,0.11299106625588706,0.2974937926624141,0.4354130190405132,medium
0.23896196907472697,0.9577866397118908,0.49184763838948403,0.10761412826288913,0.2375491812065825,0.3941782672567841,medium
0.8993294884624187,0.14951987856240206,0.5847034827555921,0.1301456053773595,0.579609539791832,0.5003788967087915,medium
0.0,0.048551505671450904,0.9051770931836736,0.31579404216515644,0.27509911871709136,0.2499105413524362,low
0.05090548710068482,0.8186222382920842,0.2897917140578051,0.7778797640439025,0.2865781017053982,0.42102751896188334,medium
0.2937228367379047,0.0938202644264162,0.21739026579328705,0.12689996581717172,0.2703432863153113,0.20542092988637872,low
0.003257099460352809,0.4953924652762115,0.4504754987038566,0.4400231165769423,0.24127059577740825,0.29182216038092634,medium
0.2606375675526449,0.1951143080762559,0.453159872788557,0.20185603396472532,0.6209640841931986,0.31870393222125304,low
0.0,0.5096591133555962,0.47825638298220485,0.139609368252879,0.5649829582709145,0.286339597509663,medium
0.23488283177324099,0.5756113213047221,0.21263006008520796,0.8060546831674805,0.34817497281858445,0.43091880536198174,medium
0.0,0.5976139919241148,0.18342288995516118,0.22185714378388863,0.25642953192799,0.22987209042407336,low
0.19588974519397936,0.19741738436516854,0.8341008336182595,0.2300390293744692,0.6597719647896919,0.36833912606731406,medium
0.15965846497880182,0.09279263687891703,0.1830556241001117,0.21637425575044145,0.5990287075855271,0.22704356777235807,low
0.24913313423602917,0.08694914673108424,0.23285504845198984,0.20000723233735482,0.2763135573493413,0.20850650695469625,low
0.85364878136358,0.9161234739891603,0.248984409370678,0.818568132393827,0.2691570902190812,0.6807541806241353,medium
0.2582091092464997,0.5019279726684877,0.5307829995003517,0.22858858338569987,0.6911316401141344,0.4068532399269603,medium
0.3995014935385358,0.06376364337346102,0.8305153395737856,0.13414186526237482,0.31975012810284914,0.33197136994022314,medium
0.0,0.06489546982256336,0.2210988357931978,0.4036951851466829,0.3892676926489809,0.18527311026017607,low
0.6272430386608434,0.8610241779093836,0.1587181953721601,0.42361200066813387,0.6083815189802707,0.5601651044666212,medium
0.5664859836066248,0.12899229540660131,0.19140663107077868,0.20034698716058247,0.4313974611632503,0.3292342654305285,medium
0.0,0.20905479346614464,0.5022136507933853,0.2479436487298065,0.28757203560189204,0.20986754139848182,low
1.0,0.15237321833333828,0.5523964175791763,0.39171550360726226,0.5904371374656447,0.5802427776448432,medium
0.46775645822908873,0.08157956291654267,0.7719197424991707,0.2648062907161287,0.2530674922817017,0.3633521934123917,medium
0.6761575674770919,0.09079258323595829,0.7707471277175013,0.19596078564348557,0.5964406130228601,0.46527610513007056,medium
0.0,0.47795592879994964,0.4904915872912593,0.1819321401253511,0.32502304677889077,0.25430480889558266,low
0.016815811748179078,0.023829802790102703,0.15097250841392348,0.13851997328207094,0.30544994697001693,0.10597806704647952,low
0.5731276154088923,0.12343220706725963,0.19750982163009378,0.24250606531080338,0.35426139437868326,0.32789162149959683,medium
0.6329356892034462,0.1057509616353088,0.1320168349798113,0.16666867670805957,0.31238299636749156,0.3110246091318029,medium
0.8171039002840195,0.08143486939245005,0.5260223419291035,0.22038812776489,0.30477566602234957,0.43011547070939177,medium
0.15923906658616485,0.8416370336249742,0.21250027532935475,0.5605928939668223,0.4735317308768533,0.43112250642513994,medium
0.08803541214061641,0.07585844259208412,0.19384165144819882,0.48172536584048625,0.26239141801731025,0.20636234574852536,low
0.6300987796813995,0.9159499400575792,0.49854033088377137,0.5202466574001757,0.6178596055955557,0.6437289438678699,medium
0.8234612309422934,0.4795324635443233,0.13415584204507186,0.22140888736938305,0.5964756329267858,0.4968213607112079,medium
0.1990409479684088,0.09508584766153609,0.5337867018332899,0.21487975090889855,0.31933454825195523,0.24967359161739633,low
0.04993996889213842,0.08858851459261205,0.46363507312158964,0.07931187651138363,0.27798856599918714,0.1598056147565572,low
0.010042199149858799,0.11565179457135541,0.5400913131923284,0.29739285618195505,0.34223649967460085,0.2179707618256591,low
0.21961874765208733,0.9005293304604776,0.16922366862387112,0.5477696603462759,0.751391177891082,0.4936376494342199,medium
0.009826152129794022,0.3660028347046833,0.1807591827991151,0.14016841598872465,0.5672075305467256,0.2163771027794959,low
0.0,0.01961756271726725,0.10110691281246988,0.5460917106066643,0.2919067822241422,0.17209390892027812,low
0.12803789290733636,0.016104719592703945,0.17024476761115515,0.22084123691710092,0.37613217215164346,0.16775710013858167,low
0.0,0.5168914052607956,0.7754454606155193,0.8301056471867599,0.3285202931190747,0.43499427354970027,medium
0.7719465231523781,0.11072347908376351,0.521671873764028,0.20539579217928602,0.3207752078034411,0.4211748734334437,medium
0.04189233429476509,0.4838702503663675,0.10641560319467208,0.2330560636538099,0.6542012581172576,0.27004549228925445,low
0.038104267095545735,0.8869465264286392,0.395356705948031,0.1952438105543289,0.6562449873156401,0.38560960151480805,medium
0.5679672491213964,0.5198519756234512,0.17517413853088154,0.26425044359356276,0.6391332602716249,0.4493567684001976,medium
0.029783037752987053,0.12499084130859421,0.10396206767424133,0.20389624845534934,0.33928552974302,0.14119946889127405,low
0.0,0.04765658662672001,0.20856528022145915,0.0895173452675998,0.2770209201105703,0.10027271642866838,low
0.501642190620987,0.004821219017833084,0.19150521282315786,0.26282831610309665,0.4180351990557343,0.29545362599231584,low
0.7740555180497679,0.15379720288666465,0.7731847610778835,0.1301595352679315,0.4968399961891644,0.4795117166359068,medium
0.18035206809637955,0.05968198388468314,0.2346311874298815,0.278288764229724,0.32543617179313855,0.20570987393524828,low
0.6224522696786757,0.4889026961236393,0.2763603028611016,0.23857152473241633,0.5376763395873209,0.4543360214420772,medium
0.8192829681467102,0.05391046621915618,0.15195063155088645,0.1445443599937976,0.5367520315949342,0.38878125515847695,medium
0.7692102245271738,0.10253313675874504,0.18512743586702465,0.1949834798328149,0.3374683139819733,0.3686557531538138,medium
0.27953107031775015,0.1595456728282323,0.7293787039134793,0.20137313668130652,0.28987078167614255,0.30893050583567605,low
0.599618238037552,0.42623651334161367,0.5393719520762965,0.24903022819766485,0.3059448879481136,0.44173634572278286,medium
0.30488456769049704,0.5426141462458641,0.7972966467705931,0.5426337236519752,0.2611445887141689,0.46728112960943124,medium
0.8371993134486908,0.10004829579772875,0.49124666912172604,0.2299502689264542,0.2775416274256811,0.4324777514615549,medium
0.03962352487473298,0.9400180530119506,0.2395936726050625,0.3347071524399049,0.34467748100602413,0.354472771594454,low
0.0,0.4951378540073439,0.2925824098959324,0.7637227398344207,0.6587428812155918,0.3944709124350816,medium
0.0,0.4732383516889788,0.5636994308210607,0.1873678520025181,0.3222391811052456,0.2650120325272453,low
0.07671866540738295,0.46173008698289203,0.19183582944175706,0.43232667898950883,0.3038793826331319,0.2761842346279284,low
0.5540377089296555,0.9680208590267626,0.4840039177257711,0.18075375242249533,0.2689015596325927,0.5089020565725028,medium
0.2496695559337675,0.46413806463266755,0.15774703665172307,0.186071995352543,0.38603427097123877,0.28651007492061664,low
0.1986357523056078,0.8744054604276715,0.5482346905934802,0.2264290663662142,0.3117448731393841,0.40875456561038914,medium
0.0,0.1805069714535726,0.7753643328237888,0.25925768998110976,0.3358674728302138,0.25463770313503686,low
0.24964079394029973,0.4992497479644815,0.7182393115864337,0.7931146006505497,0.2886484680587749,0.4843982748518775,medium
1.0,0.12768819348438892,0.1613932773018954,0.1919712972013862,0.6788023811968219,0.48996124691196263,medium
0.41297866148724177,0.4790348518678923,0.19495138864902498,0.20902934057111147,0.2584817496893803,0.32952140768473404,medium
0.22608135605400373,0.4886447507791763,0.42709430979660934,0.17071502438031583,0.3372649512186976,0.31435025100039554,medium
0.40870286003738693,0.013152385230709093,0.771874563407468,0.45876893332459023,0.5828936493088637,0.4202103536297257,medium
0.010185872018187025,0.12425871487469407,0.5230289875418751,0.2671874852578453,0.3021805748902772,0.20512643599678684,low
0.0,0.095868936902172,0.5101678024045176,0.1485688818998439,0.25107217223746436,0.16307355995670048,low
0.0,0.09359585608550226,0.803218646246253,0.5803380612830131,0.35823321870627944,0.30900456321658293,low
0.9611338288777923,0.0969378771990358,0.1603298871239435,0.7846752803988746,0.7238896166226048,0.597295705744902,medium
0.957702248320496,0.8688985192814916,0.21526617027481051,0.22584966831415654,0.36850635974860324,0.5938261915187905,medium
0.0,0.8030954327886801,0.4409041458655464,0.2510049398187041,0.6067068660376889,0.36796172630696217,medium
0.42018844613579676,0.9345190062188409,0.2572243461106722,0.18792790962457098,0.3166059788378666,0.4366204657517022,medium
0.0,0.13400267447966058,0.506529238822684,0.19113037481916978,0.1953741053769589,0.1703121114897125,low
0.0,0.5145218718027589,0.426620824682815,0.13040842544695658,0.6870095410282693,0.2960306143066057,medium
0.659849920605238,0.07171698324305945,0.14695207667606364,0.7818293428073034,0.34535499917046053,0.4425103027686226,medium
0.0,0.5340247333519593,0.5037322537338348,0.29495701301716665,0.6477317991368482,0.3385159572044276,medium
0.0,0.5424657585849723,0.5438935135068956,0.17878757901509673,0.2535559214570331,0.2638680827646031,low
0.6237352792711535,0.1273030818808673,0.4498929413589319,0.40025152489572297,0.31795665065422124,0.4078089439386371,medium
0.2076443906313894,0.11310161391937779,0.17727514434770036,0.5111031078377161,0.33487487888468936,0.26395676502569404,low
0.09916846382538742,0.39523717980388895,0.07592440442591025,0.8230234289892709,0.5031991502160289,0.3602711941025391,medium
0.2572798972007716,0.2046376913937288,0.20123062718880866,0.23961045513173226,0.3037645283178854,0.2417828717913278,low
0.0,0.5958662836277966,0.3143547679393361,0.49474933167626944,0.6063123737352399,0.35622319431199967,medium
0.2403204987994195,0.5579836912560595,0.18565469583757083,0.5145971305070184,0.5915891005323312,0.40319888344792676,medium
0.0,0.5513087461662648,0.5122043428855387,0.1974487799372548,0.2925277736313932,0.27046132269824374,low
0.0,0.14568621385145972,0.21821158849973188,0.12888300921596807,0.2498319483252552,0.12512037513723362,low
0.0,0.08250347218343837,0.5638792582673997,0.8032057800475697,0.3603375583887192,0.31577437294461946,medium
0.06569357192403466,0.47870824784976873,0.8362357898053496,0.551853629802907,0.24336496375412486,0.38776056014166677,medium
0.7985313581633612,0.0846413477505076,0.5601772994275678,0.1981181084537903,0.6363073808633148,0.47558400073350027,medium
0.5967331960501642,0.07269124462807008,0.4552269189095711,0.5173269123120832,0.6134156482909994,0.4573199752831655,medium
0.9054107583402811,0.10527076803313178,0.8305185058962069,0.1652375470866844,0.346834759858451,0.5023278803892463,medium
0.6089030742423118,0.9507426248948881,0.44092195090426345,0.2119392465702803,0.27124451727996046,0.5220322667933608,medium
0.002955843773399991,0.09489593186493167,0.20240856170992727,0.1891207524378614,0.38841918950895504,0.14631425267541096,low
0.0,0.017283837143090813,0.26696628468322425,0.18269710920105492,0.34094944218792367,0.13118354829950132,low
0.0014889195889413482,0.11241389648480418,0.2378267311749444,0.48833433051437897,0.4469671308666772,0.22331540058276228,low
0.0,0.4988338771366831,0.280031510568078,0.4648785097188504,0.31562940761859803,0.28209161509910813,low
0.14369959547098682,0.46822997578078024,0.18571915913555148,0.1707925939885607,0.6315815891572008,0.2935095048390771,medium
0.02872601192442494,0.10552495274948263,0.19648350689519173,0.20131531811850822,0.25222390879133005,0.13729197010390393,low
0.1499430536701703,0.43867181730427673,0.8353600033915929,0.15538393817809076,0.25576134337265344,0.3274622692121616,medium
0.23417781457459996,0.09590066866391447,0.883951807917468,0.14191045596641355,0.3257865155436722,0.29927631781761665,low
0.17175954954645606,0.11522709265499236,0.480997871141475,0.17465560337648037,0.23943210808968365,0.21756890095490516,low
0.006923984353756102,0.08835730695013964,0.2633534904042219,0.49794249027913684,0.24026833710407466,0.1948804288782266,low
0.8134648296311326,0.4969079786977984,0.4707360010263539,0.23692616056838028,0.2711845385827893,0.502094357683947,medium
0.0,0.49813760329426543,0.8093320050515175,0.18729262219776438,0.28938775504576614,0.3018940091129985,medium
0.028496718590075645,0.15071381013859966,0.8269855372881111,0.09298142397777952,0.2527877415480556,0.21925405422572355,low
0.0,0.18829026553777245,0.7886719299884329,0.1513958277520329,0.6406713863414062,0.28233871610743694,low
0.3674326017194004,0.23663591485171642,0.5763847068890321,0.21408028973133797,0.6332217300367566,0.3818139869712993,medium
0.009772969799987615,0.44776951409574767,0.8158612860120983,0.23105301383866844,0.23878516706690944,0.29689336448873066,medium
0.2849058916059981,0.08887506295633758,0.8461763482601588,0.15555185140897831,0.37374530142011636,0.31734539780690385,low
0.8009312507396031,0.1528401124027928,0.21325360228684442,0.24705371003949583,0.37817154448747914,0.40897191172648717,medium
0.04026267788777085,0.115145222386468,0.20555692973915338,0.2598323933658053,0.2796903719140013,0.15986142176475912,low
0.200026669479864,0.1546607134756121,0.8488867820719246,0.1716840931427574,0.6567051229290057,0.35111574791777267,medium
0.0,0.05100279461845843,0.46078464771804933,0.23298094338858305,0.34428518756719506,0.17755722289419495,low
0.40076387023368143,0.9586650853538737,0.2465375928297529,0.0746722381781457,0.24640329405098715,0.4008377588086193,medium
0.9297220950716802,0.06500433173316764,0.4917433194640128,0.2829664649724381,0.3279233012472518,0.4714607809693149,medium
0.7843775500192046,0.4699353498744753,0.502915246348775,0.25628710121519493,0.5805097929432604,0.5430715111175007,medium
0.0,0.09185430873326353,0.09358669073060195,0.15368052092997875,0.3675330044152625,0.11827492020452812,low
0.0,0.04998704530894671,0.4402526535042568,0.4534189113873468,0.3279466080960563,0.2159110805793057,low
0.0,0.8706357015932026,0.12138564252132794,0.46591471078436947,0.628111043069172,0.37973458531408943,medium
0.0,0.1163242137161905,0.8751651969856464,0.12571172266924377,0.28128806262866995,0.22187517621923433,low
0.29331576586366404,0.08837827727909477,0.22716278680656463,0.23206499191826332,0.36437186233453267,0.24081358096973543,low
0.033393526167924445,0.08068899471118106,0.48535300395654024,0.20310719314716882,0.29546237362791317,0.1838996020597153,low
0.018904559848984148,0.531008889500013,0.16068881232003854,0.07750926255749878,0.35891358868521767,0.205315358516986,low
0.0,0.08670712906634376,0.2701152493831801,0.14556361603219536,0.2552019274853874,0.12525172554999295,low
0.0,0.9034756840616431,0.9021091146386968,0.2327883478479866,0.30556922453733726,0.4084045572583311,medium
0.03920760359645523,0.542082686297594,0.20163632738466017,0.19597791471804357,0.725192500261329,0.29839872542896245,low
0.3796569539533928,0.3910458736780648,0.40589088595379574,0.1838916635634433,0.2918629613579118,0.3335476707310756,medium
0.21345431819793248,0.4452112431948199,0.2921293664309144,0.4977457703949709,0.7398908703725194,0.40743073369785293,medium
0.020920230759377604,0.16696453342930517,0.15392745108568356,0.17233170216272722,0.6877373334306681,0.20038503402367253,low
0.026808858241970313,0.0,0.7918379935920382,0.4639282641223887,0.23967887521955808,0.25555584061880826,low
0.4116714324848717,0.42054462912934865,0.2295612968493392,0.1429231034048838,0.37683696186693205,0.3271547150597487,medium
0.9857415269186653,0.0348415171938406,0.1738832242224301,0.5449977908473833,0.3368152287923599,0.4882950876360629,medium
0.02284824679466087,0.9418497335197067,0.47333932442660404,0.22671945903246032,0.2918975754056458,0.35535384752366916,medium
0.04346422126181256,0.13081442617817488,0.15851548143605637,0.16055292864637094,0.30756155032386945,0.1412242921074418,low
0.36959042265909836,0.07744325507539809,0.4444509642185782,0.23892823967600177,0.28775801815125346,0.2839827731034842,medium
0.7831124916428142,0.103956070397837,0.23358342593498999,0.2149754279618579,0.5501014053627791,0.4162727718594486,medium
0.16190695547847717,0.4472354625834155,0.1617870266124704,0.1819526677581648,0.31960852900102105,0.24661904605388296,low
0.0,0.06415732984464467,0.20687452739936762,0.7689566599800576,0.34835963714156504,0.24990792264608036,low
0.9961948668268926,0.09806222879025721,0.1901221095031487,0.454601327572922,0.5464494464342502,0.5198769047113134,medium
0.0,0.13712479599938826,0.5102075136471099,0.2879512338813404,0.2884694727325129,0.20481675393308915,low
0.036437495764478814,0.5412475490807015,0.2196117797623275,0.16793204370672452,0.3052672418076672,0.23149902052232807,low
0.8999905925843943,0.025100947970353213,0.5002108172002842,0.80252785189752,0.23420324670389103,0.5456850473345192,medium
0.48456525701379133,0.4627125524482549,0.46618066504290634,0.7478330074850836,0.24057358812034657,0.49349182706529304,medium
0.0,0.499510587338778,0.8498036605592704,0.18445399209766605,0.7465437876855365,0.3762450331240098,medium
0.0,0.02733393754845749,0.5089970598885213,0.11643471294992853,0.27956446173042476,0.1470379583425191,low
0.019144409881072938,0.04200621685902189,0.134430585527241,0.4545271091794921,0.19695414570223602,0.15475769785644622,low
0.0,0.5179292391889131,0.7148793198465555,0.2746199631284595,0.6089106742400029,0.3570783395764583,medium
0.6180172232267958,0.07334231067425198,0.4545663805490392,0.2688429651678035,0.26971660293625854,0.3624846696592445,medium
0.07610231838521543,0.44597593056434304,0.10785393116803035,0.22355211646725326,0.23553285685898667,0.20824432312593646,low
0.3991062852165622,0.5396344669508077,0.5018703976721008,0.46553952555958245,0.27996256440844974,0.4380416283791293,medium
0.7049206230339407,0.9369972094893547,0.2809782880926783,0.8274131821542953,0.3129347167728232,0.6534452159687374,medium
0.0,0.9157565833984518,0.82710722283466,0.47230989235114695,0.27707691202153617,0.4432409153783492,medium
1.0,0.5468402038732927,0.13565088678262638,0.8006696831889849,0.31152736592562735,0.6365787153186936,medium
0.14588589216213327,0.14898737168147408,0.8274749459003776,0.19518118711359067,0.6127651385630687,0.32863549207716986,medium
0.35090239131866596,0.0884767547436561,0.46511340391006845,0.5747803823646368,0.5739576618060045,0.3937828046746693,medium
0.0822279020449956,0.5666982364710551,0.23497399275597763,0.1865356386998837,0.28456878693703674,0.25324656260163864,low
0.8227896094747918,0.0394577679032063,0.46314669882279064,0.20196441711576082,0.34945936509561404,0.41701222943399163,medium
0.3965381314126511,0.13601465718878156,0.7990133037323911,0.18584233405905576,0.6894619962215679,0.4066041326664566,medium
0.21604376146833018,0.07416669347848814,0.19141449163559596,0.14467766807279106,0.35043042235895094,0.18985873784993693,low
0.7759168428011324,0.8713851560192697,0.1989354956453621,0.6085965169856173,0.268940967870178,0.5989528569686482,medium
0.042473346121697876,0.11935427361689771,0.186178528661147,0.1985657585541105,0.3895076297728083,0.1626789340358043,low
0.567086388385669,0.5470885716667346,0.23767519565698145,0.8122164190338824,0.4140231596188841,0.539741667947204,medium
0.0,0.016390294580065704,0.09407866306002009,0.5545353560356756,0.25549162787939783,0.16662067376406095,low
0.614510085560674,0.07560527680283224,0.2616933020089769,0.247948729387369,0.26798423593044063,0.32851545759715506,medium
0.017873281591429927,0.12643582087216698,0.8089850882353117,0.15258846127838127,0.6168837911661639,0.27504717281776,low
0.3912564864066277,0.20902480277596383,0.8222847994343627,0.12462315549804462,0.37809503674517125,0.36416351300372,medium
0.25357096919462674,0.0390755655378395,0.5342051765236677,0.4780052731709402,0.6698173043764455,0.36009083063516095,medium
0.20359823995268755,0.05183505802398284,0.6702929782224331,0.05626940899823216,0.6296868116166947,0.27769733386611845,medium
0.029128726149380925,0.09541740010014174,0.45668480399318717,0.12760599139115286,0.3066761713517118,0.16784744244480806,low
0.05329982764078637,0.9870608630064481,0.13026610096128763,0.23190790376603349,0.47070151834335233,0.34992884454242823,low
0.19526466239076914,0.543720886433735,0.530598620644397,0.428706915393023,0.7121255506030777,0.43947358476970355,medium
0.805164836606574,0.07953952358220079,0.45800151671309025,0.8253239304591894,0.2818006039287611,0.5334924598865279,medium
0.03085304394172473,0.5676415895252993,0.839096013765088,0.7658287296207028,0.2918749886208953,0.44559562736961533,medium
0.015177753688172792,0.019304234247309593,0.4277877245021485,0.1762316815456285,0.5959847631267674,0.19722638240937684,low
0.3148549119989763,0.0931973582538633,0.18941138137221547,0.5486055719721458,0.576353167771601,0.33768174201646717,medium
0.126708000137658,0.08674649939444805,0.1994212838401971,0.22787146684958037,0.3266025867486598,0.1798395738784316,low
1.0,0.10359811755321809,0.7701689208858546,0.5329828151124221,0.2929590128869569,0.5867853765990497,medium
0.0,0.49753376812548866,0.19979103965680461,0.20925841754121047,0.24573765152044655,0.20818774080992747,low
0.7026493535172547,0.12620805624255918,0.841309370852374,0.19780505972823462,0.3637354327396547,0.4563541497881395,medium
0.041393431753500604,0.09427919656684022,0.18836637567542666,0.1068379006320967,0.5753072095145131,0.16719248674432852,low
0.09142165759559973,0.5842116787390904,0.4866140343388534,0.2196289582884468,0.25539021535282724,0.2994952621379394,low
0.5333097779836887,0.43840736482954235,0.5210248867489179,0.4709241407468521,0.3201279790616594,0.46803216438197215,medium
0.5478579408598543,0.04823798551800889,0.8067514891965248,0.23395874112934456,0.23962397860864715,0.37775304775820273,medium
0.12239676401216577,0.07152217315114916,0.7663950393745549,0.1168893092024414,0.45133953730249676,0.2570615121759256,low
0.047399431662679875,0.18070270168473127,0.07935301695003105,0.1909589343690965,0.3304665045134723,0.150025084929095,low
0.6413211678832884,0.4865131100506038,0.248196095437312,0.2664749875401897,0.2444993650375204,0.4168982889543701,medium
0.0006720127583488112,0.0802277408976429,0.1413766719525557,0.8320739995014234,0.3423661306156899,0.25522337229255476,low
0.3406498947279568,0.122369222012987,0.15296792498881515,0.2533293309239383,0.31642711886563263,0.24774393558393926,low
0.1758251279818273,0.05794535293871968,0.19492392212659507,0.3132556948078571,0.30717683297057363,0.20230286120843885,low
0.42970029170387597,0.09823505712344119,0.5400221555545837,0.19625187571232722,0.2455310326753249,0.3056404523128028,medium
0.0,0.06755837871720316,0.19058007422440312,0.5654266596907227,0.2759654886439141,0.19657884211183274,low
0.02348538327376325,0.8755794999991156,0.5196976879856493,0.2575069923706679,0.4100916760131158,0.37313131805590044,medium
0.27308465131315457,0.14099990101296095,0.5268124671692225,0.20154110991056412,0.27613019372955827,0.2708749967134685,low
0.0,0.4637334148360868,0.44143450812298757,0.2542457510758535,0.2533723682232209,0.24781686463431934,low
0.0,0.5351823069301566,0.5440018634037208,0.16381380722548422,0.20099994386578618,0.25154949392155423,low
0.05016385380998331,0.09331565974592386,0.8464297446524737,0.05259600067655676,0.3886510626703088,0.22949360932590848,low
0.0,0.4860240005663151,0.5150630780365559,0.18143555586029214,0.2943700413415478,0.25490687919203703,low
0.7418128336343415,0.20811244085190087,0.17334018584671368,0.1713995322684832,0.5988605368099328,0.41427635311287625,medium
0.6030928086278968,0.9476311180717444,0.7907350749855775,0.29494829482984297,0.3269307749123462,0.5970936026533751,medium
0.04543942208838316,0.13083895899238002,0.8088794447029002,0.1699342772924211,0.5874662290110932,0.2832383249405742,low
0.0,0.4608975570515551,0.2269532812334624,0.23175566638652847,0.6288317716977225,0.2668984026272945,low
0.20465315085505434,0.07742309010654738,0.8130576306433729,0.15649976471575883,0.6531414620603437,0.32811038012653504,medium
0.03917931999219104,0.8646573889678891,0.21086799168351078,0.4804444825005491,0.7258237880599917,0.4212779372528703,medium
0.0009185580994602789,0.05455662008194791,0.495398648491004,0.18198827206138152,0.5975262710855617,0.21152328379498883,low
0.17639278416913665,0.07600909131314064,0.22036549403656808,0.8130218853675738,0.6861362078689223,0.36669928587270745,medium
0.552139533061,0.4673674108420415,0.23921161206912686,0.21770812183224908,0.32452962285373294,0.38721815169158713,medium
0.3771692154217275,0.5005414141768345,0.14908939103180432,0.17607699041950753,0.25086802308311473,0.3084680576630245,medium
0.16954343872049502,0.09558334554306773,0.48966161317874424,0.5135132700638934,0.14897877653819233,0.2684784131950812,medium
0.0,0.12747460912289516,0.20937449235355432,0.3274805333601468,0.25575981942127907,0.1607611752628334,low
0.04249880122584535,0.14614170560670142,0.4951320652424646,0.1955667079005716,0.3367247872614195,0.20586985094479082,low
0.008702730747900934,0.1290105442962501,0.5272935605437012,0.21142197380750213,0.3035348212583441,0.19532158011542752,low
0.7512968221211115,0.08947648073868913,0.15416810645187595,0.4891871426889171,0.3199785799478008,0.41224377428180625,medium
0.010167307043342379,0.07968152529036321,0.19410650542761995,0.48294268130722307,0.28668175522995565,0.1876932725311563,low
0.04324716079381441,0.8848531076717685,0.2561327332965226,0.5078024150823516,0.3478983369346964,0.3821099133236512,medium
0.006932484253822629,0.06029126290111621,0.817115326685122,0.142930869473896,0.34180270005130864,0.21656187576161384,low
0.030992011584693335,0.061191517374624055,0.14888387560955113,0.24202792267317616,0.29864315218701776,0.13707054565445337,low
0.6112180091309938,0.13785971898947327,0.2175005274726317,0.23612827828885052,0.5680434752085289,0.375994602597137,medium
0.0,0.8910534305094714,0.825318692225933,0.5917898327247144,0.3818630104731097,0.4776459080516936,medium
0.0,0.08321439012808546,0.23742743431434424,0.5143174912073225,0.32231493702788644,0.2034677319684162,low
0.12775591047074158,0.4585932317459407,0.8187153980853571,0.11968308975514048,0.6302205694052084,0.3713224325650235,medium
0.5789645748421166,0.08371821450305239,0.3343764258164331,0.24441337684550649,0.2919762704908519,0.33326859516843954,medium
0.02039211803093667,0.4825708417944534,0.8783092368276646,0.1828726859563664,0.1871343161600566,0.2990228739076031,medium
0.16997265762757827,0.4821268435435715,0.5441408406577837,0.17511190216509506,0.28173656765009064,0.30632115767618795,medium
0.34142223415142614,0.1418024936855602,0.21976142066675067,0.5660242264245444,0.6130705783819166,0.36891681412474886,medium
0.73105761040996,0.047514402884368256,0.206573785520895,0.5217368323995561,0.3138372439585446,0.4112291846016888,medium
0.01785987299899544,0.030960198714525725,0.14437189389321847,0.18813428417231853,0.6454523445549898,0.16765049424429873,low
0.04758719246438064,0.148514691404775,0.22536279522222882,0.2259768672202449,0.3632360825440389,0.17746430112925834,low
0.3178500336856972,0.6053802592959745,0.5248671832363909,0.8304563781644522,0.2775862673025082,0.5028903551786293,medium
0.7368011435577813,0.5662917989798815,0.7793341653950627,0.17416235073197187,0.4336627717411332,0.5510807135801343,medium
0.9465485752375936,0.0870268856206251,0.9497318700133743,0.2508564563248629,0.2811852314310813,0.536178806177044,medium
0.19299466692046183,0.4948686079580068,0.23015355053585632,0.2882868815576943,0.2579398291346239,0.2877435049298508,low
0.0,0.4522917928808899,0.47138111681765227,0.14445833164208938,0.3202614750155289,0.23809641367957307,low
0.12711500522652702,0.08487069135820834,0.5182359629322348,0.11753858684883829,0.2829759949476544,0.19879815089135083,low
0.21526445782217055,0.1213162541055481,0.7671387072490838,0.8350933205924813,0.5371774278058842,0.4515086725445023,medium
0.14541732195417356,0.09217295308168241,0.23152602209492745,0.47254372682017687,0.7298928113653296,0.3007813575856625,medium
0.0,0.13418248332555704,0.2607978627418916,0.19786144695844524,0.3974814329582089,0.16515068041181552,low
0.011914124622286639,0.09924438643741042,0.1891339653218137,0.253807140695224,0.2625258662061916,0.14193351754241368,low
0.6120381549469448,0.12827840969810914,0.23818305983663066,0.2560097858958903,0.31495649935668696,0.34344001948188096,medium
0.0,0.5232296769634809,0.48870000300517513,0.18554313047152515,0.755757201325934,0.32842314213666757,medium
0.17947352732240843,0.09944518624209969,0.22371878455879057,0.2619447211555842,0.3400136535044158,0.21067990538574027,low
0.812154772556104,0.8855341600246462,0.08181809240653666,0.21055717085391976,0.3841128436104535,0.532754338345093,medium
0.0,0.8922667602423056,0.8488066094067709,0.20875173321880533,0.312478566995615,0.3943964751525801,medium
0.21959962410545353,0.08412698083570169,0.7895492931575783,0.7766167412107604,0.279085759610191,0.3983238895560939,medium
0.3900187240353458,0.10655884458666129,0.4940154341733902,0.5503590070773177,0.2625759177059274,0.3618778903252971,medium
0.6537989345888502,0.16325286002280814,0.4594407856171809,0.3156803161655045,0.7187139783842322,0.46864953021452954,medium
0.0651862811860393,0.45207225003616963,0.7355447968316816,0.8252133086952284,0.3771716862541467,0.44192046856496564,medium
0.18252832211369485,0.4761697670203361,0.54163418748176,0.30271885379678193,0.7462781401149292,0.40372306993703544,medium
0.19562539624736713,0.4817628812157371,0.22946129481911068,0.4885625508410804,0.30168267003196614,0.33242430001323514,medium
0.0,0.06538213087568262,0.5741835689898037,0.10665642149083585,0.3878502911952116,0.17871278950105599,low
0.2904487593969378,0.5795581739938975,0.7950939805878288,0.15304411631580161,0.30547211823990544,0.39874000070518134,medium
0.8296024112771934,0.10554918684052005,0.19334764419088776,0.492726907861738,0.7076617842377978,0.5036873565879124,medium
0.7547113768170441,0.13942511880205916,0.5886761324256565,0.17541323671039907,0.2711792648020936,0.4183593937317674,medium
0.7976699236533971,0.11055827044878486,0.7878707826888895,0.21303682571554075,0.24611242672228778,0.4591174777405608,medium
0.9750365444729594,0.10312594004590356,0.19818333292118287,0.24986475260255903,0.25826369133039845,0.43157615550931755,medium
0.6419117989836509,0.041384776586143805,0.21312260040677702,0.7161463217781487,0.28068936968643216,0.4181515548819352,medium
0.0,0.06525655444434651,0.47253648275966254,0.7107172134109123,0.339800893129821,0.27704535995447427,medium
0.06888393694682052,0.08646392646585041,0.5945584300640203,0.4384264670215834,0.3320944885501652,0.2646411975736608,low
0.054124935453992364,0.46424773445979073,0.7851864011817742,0.7454562039662801,0.7172259934762231,0.48354012752011144,medium
0.11778367426226204,0.12770816974663768,0.2111618081697021,0.18681829267863811,0.34752516318843374,0.18204344046745413,low
0.4416120803545217,0.9073127845106265,0.9200273746636881,0.14522908583266314,0.25842956273704765,0.5197605387851248,medium
0.22347381309138087,0.08229122472294277,0.22092522019503463,0.7782299237266449,0.2768869961105891,0.31381820606317534,medium
0.0,0.8969184125892061,0.16827206636971653,0.2640454726342975,0.6365440255496911,0.3529151908326119,medium
0.40285282363471153,0.9406199096687998,0.4628923943789649,0.7942512904877704,0.21739618506123476,0.5698733740377574,medium
0.1608645564651725,0.5956799217323593,0.45770234698474455,0.19940882817937342,0.3537297159981764,0.32899192636933644,medium
0.5784137726018821,0.05451462015135328,0.1391194226401906,0.18674137976109606,0.5742586299310842,0.3287820396487457,medium
0.012982881061120883,0.009942761962072402,0.6364628513333831,0.22340944203946378,0.35452028444512085,0.19921277548541907,low
0.6325946876130977,0.45521343224907224,0.1561877078351986,0.21062689084864572,0.37492353117242877,0.402613156754617,medium
0.03942916205706884,0.46612417522716837,0.252251937783556,0.542594035457817,0.259329449865592,0.29030959890148994,low
0.23311626541120073,0.16449046491079222,0.7986079587133039,0.13640179280679277,0.3291638116545961,0.2992790967220622,low
0.4271061258220385,0.1989931615984204,0.12245605907578778,0.3075536459580967,0.34162240607340205,0.29905296903029344,low
0.8190987922372986,0.0,0.16373281167016301,0.1478808524874201,0.29746064378440784,0.3444848264868592,medium
0.36860632166415,0.08406774996548085,0.4681018509788626,0.48128962205352066,0.31253514960479367,0.3407489209905938,medium
0.8455563537445778,0.9073783768336295,0.1652054721617222,0.7579787200492154,0.6288831727481934,0.7058516222364297,high
1.0,0.10840557332250765,0.7582950032050225,0.24707681047890873,0.574644199259443,0.5710373571299531,medium
0.1978821615545045,0.35470188470895225,0.20281811441732372,0.24075542004134445,0.26003623891449745,0.24788426241618386,low
0.0,0.1269718966997833,0.20012995176768614,0.25750025274198196,0.30401986032391864,0.15251690170209375,low
0.0,0.9001771805617974,0.2464513204926658,0.17491441767791682,0.34930166841835814,0.30438126798459647,low
0.0,0.1299411382734124,0.19613717743163592,0.25847598458225646,0.35685829052764484,0.16063274476502587,low
0.0014441319815886881,0.46271738769958404,0.4271371865815111,0.8425280095850698,0.31706886165167625,0.3731132262863855,medium
0.6197364561458776,0.4860848669849936,0.8237971891268506,0.19848475989905892,0.3142011900853669,0.49353461910240637,medium
0.8721674087424042,0.49068193057976117,0.5311922602043839,0.17961763867263894,0.29518792008303524,0.5196671635163141,medium
0.26937528585035425,0.8881916006932458,0.13989513593780667,0.25265802752650524,0.37215403502885375,0.38578988704405554,medium
0.004699767882554387,0.4367938281212811,0.43553945165335645,0.18995542639793955,0.681919816461567,0.29437867148584895,medium
0.18055553191470947,0.5054765613443517,0.21179693974638913,0.13025870628920325,0.2717418973044231,0.2538445386587457,low
0.0,0.10972073490321022,0.2256494524856534,0.18910431254112625,0.3295603020332439,0.14304647266670187,low
0.34079799774748265,0.5584297701562555,0.527494420036681,0.20470881989248563,0.37588266064095555,0.39037367943563855,medium
0.012427622675123587,0.13698765106115368,0.5133569385778247,0.15600539588078105,0.3268468564648866,0.18835746544733073,low
0.029555211938340566,0.12207397422515996,0.497241110922067,0.1862274960837361,0.31882395711815964,0.1929366178493154,low
0.18168867109518833,0.03982501471251183,0.1647185913473375,0.13853946972216233,0.36570250058315323,0.16974266200506494,low
0.140558750698529,0.48018890710106404,0.8320393007889143,0.4923620314178115,0.3237727613724124,0.41004962223753283,medium
0.3416639839832258,0.019995152868788404,0.45695934486476975,0.14485547400625254,0.6665677600053564,0.30399838630049486,medium
0.006322545132202837,1.0,0.6216952137113785,0.1579959243263612,0.5992918275289072,0.41664400459097595,medium
0.0,0.5707453477014001,0.1574103063794831,0.5244108466174033,0.6755296595965006,0.34397223376015823,medium
0.7048599914714173,0.107797844907929,0.18575845488642814,0.16406306628705525,0.3478120401281297,0.34586575393260566,medium
0.004151744826860604,0.4240382465637298,0.18628234196192256,0.5325749416522164,0.6233788475217227,0.31401733951379424,medium
0.03733586496696955,0.4780988985193975,0.18955724989508668,0.2640178981725386,0.564704075791073,0.27276331768140205,low
0.9985788643299913,0.47535548585347936,0.16345645728534622,0.8003364103549898,0.349072977716199,0.631591453790923,medium
0.292083586922528,0.5699618141148122,0.7823146885135365,0.19273779978082223,0.29275045520958193,0.40142477041435304,medium
0.9055819116123186,0.05246604148219014,0.802082271291264,0.5276262620878479,0.25065915202820743,0.5456042476956239,medium
0.7347252637031569,0.106820189998767,0.7616556443868421,0.24698495841409335,0.3944973865420105,0.46460156343284703,medium
0.023733882160577695,0.5369184663902254,0.47598059364721634,0.2738398132358246,0.5291782060651841,0.32004564053024337,medium
0.9553592852682357,0.05735106600379276,0.5861949294413078,0.7637821417110014,0.2796231597925083,0.5807071405085019,medium
0.03857654834538862,0.08819345856868883,0.5495340870797281,0.16712040437644962,0.2835270682898034,0.18759491039807397,low
0.8011492336456074,0.8445238659031344,0.5199049632537046,0.25682968946359575,0.28547000346285123,0.5814217261745116,medium
0.28283655206946756,0.06902055573856991,0.27873839431201014,0.1434374275329815,0.2596327804059678,0.20809823848284725,low
0.5286175890967554,0.8649152999174651,0.8324901601728939,0.1616677413175812,0.2689511979170732,0.5291180886895309,medium
0.12912722131915172,0.1774939521591116,0.49599618630648407,0.25610758707716835,0.6183574511027563,0.2926115198543876,low
0.015517512683564917,0.3958405262028827,0.4483751553731016,0.41825620780491857,0.2984434695527952,0.27949739434551424,medium
1.0,0.12920270713308826,0.19437310548660974,0.26352374102001297,0.28510927897399385,0.45046764729971084,medium
0.2781540026719694,0.11052357298027285,0.5352570765811362,0.2142340296225964,0.33068354872383315,0.27828881511791004,low
0.21072510339974224,0.11442509104802312,0.43251371780156156,0.2154351786435526,0.28403759737395057,0.23667228223456466,low
0.07436778877786447,0.08619466199331798,0.7766429270458953,0.16631879440627548,0.6448736182948276,0.28604050971438644,low
0.6692956696713684,0.07057081089407125,0.5294095732387739,0.16058804227926046,0.3098398877648841,0.37290789068662555,medium
0.010191974567769137,0.14426371900870058,0.7757323069578499,0.2850891551511243,0.29140533256063245,0.24899881313006808,low
0.8303717360163279,0.0815543305979359,0.39341110739693097,0.8469614100167933,0.2836125817974891,0.5363682223070072,medium
0.025318989372407702,0.05919423442814805,0.5306979902191294,0.24909217845251533,0.3645334441615128,0.20353769454495133,low
0.03553452360763545,0.5433502837182438,0.41782061198858766,0.24239412904117394,0.22585056676060877,0.26435991644655366,low
0.0,0.9168027246624991,0.5469085490528077,0.42001182349237404,0.2243371848543224,0.3830497697170442,medium
0.18583092745411448,0.11049730904866223,0.08856193425309099,0.17217188025639865,0.24258272280088672,0.16195481465534317,low
0.04814936734965799,0.0,0.19421843344204748,0.2074752987064036,0.3269431793407888,0.13411411186360356,low
0.19085483997906597,0.20409264133325808,0.8011739547380358,0.21488126052575834,0.32941089293734116,0.31063895951682957,low
0.5919804210654052,0.0,0.24546024622018164,0.14068517627023058,0.39153525728814964,0.30128048709991734,medium
0.4252749211324716,0.48434728813596933,0.5222937080842249,0.18937640893298985,0.5717919383552905,0.42644006271946067,medium
0.1690546450362464,0.08785802738113184,0.4558038288696483,0.16092197403968142,0.3507924713310957,0.22146183882514814,low
0.0,0.06442875656392749,0.2260907711598163,0.21414996533940034,0.3376404610778351,0.14027542921631325,low
0.0,0.167623559907493,0.7542211059694177,0.11573271090518529,0.36327321098827653,0.2242954017061898,low
0.764563126343811,0.5205945839439304,0.5832393885508385,0.21669866359561626,0.6014748203651133,0.5545347187484454,medium
0.0695983855799468,1.0,0.5144297769674568,0.18634622321007446,0.5815726604664644,0.42254912593108707,medium
0.0054106706177535595,0.011041183330206816,0.459378706058829,0.2703744799194822,0.6909777190703186,0.23045979760463603,low
0.21492767700092782,0.4744196990084541,0.5326146798250062,0.24328781415321246,0.264596989134683,0.327601556076565,medium
0.4304827109314755,0.44561801787550387,0.15951291490773067,0.20845529241063215,0.34721189957988885,0.33596819750981277,medium
0.15961819251551645,0.16279540553656624,0.49098504879132343,0.29422019818520817,0.3053366126352038,0.2587368277129889,low
0.20418827496912367,0.1243972535947924,0.42731214240096166,0.4772457234945282,0.5606163462898764,0.3297743512122269,medium
0.32394848108670293,0.0,0.8418024684094765,0.49284512070385816,0.6791535890156564,0.4238969770805524,medium
0.09686645149090133,0.10971910907171759,0.4233609360654725,0.261529974820219,0.33518984327268936,0.21709236912638202,low
0.577130805062086,0.831216405143989,0.46877397629853473,0.5024783837058135,0.26737914063750745,0.5503011668289927,medium
0.22735843373242243,0.5076385742551597,0.5238856130407731,0.5548708851067256,0.23058993141014508,0.3938807536597415,medium
0.0,0.13202110604572925,0.5091888509937387,0.21255701785596848,0.23430345487507998,0.18043947066066235,low
0.0,0.14990687073505118,0.480216224350596,0.1782930314139124,0.711581587524988,0.2444096522111303,low
0.3615384172227913,0.17627388784532066,0.13211954399624987,0.208391718264114,0.3745377756270014,0.261393244332212,low
0.2783799696528292,0.5994525515065791,0.23948897398186791,0.1519111302426996,0.2589710775012558,0.30855573496817307,low
0.07147167038927088,0.12477394645600667,0.5581463920963231,0.21223344618636222,0.3248694525406302,0.22129535634079803,low
0.0,0.4756558116191395,0.18836379036057013,0.5357104822881826,0.3321956235407231,0.2803571708666584,low
0.6290699680668197,0.05542392478848382,0.4618963068517453,0.15268241480973177,0.3196390028153858,0.3475725547897586,medium
0.5589678028772334,0.9187113587952759,0.20770737565826125,0.580046734345332,0.350477464969846,0.5511696855855076,medium
0.0,0.10274951029665962,0.17104760339411573,0.23184884607205686,0.27635704587126453,0.13403036866355034,low
0.7513482108417938,0.1802406283115635,0.23998731944128038,0.18860218081248128,0.5531094790227187,0.418137544846947,medium
0.0,0.49829141989109993,0.8475955976006614,0.7967799915253129,0.3347134303971936,0.4363606364829608,medium
0.784054148867085,0.07582708710989218,0.4811347974670265,0.5030406584559426,0.32794209848467215,0.4723513281660473,medium
0.0,0.5118021945714395,0.5353628982635633,0.19303111704064366,0.7243545615995505,0.3299242813018837,medium
0.19703716121798612,0.4848183351139169,0.2512079897971828,0.5248077381107176,0.28359708367190584,0.34125712403068603,medium
0.1727759168766174,0.2354237111812687,0.873256798257287,0.1774921838704591,0.6037386534315887,0.35596527182666216,medium
0.20568760713375342,0.5550110106242534,0.48276969782647,0.1900134096320662,0.23535769685088298,0.3184302753929929,medium
0.6104497751464112,0.5659810791508652,0.28886859931782044,0.22260934199555962,0.34452137607517985,0.4358615130821583,medium
0.4185972186387411,0.43877962706587104,0.21872729505275354,0.4652138861922827,0.26663325076191235,0.37918195011545297,medium
0.0,0.11528489231425201,0.19750374877300322,0.4870264905684603,0.3025257900079853,0.19546670739369074,low
0.33254072103115173,0.17376797520050152,0.2239327727749162,0.22547951120023205,0.7165625371417779,0.3206860100769963,medium
0.5558048960405177,0.49781965084337376,0.460135742526122,0.483974213066827,0.6717355132940137,0.5328809299672158,medium
0.7321705641767925,0.9314075202152086,0.5572582191730658,0.48937079630637437,0.3146216054203625,0.6345888062463685,medium
0.022478567205489314,0.0691416800253352,0.4312831523509312,0.522019117214539,0.5281547001771433,0.2688914074888328,low
0.36602566935044656,0.10470436402535264,0.5133251261286734,0.23319328935300337,0.33583004747734363,0.3047605075217077,medium
0.03768299880544101,0.08993398131365876,0.649077098773649,0.11081911689606927,0.3729678542939526,0.20476226224371816,low
1.0,0.05013874541888014,0.28204753451345377,0.2210868468458085,0.5944443293084755,0.48571889802622714,medium
0.8350754162389794,0.15622693344195843,0.13672053256276878,0.2667180737722556,0.5245726987285803,0.43430561100823895,medium
0.003209158427026142,0.11100572752275514,0.19628929157651123,0.49810990921145476,0.2912872777483285,0.1959223602736758,low
0.4341427367009883,0.010310508322783837,0.1987016869767736,0.27091065152723404,0.3446104004314347,0.26798386609153135,low
0.0,0.11548298717752618,0.2310531448417526,0.1702592781262769,0.2578275391981289,0.13048055566674283,low
0.0027115609762200107,0.5301035658628082,0.863298202531196,0.4218092184560802,0.31051417063144715,0.36726788113104014,medium
0.3026669354593297,0.46218567919861653,0.4962650226912301,0.3009251473716652,0.19631872830468428,0.34730980860124244,medium
0.19597098881952776,0.08677422821214623,0.7967132425715889,0.1715745761005028,0.3114175884613082,0.2766806821633227,low
0.7071290137475937,0.46713479527132984,0.8346843095620748,0.48182554661477117,0.38156494860193685,0.5843681612261001,medium
0.2626674655829254,0.08337954896807122,0.8285720246263376,0.1620907111309083,0.3093604786108238,0.2985841671802477,low
0.39862140203261537,0.4884156946106452,0.19117286048868679,0.13938246205966842,0.29068458802056835,0.31742466922023566,medium
0.03540384951960728,0.1407253192723684,0.46777199938185554,0.4627506989352973,0.29520496389826706,0.2457629029894337,low
0.0,0.10340712690063127,0.22060563191158408,0.21313624553497393,0.24204276435876793,0.13270593392767382,low
0.3761239485724521,0.8193614586835286,0.20110792358187846,0.25185555410228566,0.2817011075278437,0.3995019417953568,medium
0.15608265646131272,0.4948985865856135,0.2726519137749127,0.21124847735105176,0.40908338854277904,0.29031450507338064,low
0.5252441309121431,0.04532127302880015,0.25081534815748163,0.5155323734138124,0.3421851887124474,0.35869404909265484,medium
0.051303871746250174,0.9562847570301111,0.4142189790053109,0.2629364512351984,0.30259126212938053,0.36675693934714065,medium
0.0,0.42231809920314656,0.15701268906678956,0.20692338828052642,0.4458511060583352,0.2162778667655033,low
0.24589727672796063,0.5454969354659618,0.24931880196964784,0.7839162130686496,0.5897113934393596,0.4655063420366615,medium
0.49388300669292623,0.145644642094778,0.20707753074522012,0.19465808467443418,0.6683752750047504,0.34754336822421583,medium
0.45795478562746267,0.18073451160761594,0.7879708731155309,0.2881358344367301,0.28601872784541127,0.39225894504124936,medium
0.0,0.017364878249196344,0.4631903307484816,0.46724039185080396,0.3824166372498864,0.22376209921975526,low
0.54916302240584,0.14731619763535866,0.4113643724180786,0.2573773618389266,0.24253272309022542,0.3437721829428546,medium
0.0,0.10033353393364894,0.12929710527211752,0.17480624867962974,0.5146455979598972,0.15161936200745796,low
0.220058212137636,0.14220694206422774,0.2194457050356386,0.25882161248670826,0.34304970469502466,0.2305974860110775,low
0.4682009678780419,0.14549169481717822,0.2609830868567189,0.2359241418278463,0.49153167820991767,0.32962067245241294,medium
0.0,0.435566012446855,0.21959904140123496,0.4355110309023384,0.24614505305662626,0.24407702283851784,low
0.40036884605699274,0.5170309014617773,0.24442457412436835,0.16299139656098166,0.19938697245602205,0.3226868454087082,medium
0.0,0.09608769600541674,0.5268031323439315,0.1754996356051993,0.24087507697775548,0.16946919772037625,low
0.11403658007159889,0.08417040869200944,0.2667069116895452,0.18482579498426394,0.5593811718061866,0.21192342728109412,low
0.6262702588126589,0.5271942076565864,0.8327291780167593,0.2958131943542419,0.38293728034033686,0.5348325267995278,medium
0.7709235833895838,0.052598518219312294,0.29354705346419485,0.1655541369816841,0.3213885924139735,0.36714795293879965,medium
0.6252750314538191,0.5454297909838591,0.4894832478336074,0.2819310422882149,0.26046848389734917,0.465547435850204,medium
0.24633412580278383,0.5672942550032328,0.48995335192012185,0.5493204472869225,0.2003585412025779,0.40076996216727123,medium
0.411627942445625,0.10876556366550291,0.17710194421154998,0.16787710883531268,0.590435120191647,0.29394747689433015,medium
0.057518545243623535,0.1187912041966038,0.5260311624076455,0.15698381412875007,0.36488593329513797,0.20604813159357535,low
0.10291459349121808,0.48506935180890387,0.526251049701593,0.24558581841710628,0.41397541062589815,0.31803938114169117,medium
0.0,0.1888695143966351,0.5229330842758197,0.17508204545882883,0.30228446763327166,0.19657294475745649,low
0.07803382059379267,0.553123424555197,0.25666874818571983,0.48611471486990443,0.3643577138574453,0.32441174336963285,low
0.43536691415167167,0.09124233877489546,0.201296350802357,0.22916492842671599,0.27152045782195533,0.26561404897947066,low
0.1980659093491065,0.08104203675533497,0.28262416063809737,0.4677379581567423,0.34649970381482625,0.2635443514550859,low
0.8443293184122415,0.16973864530490335,0.22005006087525758,0.78955975359553,0.7116127881145758,0.5849079026522341,medium
0.35193408653821434,0.47283604779799693,0.14619382880723308,0.26398829024934944,0.6900350142741851,0.3783794200331463,medium
0.19282872441140847,0.07152183957628577,0.8543853298655467,0.2228200618747832,0.3878307767705611,0.30304941360905246,low
0.4069350581153004,0.11140362821811134,0.29939077238651174,0.2795983245270239,0.2799547717994346,0.28718273961150914,low
0.0,0.49044928597440746,0.4704113867654627,0.17779635234640495,0.3078817726760176,0.2503931015803845,low
0.1896314364353521,0.06379438119730887,0.16713461481681047,0.12173312958847737,0.3342541030344094,0.16920324076544585,low
0.2026685776988099,0.11939632484335944,0.7023238211094679,0.2781692039930598,0.29750513866092054,0.2902880230424851,low
0.6356208809935867,0.08626566693562704,0.5237756162745131,0.1631805107365639,0.3183133994477574,0.36688885219085476,medium
0.823015881257636,0.08239272490380117,0.26070754618901265,0.2640489384700464,0.26580346287700024,0.39516974841196223,medium
0.08434653443565308,0.05953439858098565,0.5339175920692789,0.1795257992929938,0.5929185461694841,0.24214142064130628,low
0.056680458490173946,0.11398691534545295,0.5378202956241658,0.8596559864760116,0.6152980951864063,0.3847004765329309,medium
0.2570051701385412,0.9758448990038697,0.16826806232894873,0.19799081100576754,0.2954265074601412,0.3814228785118533,medium
0.05029674465186802,0.5065425422533902,0.15984908991555064,0.165274334325814,0.614616697547075,0.2656222668307951,low
0.0,0.05782640293460295,0.5028663865829335,0.5721640999935345,0.3848675201143207,0.2591581865902156,low
0.43438624997469033,0.0290895627989589,0.18730239848362726,0.1905896968108849,0.51328332397375,0.2793395852829824,medium
0.02509172279070823,0.5082716048970842,0.8267846735667957,0.16538426700406142,0.49344640930420464,0.34029335364809166,medium
0.15430312002687052,0.07540946717218142,0.8446238936094378,0.5562971375277556,0.316611486606162,0.34681756398038854,medium
0.1508480813754437,0.8295837129437735,0.21919782983116864,0.11553085473152613,0.3557602245834783,0.3205210461098901,medium
0.19844394049418984,0.20822120538869165,0.862135654444439,0.2076451426411697,0.30986485158258525,0.31850652765828286,low
0.7280265745771489,0.17136637031199486,0.5101113297278714,0.20390495205096743,0.5448957060614267,0.45171329221413187,medium
0.5676465816075675,0.0,0.444889644187893,0.15481880155855493,0.3416928453606296,0.3192451082262597,medium
0.5938832314240216,0.12540737161699575,0.9856992599463497,0.2431693376271381,0.5984079675189455,0.4894963953958275,medium
0.03206854034924214,0.06116859704498162,0.5542328825866942,0.5000246851190882,0.22898029596657643,0.23934119532057718,low
0.45244932909029145,0.13158291319780396,0.7585445130253374,0.7710643737227236,0.2849514676212371,0.4727886532081792,medium
0.19345171113822057,0.5309565546100845,0.7783951191554254,0.15221190043096922,0.3298022873563029,0.36089881532643614,medium
0.5829516872245374,0.07153579966459435,0.7724755758324486,0.1415275961777965,0.2740879852744561,0.37448271950187506,medium
0.8517608516097901,0.4564913189453639,0.8396931556911885,0.22535755859427561,0.26606946069851095,0.5577624234493199,medium
0.18804955497958775,0.13272118863430726,0.22268264437570262,0.1748048866476157,0.3637942577163792,0.2058916168640732,low
0.0,0.42909365604922406,0.49630638699112695,0.20806258562750127,0.34255412202065033,0.2532603246871116,low
0.5174677721062386,0.19411350505672992,0.34234325801755505,0.8430360762332467,0.36133138631429795,0.46822144453964487,medium
0.0,0.44811171621277923,0.16833070138433603,0.2369541674445735,0.3077932732793505,0.20843177293102355,low
0.7995828159048348,0.8963151043602634,0.7491295752009665,0.25189362563467815,0.2794932892032,0.6238100204310638,medium
0.0,0.06302193683789256,0.4572389096661826,0.17153679532001748,0.32072640896586807,0.16360654422638962,low
0.008206832150533893,0.8509715782467399,0.49456709708874236,0.2567978602080259,0.3575265979079244,0.35182999158561334,medium
0.44103941973673433,0.5419252234406177,0.17798034919832145,0.15644035242400647,0.3230338310303655,0.3471370681282482,medium
0.21217955458282398,0.8989168859110922,0.1637404731960729,0.790981878436,0.6733800493789865,0.5272016976305246,medium
0.0,0.18478884830310768,0.7716577030604858,0.5803956556984833,0.26684955926236215,0.30881299014874536,low
0.2273479566809243,0.11590358011994398,0.4822536268108189,0.261822380324436,0.7423076879549972,0.3274337763080257,medium
0.02724004017927414,0.08987861143186036,0.1810324837849559,0.45492743625288046,0.624580664429366,0.23797519382287868,low
0.17994801497714075,0.494967966031725,0.17430148027697337,0.12167751878615606,0.2587701198168728,0.24227424147079535,low
0.0,0.055313140633799565,0.5285661600392135,0.23569977458436128,0.322704805451062,0.1858932278671735,low
0.5798357762031704,0.17687567767436285,0.5377538740513574,0.21726344745231302,0.2870326655310427,0.37649653882364625,medium
0.18171883348812942,0.430209882828377,0.2110163701586399,0.20811286369586385,0.24058258166212143,0.2499200421244012,low
0.045104014469611264,0.5008026779194786,0.4344581936983167,0.22254469671159505,0.6569597363626164,0.3219133687762381,medium
0.21257951345106033,0.032925969538928845,0.5353104130020867,0.7907873914706175,0.6451705790492809,0.4055886750449325,medium
0.05461499469572067,0.5085074168315503,0.5017469459112603,0.15098629792427665,0.22692931818173806,0.25758468097383136,low
0.5784253995471526,0.10966092174523827,0.52446095444754,0.1547246798729564,0.3065638816868247,0.3510584656079394,medium
0.937198697125716,0.1129284281617636,0.21196839010396457,0.27606068826194446,0.3290910049617073,0.4401163416823072,medium
0.13549218459976065,0.4587584925650969,0.44371956418618874,0.48510868574330523,0.5494228063607668,0.37839244662365196,medium
0.027630201089087383,0.8259882033399769,0.4853764451374165,0.15075090317609116,0.28470532053617,0.3191491464809778,medium
0.18900944142420645,0.49951640899211175,0.17834489796160333,0.16107596934822732,0.2823918299120118,0.257931817276372,low
0.3545089705044861,0.03109425791323532,0.19422685467699058,0.18554187939139455,0.36011785758602144,0.23283162545172362,low
0.0,0.10244943734268776,0.7908561110029226,0.4647744336044235,0.3199499296330257,0.2800656802848145,low
0.6381865618937239,0.12397513141095401,0.4709077669352327,0.7689611151354487,0.6069854184786087,0.5317271956894739,medium
0.20922073852341286,0.09801487456381162,0.4909624321961927,0.5122656269369551,0.3207720600557324,0.306582495694966,medium
0.0069361468864412015,0.8637883403056784,0.14418648393719777,0.5030730001652624,0.22953588526781835,0.3315114675408729,medium
0.0,0.08034022861641815,0.7210655345668224,0.19352401647519482,0.30568609905011634,0.2087855940608634,low
0.0,0.08328549619015832,0.48917128675802574,0.8165498248138866,0.32263490375042936,0.30173799277707725,medium
0.20122592407430095,0.4663060388769586,0.7899285617391351,0.2703644388284101,0.6286211028317201,0.4204843224489923,medium
0.15136163110121734,0.07208523886836371,0.1812527889040103,0.1942741206236137,0.2952773624970897,0.17015988393892567,low
0.46774629976435067,0.024886193472313398,0.47976257019213303,0.183436343849949,0.6379635518131911,0.34964731569455626,medium
0.2180266204040774,0.10864943300532727,0.17898382744349203,0.08466602057566552,0.26921242709667725,0.17130051501844715,low
0.3913059299855551,0.0815048042492009,0.1236544919870674,0.18506535778243613,0.22385180093935247,0.22283175534095692,low
0.12048872790448956,0.5258209197905701,0.21625836328570672,0.20250611885682981,0.3596008699396067,0.2681909110846239,low
0.09506875566854053,0.46843265680478147,0.48775753544352096,0.7857391558018059,0.23208097651310938,0.3873307660153742,medium
0.7837609453733598,0.1144206756426477,0.801491157986162,0.46816731638765396,0.23819477363702932,0.507598771761547,medium
0.012922068712238909,0.034274462739895484,0.22536754611272253,0.22518954891826232,0.33134749802025215,0.13927667956524942,low
0.21858246114444516,0.5106003966776236,0.17082149665482146,0.5041111230376608,0.3257901433623116,0.34300878828896036,medium
0.14839988226116615,0.0,0.23572605106106956,0.48408047259794884,0.2606077738875704,0.21578613294023563,low
0.8313844843005127,0.8480136038286177,0.15501773712800337,0.30863454708668875,0.14731242122165827,0.5260944992256643,medium
0.0,0.14753321486791623,0.5517856110552015,0.8639341963109205,0.28038408009914156,0.32711893590891883,medium
0.5939945523950572,0.14059907364210308,0.1945343837916225,0.17198882820514416,0.34001968794991844,0.32089905684919773,medium
0.26765795594255626,0.13100732798102277,0.5310236912788098,0.22466659333955982,0.5319796689786859,0.31088267508550776,low
0.40459793269553096,0.4328700508076379,0.20335165499831379,0.2112160585436698,0.3546170267329243,0.33389190393860657,medium
0.7082219507274667,0.906497444014676,0.6160977495412918,0.850818187494669,0.2584087925906012,0.695105692839893,medium
0.0,0.49947127026371396,0.12447980546954189,0.22493378264035976,0.5917774970973164,0.2523196059658435,low
0.6230368565814592,0.5144178943918855,0.48691191909246156,0.21162077476061047,0.33455466632433595,0.4553387786174566,medium
0.2230875739174932,0.5109014860960711,0.8693555035685386,0.4479793685274976,0.35931909110888444,0.4430036323015752,medium
0.20497060334170153,0.1805663922651246,0.49996251945935705,0.8289134170833613,0.3132056135309256,0.38536236282075,medium
0.0,0.12771475084167472,0.8711576653649458,0.25633757025471116,0.28307988020925773,0.24994609605540768,low
0.3492438202927831,0.10929656518868608,0.28515292259350383,0.26079086101623017,0.5925502617259478,0.3104461089767359,medium
0.0,0.10402591011190972,0.19640616284102055,0.16177120702788392,0.6323010637328746,0.17746550741404302,low
0.9569554370039534,0.5102691415307027,0.5231347298468958,0.19916937791968506,0.2554134849771026,0.5457565672148633,medium
0.04482086944705417,0.47365250150595656,0.25289472260633405,0.25399458981093537,0.6156095737507686,0.28925132355106004,low
0.7358599881924801,0.1396745012865307,0.47290223969506606,0.1230142249575736,0.26036037656359323,0.38328513414536375,medium
0.018742145733450993,0.4649980353345204,0.5004163588319461,0.15871408831687678,0.3828462638366085,0.2628544618505979,low
0.0,0.0238900877476092,0.5799222604484097,0.2322812832142155,0.5722516316223399,0.22406035800297738,low
0.3836474810696902,0.47980500583508234,0.5006083474774267,0.747975846996356,0.26337262274410117,0.47524756042042393,medium
0.02886709001256393,0.12107921378216854,0.5314810973851832,0.23580531370975438,0.2668330755551192,0.19978415844319913,low
0.04918177569689233,0.9443115427739117,0.7817837909168512,0.16449610623872918,0.31149656869296255,0.40050811645306805,medium
0.6153395495499004,0.02601267622650659,0.2390146541745711,0.08488999382147325,0.7605409132544603,0.3567157339889208,medium
0.18819303200776416,0.11816231135700088,0.5457045144264336,0.13655416595159448,0.35343111817979644,0.24227154995498282,low
0.2748143779433942,0.021356139711306357,0.27223816147743185,0.2742345803917964,0.31842000241707896,0.23016118198781543,low
0.405277322023951,1.0,0.2813719577256518,0.18989300189236774,0.6034741086952213,0.4922887069487898,medium
0.0,0.11341474161547657,0.21194753961021717,0.18523368099511772,0.6053437815990742,0.18232338270351256,low
0.42947535022963,0.04314670058203382,0.45312573505649045,0.2114902395280865,0.24408669083706971,0.2843518569749471,medium
0.0,0.13059862752702767,0.3175174315445075,0.21313533928977207,0.31710009292876423,0.16393942203435072,low
0.06769422022461237,0.08863252224347293,0.21158848826871288,0.17899100965377843,0.6063761764207131,0.1965276721502479,low
0.28477653632012384,0.5042375130244683,0.8163742689234905,0.45356805905868514,0.48450297066843384,0.4721256612514565,medium
0.027429902831079257,0.13213433042195072,0.43677037268874086,0.7112051024514106,0.34668164873634033,0.29441466063775823,medium
0.0,0.06178373976851518,0.13936274772935286,0.4982045106639566,0.22981082878029185,0.16737368656294108,low
0.27026543061211267,0.8662651323164908,0.49182485045884494,0.1674911555476135,0.2605515604443173,0.400687348391929,medium
0.5374736162094584,0.09658863984733528,0.800689706082074,0.18099713717446808,0.21966421285107973,0.3698123281071713,medium
0.040102979048453447,0.5181082839554799,0.7696211946728886,0.21612238548496454,0.22969074044522703,0.30877381787034225,medium
0.0,0.10351455627340753,0.5507268701628331,0.48046589697479275,0.6421619567460419,0.2957294146859713,medium
0.8141805770944188,0.18595372016202855,0.4766924454553191,0.20450966020354014,0.7215568393977756,0.5020842419294036,medium
0.7820145357272414,0.0877364467408558,0.23040043732029125,0.1379598178248155,0.3881763243190733,0.3725301278772114,medium
0.5347997319131207,0.4892534500001691,0.21584744281853896,0.09479241024463923,0.6231239951816084,0.40309480732291997,medium
0.010226425073704724,0.5454205381543439,0.18083509889118327,0.1966319841718149,0.333659871626912,0.22865267756505747,low
0.5829937808601383,0.13536112533281586,0.8137150338774736,0.27208010770669633,0.6678193571418948,0.4786165395188492,medium
0.017477258828424692,0.9203153912266144,0.19126869832684773,0.27425076483579497,0.5524581778284132,0.35571544028429847,medium
0.19280638466061867,0.551565958659343,0.23772636716474024,0.1274181126065273,0.36627398544562356,0.28423878254291424,low
0.010960464070324333,0.14408450320695254,0.19562011358925963,0.5038338278935385,0.2545421837934908,0.20039615004860808,low
0.6033688333635295,0.1819807516802903,0.15636443496423977,0.15955591036156375,0.2763440891304535,0.3142242610316337,medium
0.0,0.062493030716045755,0.21474480077344513,0.22567273539106603,0.5771347997247094,0.17641509329614552,low
0.5863976920482127,0.14671679901817497,0.7673577134413652,0.3042069734950787,0.4238286256041818,0.4447820129739466,medium
1.0,0.07877932517194032,0.5192597069077372,0.17191924557326912,0.32919315557486495,0.4774076435214322,medium
0.13242594509677102,0.10115555023514479,0.5505023100674467,0.1504456912016981,0.34474582637335005,0.22433525228251938,low
0.056845341081476986,0.5543602933945277,0.5275453236136775,0.47287000363814574,0.2515212658138826,0.3393596501451118,medium
0.5906722608083408,0.4638567926204631,0.756694698276108,0.2200970455962945,0.3916875012404863,0.48624977581334294,medium
0.03946922324742578,0.5189562244307128,0.5002240570274618,0.21775329668460605,0.5640736004852939,0.3188273198242048,medium
0.8413712175130669,0.6397268441933608,0.24748538084609967,0.5222026148391841,0.22810708170838506,0.5561361264436017,medium
0.05549924063277472,0.1878995733952128,0.5327166370798128,0.28909967520941343,0.2960513414488953,0.23636481869006384,low
0.28377089000283934,0.08591047575009225,0.48788747210670835,0.5200384183709598,0.6817480736690515,0.3817663776914262,medium
0.41598726457700896,0.10971294369015865,0.5066527180733581,0.2263112566195969,0.5183042531446316,0.3457445651177522,medium
0.21421710207968467,0.12553181978578506,0.5680501139048535,0.8060126226885435,0.2958900526005412,0.3801650440945803,medium
0.0,0.8708820988395148,0.7479226223812159,0.1790240762130476,0.30820336253262576,0.36840013274758876,medium
0.027871258411598973,0.8765976539527675,0.498537591754676,0.18214694937979203,0.3308445195536048,0.34451761488623367,medium
0.638747014713848,0.0715679163249694,0.6875267761479247,0.2516755119101103,0.32919658433969445,0.4087812941343132,medium
1.0,0.47773543554047915,0.5178587204922339,0.21017329477940438,0.46601746793403553,0.5851631743279171,medium
0.1835468343599213,0.1262403109967967,0.21293558372568294,0.1067719692138362,0.6680896155739526,0.2338202862450483,low
0.8141744835909518,0.07173401771821991,0.7213777560575609,0.4587666182610734,0.2615613438790434,0.49779333726363484,medium
0.43016736174943604,0.4166506955507958,0.17362850506725688,0.24541794823772606,0.2396627274332474,0.3234576221576108,medium
0.039637222712110766,0.0915917958126163,0.2256334846693887,0.4039434745811227,0.7117815754551996,0.2516104799110693,low
0.12439839673582269,0.07908182430597388,0.5028031049620911,0.1860781611204418,0.2720456516949656,0.20657882960458845,low
0.19077499263927664,0.1455388175524752,0.248848005364656,0.520980808545421,0.3175726967840198,0.2754995283336636,low
0.15782061208990444,0.17238037304086076,0.16835539168288638,0.24247147628424345,0.7309341381177932,0.2652099829620941,low
0.16763230446035016,0.0,0.21121700124126583,0.48696086961960233,0.6462622910072344,0.27630375909930055,medium
0.8772318313197245,0.031184319973375813,0.8332175254236184,0.1484581053942427,0.5363289400774061,0.5045300042945947,medium
0.0,0.09981608712713867,0.24522298752723676,0.24257151605262076,0.27439051813980847,0.1464195464860087,low
0.8749581177726667,0.13774307330655913,0.4907172153853726,0.1848162947142798,0.7245027163408094,0.509282298694895,medium
0.8209162807102445,0.8850444935291768,0.13623071702870038,0.18613546487039964,0.6776262793533161,0.582589425350291,medium
0.0,0.9614963840435333,0.7441965960872582,0.26660860167218264,0.35033166258814724,0.4098002359444541,medium
0.0,0.6049639288887791,0.48828627323378215,0.152101384392117,0.32003271840576286,0.272660911402111,low
0.4003254352848805,0.19861712372277737,0.2375487939967825,0.5498193249670695,0.31198681572368164,0.35221526178150314,medium
0.18443889494474996,0.8910001160652312,0.5587574658450589,0.22717630523884444,0.3477488405949075,0.41494289871023515,medium
0.3807334363491287,0.5134550222245664,0.49022270758767655,0.2498309739315744,0.2594655195117207,0.37933046420087635,medium
0.043109909668565004,0.5090463307540212,0.5607740765327475,0.5630756186152098,0.23429978211654037,0.3466184415718089,medium
0.8103716804765733,0.06350759206023997,0.2219447009457719,0.153543622339295,0.3218303677574028,0.36808800732835517,medium
0.7463696523346222,0.4692902899812571,0.258048528490992,0.2458170767191595,0.2191591604448166,0.43851352238084124,medium
0.6695992160526514,0.4669016866448153,0.23763792089529392,0.28684347240166497,0.6293642372795724,0.48167912035132143,medium
0.13722898899330188,0.5388812946672589,0.7630488304995983,0.1862208086545484,0.2514340267293208,0.3383615459466899,medium
0.5733417033819884,0.5936766634315025,0.24986749509628028,0.38692638391130285,0.25195580207210294,0.44339661505841504,medium
0.0,0.04700391237947237,0.8485762016437215,0.13747182742474973,0.6028468787355497,0.2546086100177351,low
0.04972494606777183,0.0,0.7110334988572509,0.5463394610573784,0.21933841971254706,0.2637411638172769,low
0.8549408611696038,0.1337548902708309,0.20936762845208937,0.516720368867146,0.6880085668131921,0.5211837394682687,medium
0.040453287978786764,0.5351619483336288,0.18771421150263243,0.18730563860878832,0.1929356070614931,0.2137269765667383,low
0.3957955546335635,0.3724605431250948,0.4615363198646305,0.4683227631985724,0.22614688734362987,0.39004780873604156,medium
0.026968026608182018,0.4282461095267722,0.7429501165871468,0.48358518574617426,0.3037493166826767,0.3474615820275174,medium
0.009330680140971185,0.1958447085386818,0.42058654873603757,0.28749158127707586,0.7240348682150564,0.27115967454810697,low
0.0652467112454382,0.2162866654963468,0.7396556355837358,0.12415459423255992,0.24747497286487635,0.23573185658670465,low
0.25704515644103726,0.11301960001761624,0.5369224428327731,0.46850907450988394,0.22081128743837458,0.30707934137848336,medium
0.0,0.13092639642137818,0.2602455614881521,0.1496703268392263,0.23791962929036406,0.13084412326889833,low
0.06000027758815199,0.11016279782205665,0.46611705329607606,0.5399723042062733,0.31369063349280574,0.26499825670044386,low
0.0,0.5559825480987108,0.5296641426953487,0.1902857221748966,0.5847611243936237,0.3164174441180674,medium
0.1008310069992942,0.10537523289911922,0.8021655443019415,0.5443635222151901,0.2430305262127191,0.3169764636998492,medium
0.7667735309144386,0.12981056862717433,0.24438000200007812,0.18458801122706256,0.25999144389979884,0.36856749213016055,medium
0.0,0.6010492922901434,0.7723765112792308,0.4891631515877481,0.5942132606591964,0.4230309545663424,medium
0.3142831668844128,0.5326895756912,0.7832122579563777,0.24795663364059603,0.2800685629180541,0.4099063150628478,medium
0.4195929595062401,0.8828457761732583,0.5439100345358024,0.5285777994385558,0.27683557442070467,0.5312744443177109,medium
0.37826830201856076,0.0321745455629157,0.15776034649211734,0.2524739057316566,0.3079199627988737,0.24026222725813132,low
0.5496707867377356,0.055234547657280884,0.26454089496241606,0.7355646244260078,0.35220650749482224,0.41557318080656414,medium
0.41899894083586514,0.496804318572692,0.5754947020207146,0.45250699537574207,0.6444961527891432,0.49856057326192504,medium
0.7140335448340283,0.04765186705919783,0.44619011650813517,0.30995381221400625,0.6527067693758006,0.45056573218743967,medium
0.19066074286904974,0.4285780515880639,0.46224260026661085,0.13983529706640693,0.5527213388182635,0.3231254834543402,medium
0.0,0.9098286144859391,0.20780409828247753,0.514580397173484,0.36645464037558495,0.371020613130594,medium
0.0,0.07791631432034654,0.8172454334085236,0.512868015038494,0.2612867769540645,0.27993669742615634,low
0.024653036028783434,0.1781901259289921,0.4692092987059277,0.15413249541209184,0.21575612890466705,0.17660524921844103,low
0.3386953230612005,0.37705027184570233,0.4723149386250797,0.18691376217736347,0.23872860621651987,0.32105793544921324,medium
0.0,0.539355409405566,0.25603113882049616,0.7417140825226307,0.19183328686158244,0.3233935622379511,medium
0.06796447128441203,0.059130077474749965,0.279780352337308,0.18869698654076053,0.6082624209857694,0.20316117018688734,low
0.12370623202630501,0.05691539500289607,0.23477580628416284,0.2035953990739345,0.6021515817127353,0.21475313662279233,low
0.047778352016049366,0.1415540063592864,0.48502183874294935,0.18474211297989654,0.6936892670576802,0.2563993953427458,low
0.13951351749070307,0.04747805745452939,0.7414341119925396,0.24136608567566717,0.5372958931227088,0.2914323846405375,medium
0.18953132702324346,0.0895447532864116,0.29411906038881097,0.2681897440934552,0.548773028392497,0.2548401109001426,low
0.0,0.9562284657716493,0.17381357029253094,0.41011546965469153,0.2891870282403908,0.34271887686520647,medium
0.03667433957598299,0.9051895208459829,0.11566680554185407,0.4851835590362824,0.19876979855516436,0.3362424084638007,medium
0.004135333444186371,0.12394906974580575,0.7686144897917755,0.19362253239624155,0.31481271873016536,0.22726900173995646,low
0.044330603398118534,0.12213321371343816,0.28181978347004993,0.12812555831949857,0.26562447661966204,0.14546757443947972,low
0.0,0.12515953184746673,0.5063469697173915,0.16734360899192408,0.31221456807207526,0.18128485883629816,low
0.024527237760401572,0.0670725258715279,0.1703783845286789,0.022347191584685178,0.4181159487652641,0.11351626481345453,low
0.47121673439250933,0.053943390519176994,0.16649799200704649,0.16742142719250364,0.264501978300739,0.25028797940625674,low
0.46441004271023006,0.11438427481983887,0.11928869889230713,0.1928177360920257,0.2571582538066848,0.25723045790029075,low
0.4526445678383626,0.8697484413479495,0.2551712826059893,0.15870776207423568,0.3057367278994641,0.4256208126117638,medium
0.05783485630005564,0.0837541082226251,0.6292944711630651,0.7749882270475102,0.5229089249772085,0.3619294333650848,medium
0.20729163715020885,0.08481458719150808,0.1505128478532787,0.1709574627532952,0.8175330676470005,0.2585487884590652,low
0.19651258552278014,0.4985916553190146,0.8897003063183446,0.48801574911546064,0.2068867426461204,0.4207633138883988,medium
0.760496119501656,0.5938880196394871,0.25355369594976934,0.2271400544794492,0.3972478291453046,0.4899746794385451,medium
0.0,0.5076370560594602,0.19073720894749613,0.1737585678462792,0.3846855164394207,0.2225925335891854,low
0.0,0.18242197972938265,0.23316801744064078,0.11182526780472389,0.2358088150605381,0.12919597438199815,low
0.26439169217691033,0.13940268151793656,0.16472288044457142,0.22289927115821678,0.22715785566652624,0.21056000860496843,low
0.06817261539230988,0.08290783161146953,0.44874084571890926,0.17380537173693478,0.2767718284590841,0.1806213264140728,low
0.17467112195181594,0.585524490691364,0.21759524041828232,0.26615988178776967,0.3709245472744112,0.3110161792352756,low
0.046064901250115586,0.0781050763539426,0.5067816619505188,0.17953730333380727,0.373517239516033,0.19739278153256742,low
0.05661171562136674,0.10952002830462601,0.14845781797150517,0.7193765052126289,0.7179187526014162,0.3127193069757992,medium
0.0,0.06968830690365145,0.1196274121987056,0.245000347983523,0.20457250596832857,0.11156771870249002,low
0.39092099967265437,0.11516858465330974,0.5073470784616215,0.7850572341638425,0.3275920452664126,0.4225623322244319,medium
0.38924922628146374,0.5570717123559378,0.8208935649726552,0.20515083288950342,0.6249803932669424,0.48610037066946704,medium
0.0,0.14890026350552552,0.24021291755468444,0.2777305969856859,0.4425654103438421,0.18774292128302128,low
1.0,0.16206352682361147,0.5560201825314,0.21131748941972855,0.3923803007456635,0.5169362757402275,medium
0.8101222252883995,0.06041844334155502,0.4819033808956912,0.7778403226210562,0.26325921987586853,0.5224628108947761,medium
0.18022467262238076,0.11994965723475541,0.3491005050045827,0.8971414123427788,0.3081901590732097,0.3560792153138899,medium
0.4688074243804976,0.06632873023660998,0.7832226795543064,0.14615687750844977,0.6232376169913758,0.3941083933450136,medium
0.022916931484007502,0.8768553174867693,0.20802823315721336,0.21923621777498706,0.3605445636715595,0.3113793060218695,low
0.04821643596440954,0.46346926536536637,0.46216557032657185,0.24614405820633367,0.7117694761056255,0.3324778524684925,medium
0.0,0.08075206292751638,0.5522111459662753,0.22501117908860302,0.5827409955396654,0.231395469629115,low
0.33708041587199966,0.42938944154526204,0.3007659153959319,0.19502602921678294,0.5603926421416803,0.3551810025446507,medium
0.18643669033162663,0.10833651691302934,0.5085402705203178,0.2948364483857238,0.24971529289258082,0.2503039346711734,low
0.004445549765366644,0.1097507808084119,0.4233405779338102,0.16149300258116142,0.5359612243907019,0.19947769195620146,low
0.020488620609272964,0.4246846231556553,0.1931252661525608,0.12619475407395486,0.5991970470947606,0.23517080861580214,low
0.6300660589201721,0.07825212426184494,0.1841347249113598,0.1784232931186073,0.38093961913957164,0.3251160527597817,medium
0.2492268078987127,0.11085842210729827,0.544765619103926,0.2771226151023081,0.3329672746599321,0.2840241838761138,low
0.04042581139742568,0.05245502966189818,0.2525717890616118,0.13347550404488484,0.6334887010311648,0.1822229236745008,low
0.2137257328452573,0.18762265934227496,0.48218856263566845,0.18298054118312035,0.3466570496631437,0.2625652018034781,low
0.0,0.11169379656849156,0.14602155897975022,0.4848880015451723,0.22626558684402137,0.17515943149629853,low
0.0038825237662239095,0.021354828491645023,0.9112338807973713,0.5370376975524818,0.3210308519885918,0.297682972256587,low
0.0,0.11119719441683265,0.19946589963079014,0.8043247173397603,0.3305812895990617,0.2626114607357964,low
0.29248192176410304,0.15155361349145768,0.5555109773688903,0.19863701162389885,0.35797702701384926,0.2948059022097132,medium
0.1721316938089784,0.03364609302896798,0.7697358844383516,0.2408048636461247,0.6472875189379589,0.3190832099841586,medium
0.12511894115684197,0.47274587646588856,0.17739831456559702,0.18961550429322893,0.6402855037585893,0.292660531247504,medium
0.23248456773285217,0.4784531818516419,0.47174419109326443,0.18254287851693862,0.3809216211619812,0.3298444542318586,medium
0.7634646075106182,0.10647057795629825,0.586104873155864,0.1931895810097984,0.5905857990147245,0.46547501487199305,medium
0.005037586856802395,0.016059056382365933,0.43206035119212083,0.6071692962215937,0.34034329780312733,0.24201749392711985,low
0.0,0.09427449015951242,0.5470528342803834,0.2099048284109786,0.2748439601007966,0.18412038287127522,low
0.9650257431052994,0.4782705914773581,0.1682138166110571,0.2001635881805083,0.42039689845898653,0.5134861661236696,medium
0.1423416399223525,0.4667411854456458,0.23707946773698624,0.5205672368934411,0.3492530372907952,0.3281140521986904,medium
0.6299870027471386,0.5468846982569501,0.5064896230434668,0.49881774194361533,0.2643734824965858,0.5137660546952626,medium
0.03850772308811908,0.20446175113329268,0.1920250500348915,0.10792514383982611,0.6109792505470654,0.194480341008353,low
0.5610877747314232,0.08921533823895321,0.4966949631390544,0.1439557315322012,0.3590019700899135,0.343315086358003,medium
0.0,0.12204282262838156,0.8295893023393625,0.722318245490713,0.6021392019263009,0.3836314892636684,medium
0.00894834442150471,0.14024853428121237,0.8158151261812432,0.26189447730594234,0.3534697678702181,0.2585058397516015,low
7.3477792862661e-05,0.14502481756946736,0.41509631265343017,0.19538583134772416,0.5627389421120463,0.21477946133611858,low
0.5851459007818196,0.9408861657318326,0.4817506513229303,0.14528283492643257,0.29095642021026774,0.5086836310961786,medium
0.27325472650037697,0.4209864324514693,0.17335238798180616,0.19522645047831294,0.2851226359994871,0.2739902481332635,low
0.4686739077570299,0.17688316113966768,0.1753613666848969,0.45425737871885813,0.6587618742091464,0.39194876643292065,medium
0.023979090799911493,0.619401030808361,0.5537444627090584,0.20534247952955378,0.5308497499447932,0.3348315612056341,medium
0.5985094733271267,0.437706706372769,0.23956432739359995,0.21172654648285982,0.6609901870737485,0.44452266973936605,medium
0.13345382357788732,0.03706524586337466,0.16740386485141334,0.26614560879205834,0.35645350079035126,0.17925692285071748,low
0.19054958028986912,0.5117461820240067,0.48862478243073043,0.17232050996164103,0.3370620084593803,0.31783123111760686,medium
0.3425624844625885,0.05251216992372143,0.8022098526900093,0.037091831114493046,0.32575221884404915,0.2898838562765282,medium
0.10768355338888534,0.5477736401632879,0.5029588984305856,0.2084228442831218,0.618690601417912,0.3517917878832222,medium
0.8145888691579736,0.9880300564162672,0.14651464714811474,0.25298053143405425,0.5730530902784867,0.6005139389314466,medium
0.13526716013989576,0.09909570869137348,0.26962439103107544,0.7899396322549036,0.33113697279031484,0.3085014208044327,medium
0.2135822120583776,0.5008603621656962,0.1785329598906476,0.8028449644243701,0.6397758992417714,0.44756205780538943,medium
0.03734877494871466,0.1483321228144854,0.49708254787934775,0.5102487661957412,0.5976326102238989,0.30712808400214675,medium
0.0765565346393372,0.08894428490392799,0.5539896694451107,0.8962090785261759,0.2594255784484092,0.34200992026184995,medium
0.8989876110343569,0.13322447793373018,0.47065616463930243,0.24240853981848084,0.34651626898658294,0.46739875190463204,medium
0.3930238306647993,0.19792729545288698,0.14906497829719828,0.21409696627622987,0.22352400641004178,0.25620034925134916,low
0.9786965439577667,0.0013877925079125442,0.23130788105645875,0.3095954364489244,0.6133199421026768,0.48249978245256775,medium
0.296862156358946,0.019270072005483377,0.8951902615947838,0.16661702259999697,0.30706812074830997,0.3065748231802439,low
0.29921402763783644,0.08246965343407853,0.5015179390536846,0.1467797090962935,0.3026111078930621,0.2562334378394373,medium
0.8358395847427756,0.5203932690609394,0.48381458097117735,0.16255007440041588,0.2843171518919731,0.5025603040445763,medium
0.39437339760239803,0.46354605803074445,0.7909961478839196,0.08168178762898487,0.3431818309365476,0.39748428523573537,medium
0.06928711013971622,0.10301268298705842,0.8290526396213934,0.6536833259269133,0.2782848516233711,0.3382259585114239,medium
0.5831916358999295,0.0736060144506227,0.2924265137757597,0.5264996321990162,0.33143069465979613,0.38855720136523997,medium
0.049886059544542644,0.0,0.15002412084730546,0.15945426323452516,0.3140127415481933,0.11646219986959265,low
0.40133670331028665,0.10077174030928054,0.2113227432988995,0.16822437441753868,0.5914727870011154,0.2946195634834521,medium
0.042138527461328304,0.04218928057282781,0.20619583737295266,0.5139713571803078,0.2762631167423243,0.19624252890631716,low
0.9667347015901349,0.0795305999939337,0.7691143758841267,0.16389421652358807,0.2332350191628894,0.48905778303759717,medium
0.0013567964506664382,0.0761562788281824,0.49375877578106203,0.4971122994224075,0.7262089903705718,0.298055919508063,medium
0.36099685372444795,0.4171840383089224,0.18186319844610035,0.08278471842613144,0.2932963027351656,0.2795667326415351,medium
0.5301208382259037,0.06895251716818403,0.19112085493826586,0.3388490933831139,0.2981237703517085,0.3139832673715269,medium
0.0,0.8800645556985753,0.5120134128359999,0.20402476157538701,0.31835086771991467,0.34137250553817966,medium
0.0,0.10968022154076414,0.18398764693592415,0.2649854480611793,0.2914799943357312,0.146253280111137,low
0.9647189570272492,0.5340452556926102,0.19488379188019617,0.23906429338845836,0.5552314125045067,0.5565548775820939,medium
0.0,0.08409610423487436,0.777545068308385,0.13960223360374072,0.3468509435075537,0.21339906934011382,low
0.2543744801219031,0.1206315031003542,0.8134532203139091,0.25292054735951663,0.6348332491889677,0.36826572455397666,medium
0.8278256311031853,0.841319230994439,0.7542239320269856,0.18361361349844738,0.23690116929955043,0.6020030234285132,medium
0.3852876784598843,0.5132347786231398,0.47360772265121603,0.23491725081491208,0.6777461490331083,0.4379197901782243,medium
0.75998228428318,0.9368768723644854,0.8102389958680639,0.20448730466752243,0.6096677209189871,0.6692535282094133,medium
0.6386534248918988,0.05382523651445809,0.1810138045110241,0.41399013901843645,0.3334460482554413,0.36232808048911835,medium
0.11623948138450119,0.07334078939926635,0.7775645296903774,0.23591719747002468,0.2802138280595316,0.2553901954516949,low
0.0033865449138828795,0.5257619412391479,0.2033429775654357,0.19978784288897633,0.696287548130818,0.28107049915422777,low
0.8417199679313976,0.1482070608536418,0.5333715194234953,0.127019749966652,0.38940861406417243,0.44597837256662815,medium
0.0,0.03262149064371886,0.0747627945370819,0.4530211323489225,0.42113788690916937,0.17151362681546595,low
0.40055319751199414,0.07441056738889984,0.1801845079293426,0.5319996613649813,0.27305494706116973,0.3094339232529513,medium
0.18481519564865545,0.42252697991189303,0.19128254868838798,0.8200579715070204,0.2651328746341375,0.3724238624767582,medium
0.020657393037949515,0.09467740825048855,0.5878836826529276,0.14920646497234022,0.31269920117918476,0.19006142513076746,low
0.607759471163017,0.13567759193911555,0.5871388729473521,0.4815386545845801,0.2668039108106161,0.43386250821733946,medium
0.18323383007174926,0.13802644604932474,0.255645762065135,0.14091526402063823,0.3511629388333219,0.2017797961702859,low
0.039330894094987454,0.06763933621916395,0.5580096737683955,0.16336919404954353,0.291448176153567,0.1854196517705321,low
0.13284590351747716,0.46786465612102685,0.2359354301781864,0.26028908820047175,0.27291894593424865,0.26181267633640815,low
0.002751012983899848,0.1409357996283149,0.7690684627991707,0.165895584445227,0.7106294895036233,0.2841462735552974,low
0.20189319515612314,0.10316110541646635,0.18810832205394296,0.23126235028586126,0.2769087013359028,0.19720520319577933,low
0.0331213792718408,0.10365931138672947,0.1872908829005285,0.17752325896724086,0.31107012716625526,0.14092707936236387,low
0.390883233567594,0.08350484601070915,0.1999759843460058,0.27914111898566873,0.34634778991979015,0.2717427292094232,low
0.0,0.07299004244980245,0.2440541952048565,0.7673792474358445,0.7064119803542172,0.31064378431099043,medium
0.3348476364466605,0.5385145921647471,0.20720406607661862,0.19790043525125425,0.31694042533671385,0.3263589701291983,medium
0.29595105379348463,0.04624150549417327,0.16037146169547545,0.7313423858974459,0.11778719552130504,0.2860258929988863,medium
0.22280628835566843,0.9158928828082435,0.8401998787403415,0.1716196502628524,0.740824483813596,0.5214980475040103,medium
0.916450139952063,0.14911536434567432,0.4817230481778112,0.13870525102502732,0.286339619515727,0.44770856521379,medium
0.0,0.9346509530875717,0.267230241572493,0.46016591116137573,0.6520668149435102,0.41685793132718996,medium
0.6340889555706419,0.9653127519001633,0.2583753958468424,0.20566780750418154,0.3326380659002118,0.5130748178141197,medium
0.2704553314635105,0.1273997814509154,0.3492468759408228,0.5157215891678962,0.28251540877327186,0.3045252162699297,medium
0.5118957816165168,0.15499183391274196,0.5266133256477352,0.2163207910054522,0.8152788723168455,0.429115089163281,medium
0.7656018665129549,0.11695459065912024,0.20049430608678698,0.2573041773345218,0.2797286642142218,0.37656575909776624,medium
0.0,0.11683705751308002,0.30996424186827387,0.2360432984107534,0.28555003417575436,0.1599032125913709,low
0.39337507998228916,0.473996046806963,0.4308057105808294,0.16699451959469788,0.7164202721362853,0.4182945346825861,medium
0.0,0.07811400988205096,0.885962200882643,0.2045719893594398,0.6370133274237909,0.2849835290942632,low
0.4536970953561155,0.11572036543700161,0.2117537850517895,0.26350000062521434,0.6417518318143175,0.3399790443491939,medium
0.6881376146486557,0.4344103999604375,0.1882606361135735,0.15920186728694977,0.2995126072529085,0.39832972434904645,medium
0.823042257584211,0.4865081001862385,0.5548217814371873,0.2839488183785961,0.33044549142774365,0.5337941519179699,medium
0.3284084391806179,0.14032740193270443,0.5246440479820867,0.19790985667223762,0.32807074352983623,0.2940772022019622,medium
0.421474612326678,0.49632109283681713,0.11102507326787014,0.21992020730679784,0.764605863808817,0.40103528428822943,medium
0.4141747155006084,0.11969618411349688,0.5488090396906482,0.21957005069581179,0.21560578653341478,0.3067678855456537,medium
0.09539258722337213,0.05620770256639285,0.18924028494189754,0.24952057172711173,0.2624984174829219,0.15752423638943547,low
0.023506220794190524,0.16992080278593366,0.783410588211778,0.22853543824458705,0.31159006413884616,0.2509932122969549,low
0.0574455943730026,0.12705321331692082,0.27867953650812693,0.033181853370425396,0.25284565324105884,0.12900947011174788,low
0.06456884055743667,0.5051282821390338,0.7582097188345396,0.24336011914723296,0.32348452705551234,0.33132246930799214,medium
0.20503803063992143,0.15261790306465503,0.8375171770548779,0.2096106739815792,0.7239973175656982,0.3681842987943097,medium
0.0,0.16340212036319618,0.8382640854595579,0.5424821916856247,0.5690404485102238,0.35227254250523143,medium
0.3084554381062523,0.12594968340607546,0.2287864568063611,0.2955353317303798,0.33565323087269927,0.26149958761102576,low
1.0,0.12219152381426243,0.757274376072255,0.25036122781429915,0.6476175596777889,0.5852443406882188,medium
0.006438360131218746,0.1570811469696594,0.17760235105571276,0.18542940170474942,0.322094704080488,0.1453881760446775,low
0.005084836632113247,0.5145262358662257,0.4435841986813863,0.16201993423796016,0.29665185675885425,0.24787009332650722,low
0.5741731140920223,0.5288442972570497,0.5794855528976265,0.4785219251665924,0.22786445015385914,0.494827679170058,medium
0.0,0.05325989494879067,0.5028239990290131,0.22235103583370985,0.2491052160122122,0.1679115684126839,low
0.0430342184315032,0.001064864325822451,0.1301357157621828,0.18629595034039548,0.30601507388275156,0.11580504690943472,low
0.0,0.21554912259938813,0.13078050761646864,0.18736564123331764,0.5986777623241959,0.19000169325764082,low
0.7763438453290199,0.057930026412965886,0.5010251457803523,0.18649636581248447,0.2901849714847344,0.40046994963355903,medium
0.860968357444478,0.45385473610725624,0.8838663387302669,0.49885984420457014,0.7483493777229948,0.6936657807636979,medium
0.22706700169126398,0.5214576310578536,0.14882019895295479,0.23970729824346246,0.2656059001080254,0.28251700122678947,low
0.4361606072034036,0.4794384726478332,0.5432112302566052,0.19228502975071846,0.6190423598113325,0.43953092115092207,medium
0.0,0.4990221828790692,0.2569857312078735,0.474277255676002,0.6244530040469426,0.32687569799923666,medium
0.1384821836641407,0.014593330460331386,0.13484886115351813,0.2619974049674184,0.27570406834329997,0.15844574160931488,low
0.7379502691301844,0.0804175750829722,0.16668455079045727,0.41599025581370663,0.6788964998142876,0.4475038045091028,medium
0.6514069671687779,0.47091084128363686,0.5421055600986286,0.20633326711390937,0.2492782914054679,0.4495784895557571,medium
0.0022001281045693015,0.08200750755900643,0.75171996925039,0.2609223750588641,0.3192569825756927,0.2298925577288573,low
0.006774003457882174,0.0925329027839548,0.7835772476495539,0.7735953979265988,0.23947453689871356,0.3287156288617155,medium
0.08320569992573144,0.14641555972776343,0.8902099050737949,0.18665149545838375,0.281200637960138,0.26728670247003883,low
0.04924761979216122,0.8352584956599872,0.861246001518084,0.0893147823552212,0.7186418801986835,0.4366721237982052,medium
0.16939154769279063,0.08868215311165512,0.4861847246325173,0.19199927230022296,0.30747224777160803,0.2260022952508316,low
0.5987308966128921,0.14655799541665276,0.7924338778796649,0.27181979052873867,0.2822691619650861,0.42450028214965857,medium
0.5390730408884631,0.09039891515454006,0.8004392063908311,0.5486216686783276,0.2521369058487371,0.4474124458690477,medium
0.7770383020068176,0.0785073890307693,0.5122358907970195,0.1706093436062328,0.2287088468500573,0.39407654777650714,medium
0.7896251767787569,0.5298933921427383,0.19280012225745718,0.2340514792660021,0.7465730810101983,0.5305825078055234,medium
0.021072775833331,0.5275969550988989,0.5355225337492451,0.17987512293909375,0.23829928869988243,0.263889521724967,low
0.11959284320062905,0.508960831310001,0.17573000715095421,0.18456376440534403,0.33745219806835697,0.2515601028861544,low
0.0,0.08748045369174882,0.22378840374501255,0.7973182929117082,0.552457061501014,0.2933965691075954,medium
0.619183734861748,0.0737427741427714,0.5664989005676415,0.8481205412079343,0.643831581794496,0.5516773558829863,medium
0.0,0.4763781160454841,0.6169561134553996,0.4392608803647346,0.24651087837854951,0.3126478480571361,medium
0.847027008393619,0.04326447824490742,0.4819727263763041,0.1241078706214056,0.30926358946823584,0.4062680196680292,medium
0.6463261425686402,0.0931898875201709,0.42469999362578664,0.5456589555715751,0.7404490405967249,0.496439966522318,medium
0.0,0.9357281644332974,0.7974482357336743,0.28039955167024505,0.33843403103661274,0.41360788323625153,medium
0.0,0.5691464395836685,0.22321530259080058,0.19011387836619828,0.3037371018748421,0.23089492425981978,low
0.5844532925948552,0.0950628950022572,0.4794893403951334,0.27536369250105713,0.3153228367402952,0.36864313184943376,medium
0.5895505612773355,0.16741085549039025,0.5348993968898103,0.21641629862667774,0.2281827786902761,0.3680929255436272,medium
0.0,0.11002405217889236,0.16168509142069365,0.20311359339597787,0.35674303916216427,0.14039174870240273,low
0.15074676588339478,0.12356769795414044,0.4522863442654417,0.16121472510571036,0.2862403958034994,0.2129595253873298,low
0.37920756089294316,0.12468015409185543,0.21043122114766896,0.16785523831770877,0.3437558589868784,0.25539740876997785,low
0.009619134899638438,0.9463609562462953,0.5215223809081606,0.3356755215928731,0.3495461646515082,0.3899533178716756,medium
0.4361206886499431,0.9324662949624658,0.7244969975050984,0.47235811377634596,0.6916718550891324,0.6242264162318799,medium
0.18028614496287473,0.16087871121872319,0.5580516412426272,0.8460494411770385,0.2899327394601258,0.38266913107342776,medium
0.5017452324557058,0.029297707952496463,0.2270579045311302,0.21407736536886518,0.23463721395913206,0.2684528521745234,low
0.0,0.04221985153004324,0.17447562060964794,0.2225797077255504,0.23661901746581776,0.1146241075624386,low
0.0,0.5246948096739606,0.4755447005186023,0.44493780732739185,0.696825853571992,0.3697821065138597,medium
0.40818803563834594,0.08108571805306528,0.5029214994929939,0.10350899691579031,0.6736234065552198,0.33585708959250693,medium
0.6161733692581426,0.8372586879800953,0.8111077023963983,0.1070208165243183,0.31414293593238124,0.5424955074276424,medium
0.0,0.06557716476562106,0.8624304741892148,0.19932439340151087,0.27092913365228277,0.22298425280965098,low
0.8817529587177655,0.18277387770793668,0.1484792182473246,0.15540723295485775,0.6080803261303832,0.44564604140454467,medium
0.0,0.09574433992001154,0.8019891158521384,0.13536837006734737,0.2210416913533737,0.19967716307829858,low
0.06919531668811706,0.0710532870349543,0.4728574256866468,0.4639221984666514,0.3409231348119713,0.24982077618154896,low
0.01899750070205714,0.18968923785773895,0.15907735126875097,0.2305344254639317,0.39604074529012856,0.17301169735878322,low
0.19365853948386694,0.06431468627347645,0.1860992565241065,0.45184262763620386,0.6763245005424487,0.29069258818707944,medium
0.05674745974611062,0.1734427984599884,0.11025374300912519,0.5150143878233845,0.5868434175053996,0.25928024925768645,low
0.9933723985678327,0.5690395791893286,0.2414977371001054,0.2459979246775461,0.27587091593831753,0.5386245182994881,medium
0.13161188213497682,0.08025889678662809,0.56923518580066,0.21196822558328612,0.37575164132849403,0.23967701318384899,low
0.9437328067447361,0.5292531469427478,0.8177867061160052,0.25425738923699504,0.6403097230107551,0.6585364136283834,medium
0.21863228284299288,0.1552660322279315,0.3042209702528539,0.587481808494309,0.24518502072959003,0.2965501516447125,low
1.0,0.22580554423760144,0.5429112217686374,0.21318349599698402,0.60361284894242,0.5597764186535757,medium
0.18340019073537864,0.8731690678279393,0.49494858222433175,0.1926749824911276,0.29864523833740636,0.38722794036868774,medium
0.014982338057747603,0.0,0.19847436234264101,0.8637508913504964,0.329839201770075,0.256491914304331,low
0.44673977093857015,0.0886387065407901,0.5221456017918371,0.15571520139314382,0.6813626749853657,0.3634189543849382,medium
0.13722911853805195,0.4459574858342039,0.13089451117721623,0.2653637694604257,0.3048767351316019,0.24879867356666424,low
0.6307767208368023,0.08746517046223021,0.43928848140189214,0.16588738094034197,0.32310351614795824,0.35426232616403264,medium
0.0012727842740924075,0.032123519098123596,0.7756737585448933,0.5354681051903881,0.2858259728739669,0.2731251198527591,low
0.0,0.11365512854202559,0.19395702707719745,0.24910643235334423,0.23952849778054644,0.13757514090773554,low
0.050180775414171375,0.07582824821741055,0.22845298920499563,0.2562104007872621,0.5651770335816513,0.200506465843183,low
0.025853707617257735,0.15140787754827292,0.454379146299437,0.4664786069662265,0.27524491471745827,0.24077701834061152,low
0.841329295037749,0.08556781058235521,0.5246308034716161,0.8414235511233248,0.25308971559578985,0.5544551387125715,medium
0.00544977281673873,0.48236923788107183,0.1690180190018481,0.612723026870726,0.23987068006125042,0.28198668965484597,low
0.0,0.12324114760830351,0.4998191667942853,0.1648131481870736,0.7167115998939562,0.24009047416231166,low
0.02772989630853402,0.09833308654614867,0.5740831411107773,0.5090759000185672,0.5485192352692755,0.2981911226625113,low
0.7532647519209287,0.09812513625503819,0.47704222439782307,0.7964295683621482,0.556849137821002,0.5599740708325396,medium
0.0,0.5007710364878147,0.768226495372646,0.47118382040160023,0.5443264148878377,0.39127390791695554,medium
0.5874310391558364,0.5366620337635121,0.15120440591637221,0.12325003440667442,0.4147878326270329,0.39311056116229903,medium
0.5875022881809626,0.06856759278325822,0.8035314304126504,0.1930570482134776,0.4150119671273593,0.4113571242846374,medium
0.5027002453524994,0.1866835232869557,0.4251798497646579,0.20432284791057473,0.6658344273982666,0.39266348941969453,medium
1.0,0.0,0.544994505475316,0.17437595950589518,0.26219569970429657,0.45595372267812095,medium
0.005091730210382405,0.2032862244337236,0.5199608634232876,0.7854848970104771,0.594332467418072,0.36642574297815883,medium
0.1344560701211793,0.8834335259414231,0.48561197732957845,0.23247281750728693,0.23827996108105387,0.37210188048769066,medium
0.2172201969501445,0.14726325422794717,0.7259238871357908,0.7353625771212658,0.5652410573415595,0.43536596702648855,medium
0.0,0.2310751151823038,0.8763921119028555,0.1393316495829493,0.28978093839614133,0.24900731049790015,low
0.7742559135165961,0.0,0.18547713349030925,0.22513873441231433,0.6424671257919736,0.40149615982978415,medium
0.144422020621713,0.0,0.5273291345573863,0.5216693847765094,0.24545134538280763,0.26357755513284487,low
0.0,0.13051356070921655,0.16947158913924454,0.41867810676632133,0.29576077333656414,0.1796231878664789,low
0.18817008997349677,0.3826891958816946,0.2217979027718357,0.7139650414461727,0.6189288338731466,0.4018908849543698,medium
0.10723614151285421,0.04044473555215499,0.7887535339198727,0.14310392075438672,0.22141672902309817,0.22040611315661024,low
0.9790126482396089,0.10940645338665515,0.4386234450974641,0.15594632756923624,0.32659187643016513,0.4615566488922054,medium
0.02924179970835132,0.0403739363810023,0.8034699218667058,0.22988994107680094,0.5919039688700756,0.2721313990145833,low
0.0,0.07686638314873312,0.07231558963819698,0.2086280197283635,0.3184263913428621,0.11571017772257819,low
0.5914828606849696,0.06378800698134851,0.5365415497419708,0.2809717879668617,0.3632353804681843,0.3813633567266561,medium
0.007119134197256575,0.9109843939780251,0.4174080914228403,0.07706170137180418,0.23242399876565134,0.2972197728574166,medium
0.02006224267705749,0.14324558992027345,0.48933849588185346,0.18819595019621208,0.3394235157959974,0.196621282578092,low
0.06411864900524208,0.46037475053186355,0.7672100437313963,0.7877035193116595,0.6854625973456969,0.48675214483184126,medium
0.020960021613123,0.02161506759943073,0.7426064849348146,0.18845749022902755,0.7450657521176621,0.27145335360750006,low
0.31403251815361993,0.47235078144239717,0.5752735938001364,0.2430124634364354,0.27656653351484006,0.365058423519099,medium
0.44426610740137495,0.5601760734600839,0.21099172930613402,0.3020944742458944,0.18239240214797195,0.3647415614797241,medium
0.9572138587616583,0.045521568127219074,0.5252055579074845,0.21073428965838809,0.2628736799906847,0.4566272148703443,medium
0.1294079717485967,0.5158346214183317,0.15189494613694035,0.18233300834040853,0.7428170014708628,0.31266270961749754,low
0.3587035577788748,0.006615677442151899,0.8122518808543296,0.16959270881191385,0.2324933471889038,0.2995645287909606,medium
0.0,0.07254312606093101,0.2030190776522349,0.5208419336711629,0.28688407822557205,0.19216248532808983,low
0.046311643419706464,0.4103401543820004,0.2797850812744317,0.22118646619591784,0.30205856524285163,0.22747536411908809,low
0.6239876563306872,0.9468955013399347,0.5727458949061262,0.19574389202802897,0.31713296099711047,0.5492060039582844,medium
0.16565161500476078,0.4186618735696657,0.564534948600475,0.823102632276964,0.3364486215885674,0.43319592119911055,medium
0.06739419898203455,0.14076012680244776,0.16047900478414842,0.4418642350137789,0.5769331091288041,0.24735494914479855,low
0.4054456002149174,0.1355724594342589,0.283096694390506,0.41680128932042504,0.22231743244910904,0.3079205488413543,medium
0.9733617954692121,0.6023038239820998,0.17331387601124504,0.11484548416356238,0.5531789880174651,0.5444123298742026,medium
0.7578079012046857,0.05019672641287252,0.5377475811949272,0.17772059524129852,0.2750037338376434,0.39483853194712554,medium
0.24523978313209116,0.0,0.498940718483217,0.313019385962463,0.5904984370736719,0.29959168546565323,low
0.017920722671624263,0.12891552668562045,0.4740342142236084,0.3020283660679003,0.6256518008030436,0.25651789760618926,low
0.7543747158311248,0.06529720688162809,0.13752939074608103,0.8292740057111939,0.32221071415251473,0.47418767300269127,medium
0.22500985117459701,0.8487773083360788,0.5038757299496552,0.10457688387759351,0.5305874455844218,0.4133432701252251,medium
0.0,0.38068738963936694,0.46548155130211066,0.21887580125434444,0.2459230432535903,0.22662332736209742,low
0.4169948019399578,0.12616202565750548,0.5095834859991761,0.8192838005115846,0.34836167360542436,0.44287937975649544,medium
0.14102245076771458,0.9091629676561613,0.19609891421978218,0.1936231671758634,0.618271251648956,0.38501948707703004,medium
0.12157896319571722,0.0462709539649414,0.7879101288850183,0.2207256793350765,0.5770246853762326,0.2946132377579064,low
0.5189607547098999,0.462339820031158,0.20194684911133132,0.19071115462522517,0.657116088761655,0.4151578620251945,medium
0.840332097966038,0.49640066499565805,0.18886399973949544,0.2026995848304187,0.7033400340983561,0.5257502844307045,medium
0.6043093039921725,0.5085671789348625,0.25030996310786874,0.20764286156772513,0.2570879671658563,0.40064448883922804,medium
1.0,0.4287287620732815,0.06974730024294198,0.49506611368161774,0.32218782342642666,0.5435492437013851,medium
0.3530560733746714,0.5534134963890763,0.7912166683497756,0.4459248706062971,0.3158632392135475,0.4718464815459745,medium
0.0,0.07589596133290576,0.24941088258605115,0.3018776546255173,0.24847388973672097,0.15023743904010042,low
0.0,0.4970579432576327,0.19915826855020233,0.2290941099165406,0.2583246613599597,0.213852850121359,low
0.19255388012420718,0.09260717775515953,0.16267850328065078,0.4410573825502247,0.25420137491038763,0.22703105782699476,low
0.0,0.0,0.302775025942567,0.2553056211451264,0.27535496439570045,0.13778062277976538,low
0.5111963605164621,0.5486651932993806,0.43472248426645743,0.16608590333873047,0.26322596576975116,0.4010013949879921,medium
0.0,0.18398496616298918,0.3568731425332502,0.5126092223505991,0.3010329479477297,0.23800475127486467,low
0.010705869297955745,0.15424909262174175,0.20044972655139787,0.49918720697582275,0.28241351281427846,0.2063285066137511,low
0.3346071771228518,0.11664937181067986,0.1481020481828029,0.1964339381229108,0.2665162363633076,0.22519155780549024,low
0.4100446733211791,0.06361350992078049,0.7856870477340021,0.2500539487860093,0.22458463610346335,0.3372876463133315,medium
0.0,0.467564119741677,0.5466365679667898,0.13410856390856296,0.2812278554063351,0.2445142002360167,low
0.881719552630271,0.07702944263701188,0.2260585321400322,0.21946522928202525,0.3834253454135585,0.41523738180592734,medium
0.0,0.02649660890265919,0.15521351760340393,0.41233956239678393,0.7090105756588121,0.21740084824922104,low
0.0,0.20301827865850214,0.49296076063072874,0.2066012163308343,0.7351627958186681,0.2661424324652768,low
0.3861009083893835,0.1098775807510251,0.4794327329890527,0.20930740894924377,0.5958473887351462,0.34095928871549863,medium
0.0,0.13166889508321597,0.18476775791204642,0.1694480578983566,0.27438882833738354,0.129096878533729,low
0.07335853965975915,0.16657049176683741,0.8887402244157545,0.7397878723994533,0.3675948803088753,0.39172950043988036,medium
0.6178554289738161,0.8566443015220205,0.1758613901577474,0.24835722231281082,0.33552926655463255,0.4830655319659681,medium
0.0024976556110247366,0.513617448829358,0.17898166813912997,0.21535279134395174,0.6697045305124009,0.273846274515699,low
0.0,0.4438961308565549,0.5176849026502688,0.10862648476486236,0.575433290380023,0.27447225207882725,medium
0.0,0.046668640303282716,0.7183423696295801,0.2646445051456927,0.369757585044137,0.22547762229085266,low
0.8638863619903663,0.482044016976981,0.49017733525602547,0.23934461405713178,0.3609474491587404,0.5311123524661473,medium
0.27210830931264873,0.0,0.1553549182560647,0.1653686392045052,0.34346079560517667,0.18952857771388185,low
0.8197947203010975,0.4573855986716151,0.5073880164388502,0.2779893004200566,0.25727275548870016,0.5077125116977962,medium
0.03282877837523709,0.010272650307683914,0.19720708057155428,0.1959767591714304,0.2974310584249669,0.12529423625787217,low
0.06347645649155263,0.14316713943268988,0.7880865717248093,0.25530125800511794,0.7606156042244652,0.3310419428274185,low
0.5401427781708579,0.13948856410637883,0.12260339142005044,0.22497857119140371,0.38788514501040955,0.3115095409753829,medium
0.17513287520809756,0.05176713941909226,0.4842362056910654,0.1699666839426442,0.386063085737551,0.22743152094906902,low
0.0,0.5398141638602538,0.8288145607180192,0.22085252023936505,0.5682220183615627,0.36168882368186106,medium
0.026835790223894564,0.5976218172302005,0.45156442103751626,0.1908539815856344,0.2438736819430553,0.2700616122774211,low
0.37137149298597905,0.13464514666478433,0.4478849981291554,0.23552961711182863,0.7894124592429891,0.371041019256938,medium
0.8236999534014117,0.08254862224165395,0.43791212849286976,0.188189127326082,0.3595424030760776,0.42087571566931276,medium
0.017395194392761715,0.19262500345948627,0.49042028570808427,0.16190649363824686,0.82898047420779,0.27403497172475627,low
0.0,0.07174135970751955,0.16219496392180646,0.4828390451891067,0.19953060570337725,0.1651749164231028,low
1.0,0.5010863986217842,0.46364086191246934,0.044159774704685656,0.24031690284398743,0.5146428993787625,medium
0.2373592598128892,0.1471614452182862,0.16464758755487366,0.10299465916471787,0.7439840362557382,0.25753374239205934,low
1.0,0.46137797661005797,0.47825424914323034,0.7961419311840869,0.2773959992267844,0.6648515188143312,medium
0.04241556732630895,0.03740661140145886,0.46451845625867494,0.4254825839985027,0.3773955069096342,0.23158960375313137,low
1.0,0.15409647931666948,0.7229562491376721,0.5239383650681291,0.586731257093532,0.6320600948116403,medium
0.0,0.4771939929716595,0.26837772546110156,0.1683621116395547,0.5461269988559719,0.2512869295698039,low
0.2508808733934458,0.5123142540192012,0.5931476779162633,0.5488347350454873,0.2536280984742086,0.4145104262895422,medium
0.0,0.10611921062223158,0.8129817816265412,0.1307215649780612,0.20854447450438343,0.20059709353969724,low
0.0,0.614832799957836,0.5239587544061681,0.41602594296445455,0.31795411133706913,0.33245867844594373,medium
0.05284447745342408,0.09896793030100927,0.4506167242580955,0.49924758524826474,0.33252527045772384,0.2529677455532549,low
0.0,0.49321428867473516,0.5178080955109073,0.21415260218866067,0.5911364526339871,0.3078150603944133,medium
0.8006789383516022,0.47409480548055405,0.1362094028554201,0.2646783145364252,0.27510344736132863,0.4496552330413888,medium
0.0,0.12261675992024743,0.5120862863585792,0.45909545476265384,0.22911317386165242,0.22752236196961498,low
0.7789223647162323,0.45796127061557335,0.23218078971706302,0.21401744101190748,0.23643615586244354,0.4383649935772918,medium
0.4085960817741095,0.05632513367911886,0.799172163093096,0.43971290727946766,0.2682501534923894,0.38189978021177295,medium
0.1748343235182187,0.045630252786787465,0.15363402440100934,0.13603739652123908,0.2804936697527477,0.15390298104013447,low
0.8031326410035371,0.11513876425587358,0.3317673321409945,0.7761303860260509,0.23483059375549814,0.50418331124192,medium
1.0,0.0504263191147315,0.49149291396012235,0.454667649255593,0.3380590460709333,0.5254515876787232,medium
0.1700866867718619,0.5173760271198015,0.14557359078436702,0.24710726874590389,0.6094685210345197,0.31717898197753264,medium
0.21476609471473596,0.16948935002104742,0.14136089545776537,0.5090243312912894,0.554370705716827,0.304492304853077,medium
0.0,0.8640515558381809,0.22535888781703398,0.18116504035635128,0.32310647736465886,0.2913131240161604,low
0.5560163384163358,0.1764557485875046,0.8095737190723744,0.1926752387300002,0.1970591482523651,0.3916260290871126,medium
0.057425978806951695,0.07085401557315468,0.4599115485215072,0.2592841972614169,0.8568005937651467,0.2807622575519979,low
0.6291777192197006,0.04739873113622019,0.47105583792691597,0.1760833398495864,0.246685857744395,0.34111098431376813,medium
0.0,0.0,0.16273394223809098,0.4119372681709655,0.6499120201779052,0.2042843479965925,low
0.8076607165217816,0.0466417700108711,0.7151610434015749,0.2375194587389886,0.2723533636361947,0.44725762176217193,medium
0.0,0.10902075883922631,0.43921129859686336,0.23651275312419615,0.45990895117391506,0.20397473985830128,low
0.6110237725433073,0.8806617428172759,0.48150400103278523,0.2601682761343271,0.3229147181893171,0.5321359434366282,medium
0.008506136076865999,0.08107648535022607,0.08717080740844206,0.2482258582586668,0.282806365819987,0.12390888552910273,low
0.519953047970526,0.11498186048215173,0.8945912633060653,0.24059247936872227,0.67731948322032,0.4628873943402904,medium
0.0,0.10053549804627276,0.7946268035663735,0.45913146532302074,0.3186529360527708,0.2789253536167304,low
0.10780740792181609,0.04556551118853171,0.4951795625806295,0.18252670906918073,0.35671427714569376,0.2057447423870358,low
0.17338774139295274,0.8990910507146195,0.28243744780543434,0.23492282919105545,0.24211355218938949,0.3575017483982444,medium
0.5826448010553958,0.5535611119067732,0.21987891978131222,0.10274619422345169,0.3098895825587596,0.3855201768936745,medium
0.7199091034023675,0.1444288931484253,0.4094291300478729,0.14780843880380498,0.6161575226635654,0.428258195317872,medium
0.0,0.1515679559369535,0.18097373841160247,0.2755463022396121,0.28720838001976584,0.15565016940001836,low
0.0,0.08971565733407152,0.547887985240057,0.49935814269806506,0.3696073219040095,0.2554390560780373,low
0.03578305794251041,0.0780394300939066,0.21962458491961687,0.2558945915893469,0.3574294215747237,0.16407982269355492,low
0.37823666369615017,0.5063869245507739,0.14494028499131112,0.8045696084399772,0.5805514715787667,0.484486069192507,medium
0.43740388744382974,0.5228278058558601,0.06838957322495712,0.474453826941211,0.2745670238355069,0.3821209823516328,medium
1.0,0.007356335305135159,0.19861429624608673,0.09282125033326503,0.380104981302903,0.4068434087600285,medium
0.770030966843648,0.4872062116202409,0.16819951319880563,0.19032604604134834,0.24918387524982494,0.4291232498527069,medium
0.0,0.8847232721819287,0.5041929585748471,0.4097414662740365,0.25467045665438726,0.3727224599755782,medium
0.4030672728265233,0.09837611482690692,0.5376019945170911,0.2336346470824679,0.28360401637900634,0.31050323586424655,medium
0.3170659931389138,0.48961566496094033,0.5176009342188547,0.2022439440411309,0.39745347405534026,0.37074988098321765,medium
0.03348784962903586,0.5237833728374013,0.16078632419752084,0.933140416019571,0.3424456321644298,0.37691590611439785,medium
0.78337796036773,0.059455009938183645,0.25760273655786714,0.15168877976499784,0.30540061324409085,0.361692648521249,medium
0.0,0.5404292810109549,0.2608540459035714,0.22969417115666987,0.29602492613251014,0.2375565362389372,low
0.0,0.058410015349485624,0.21631161934129856,0.13076081082086063,0.38079531957986895,0.12740020607224437,low
0.21948969913831115,0.2075613352080351,0.5701305422629392,0.18719348784343412,0.28670262317865214,0.2733228491680259,low
0.41641966189816804,0.47954898562831844,0.4473251164486008,0.17159989391045305,0.7540022965934603,0.4353547864335139,medium
0.5268091963856196,0.19566526900186526,0.19961588371795685,0.7775597031280371,0.3250947290776511,0.43139434526100756,medium
0.013271982911247227,0.06994021481568491,0.20892427667731156,0.21209286711390174,0.3046156553347716,0.13741920106110397,low
0.03126172957547098,0.0,0.17847856497023692,0.29298990001604347,0.6475548673783191,0.1918815137281334,low
0.18636897140787823,0.09095731707256131,0.4851479796759991,0.6373196891759514,0.3547574031851105,0.3275519001012324,medium
0.3866890089573698,0.14959168324779812,0.49746490865520665,0.4570262645265311,0.37926779671620875,0.36884019804778906,medium
0.8162984753653685,0.06412453201371737,0.5181937060892979,0.4330074763548116,0.7318307287984864,0.531819609516484,medium
0.4450357988473199,0.08699613791926039,0.21172863691415159,0.21232204415649147,0.318589530984244,0.27292210125410565,low
0.13818015230816555,0.4947651817526078,0.5345393884806036,0.4725873544894865,0.6806829957126126,0.41720791056985096,medium
0.3955245101263825,0.4674687729981291,0.30669317892613024,0.5044414599531261,0.6752779105269553,0.46033506304612865,medium
0.662848726297958,0.14100391658775047,0.24624978412410908,0.4057006508918103,0.2923754399834934,0.3889893150014399,medium
0.6673895037306538,0.09010067252824208,0.20162079953237733,0.3850935149738917,0.30723022980908427,0.3715833430208421,medium
0.17047256062181773,0.3984773476646325,0.6800904534175262,0.545186799366702,0.30271225070069835,0.3872950032105459,medium
0.6034775053170419,0.10387146391841229,0.17210118667675228,0.5644328570676257,0.3066337472769458,0.38651435588537486,medium
0.8595392382003206,0.8458130596898628,0.7994600455390236,0.27285757958380225,0.26448974716739476,0.641188368220792,medium
0.0,0.4630684421199833,0.457117711945984,0.5076339192999689,0.32375743536801094,0.31127174438108973,medium
0.6128212012726898,0.4345356384166687,0.8139094760659119,0.20382349895788301,0.5716955772434719,0.5193589458531248,medium
0.017012949319506202,0.047910352896309176,0.2897800674744172,0.18401960870449677,0.7158548323523741,0.20233511209003174,low
0.1407663144427524,0.09792286569286648,0.8019825959844349,0.24128274717505346,0.3072965649231778,0.2764628910425516,low
0.3074127989421107,0.06883297426120183,0.20482572541116983,0.20618473687832437,0.2281591602771647,0.21217511476378864,low
0.26518303881421046,0.1083602359899505,0.4801318500175048,0.21989852230451457,0.3315314513750188,0.2669561585120347,low
0.39776416907495094,0.1456407396108676,0.41483532211659235,0.20604686906410502,0.25582639126625945,0.2902660294649076,medium
0.3611021224519048,0.9406925500667442,0.4885258475570985,0.21922153444004058,0.407576514192852,0.474728807899421,medium
0.18223539918661308,0.09731932442690512,0.5723767592606182,0.2007806254468163,0.11699820130806227,0.21769685381603027,low
0.0,0.12477821219111052,0.22228356394520166,0.2890949562207968,0.3440779133112833,0.1677288552708542,low
0.005540188995245426,0.27186039760837755,0.16390299351617513,0.16916566431517885,0.2983194216878873,0.15920063136389426,low
0.21022553807649408,0.0,0.5423713336878838,0.7700246326532348,0.5782319318985998,0.3851630777915678,medium
0.0989010191497701,0.4080545695502954,0.5251402519851245,0.751230477311751,0.3320532055191375,0.39010633374297965,medium
0.0441517786558764,0.10326309578706189,0.8063499510701655,0.2833393016816122,0.5681823708133074,0.2967458613730186,low
0.13377888544057137,0.8737916493722483,0.7305483463001469,0.14847598273292437,0.6672105979997117,0.45425103369818476,medium
0.6994596483283002,0.9778895781973039,0.22444631443549354,0.44595306326749434,0.33443363321743724,0.5784384149393893,medium
0.26741036885762476,0.0741700008026691,0.155253606290878,0.4213619360638384,0.33281360437238955,0.25253957963007906,low
0.3222868008552544,0.1574182454335189,0.22285134455723093,0.17798443784629714,0.2534898093135116,0.23521774999315093,low
0.8259767871107023,0.49785916790820994,0.18666491023321258,0.2633035759281833,0.5650820111791148,0.5127876231123385,medium
0.46797765933482816,0.10935523846212157,0.24760217636947685,0.25358924245740033,0.3716367162749204,0.3058680278810124,low
0.45883607852271735,0.5099287780240672,0.509882298846287,0.6278873574247678,0.2553044938921505,0.4799920695573478,medium
1.0,0.15467741508143107,0.2568664542005983,0.21667753195650227,0.32374082254335446,0.4613620809191796,medium
0.0,0.02588852828018226,0.26862590228114736,0.18263752050266055,0.3197696401029645,0.12996454111418534,low
0.0,0.8487162450516608,0.5288250617654169,0.16903780825824857,0.6388397736283947,0.3787005359710536,medium
0.08248991741159101,0.1137459475686801,0.17752855844566684,0.27075092754442814,0.4724875951321328,0.19914877328276892,low
0.6507050528985223,0.53163602144232,0.18192803137602548,0.5119931150791,0.380386577228968,0.4882845344645897,medium
0.0,0.44534333943694737,0.2271952492146297,0.24901871783454252,0.29830679491660117,0.2176977180739826,low
0.9130333444310026,0.10657065974678731,0.15432023804640332,0.12309836291341937,0.287229587997178,0.3860762817678793,medium
0.5998198714690834,0.14073618638576144,0.7397846169516947,0.5434356236922673,0.348443382653774,0.48001452339715106,medium
0.023426753882848466,0.5384569532426265,0.566789821945509,0.25043139522078894,0.2093629206548088,0.2812286072475853,low
0.13788385460041175,0.060925820398521596,0.5436911360261613,0.5499434334325546,0.3176239014705566,0.2927362627708464,medium
0.22587938932685783,0.12902586852140852,0.4951701702971492,0.1774253706152586,0.2774210652807285,0.2449427499620724,low
0.024233296341966307,0.13687812199105254,0.53834544505746,0.2342401011061265,0.2647717677031756,0.20196121543612103,low
0.0,0.10907026312471457,0.5461854976098628,0.8409641372099925,0.34946712608477937,0.32435477362113774,medium
0.0,0.11008025916150205,0.2104254512734703,0.4946857154809308,0.2867727695218748,0.19553292804778832,low
0.25357319156867186,0.08671674865548756,0.3714348620375238,0.5152634725820194,0.28895677863029534,0.2955267478182758,medium
0.0,0.39798414076299277,0.10854232031705555,0.17662863412395033,0.27345840582619724,0.17222266389887653,low
0.08725891869853064,0.06259982044794671,0.22978801771776383,0.6363207217445612,0.35114384345941096,0.253101563224637,low
0.00757874092751791,0.4964234883831403,0.5856267191720941,0.1648082900868562,0.6846219287495955,0.3250572751605081,medium
0.030135551027111435,0.48895958179710985,0.10852211811763678,0.1566371290357486,0.5149934665029101,0.23168734516778713,low
0.0,0.08275384150459882,0.26887310883227555,0.2504350979713404,0.3602413125263695,0.1610049510989846,low
0.7347695977751986,0.49000920977735074,0.49678475646304715,0.22659691490067663,0.6229985793908942,0.5317196046462562,medium
0.6248761043262241,0.06411784045322289,0.16096793635369433,0.390024166599408,0.37384115293610576,0.3585125961018635,medium
0.0,0.0727279248001038,0.46397595120538476,0.20899508679480056,0.33037084415790957,0.175496621623475,low
0.5439578559775379,0.20401324720264277,0.2016968571509398,0.22165514834552327,0.29173047704738353,0.3223351360326431,medium
0.7243868545197661,0.9308622900107334,0.5874548702502767,0.2177685743898835,0.3302346067174647,0.5846956507812144,medium
0.050246033840955544,0.4063292478722136,0.05340308842709393,0.1630103621570136,0.23670641788133004,0.1724581581043957,low
0.0,0.9471196219492629,0.4992757919727391,0.21725699354895878,0.33467610903993494,0.35796810825154546,medium
0.0,0.44624900863652883,0.8342905350544267,0.2496816157662939,0.2711245529760469,0.3049983880851356,medium
0.18754345437468434,0.09086240467736209,0.8437026800971269,0.21176790172405424,0.5893609240690334,0.3317486382176126,medium
0.9944377578698231,0.14451509137977867,0.8239770610560458,0.18602776725595854,0.36614351049940363,0.5429579848214118,medium
0.9100491634251849,0.4163732233919463,0.23424156159600068,0.2006670543237246,0.30728080444185396,0.4776511594763678,medium
0.04439727429240098,0.06703559021269784,0.42715425730993706,0.3317601199671205,0.499840523082092,0.2321275413824883,low
0.04722509628872313,0.054887906424576034,0.4530241604343605,0.2325454489850451,0.29787266595738965,0.18428872392730367,low
0.22828248166491286,0.09143119270339531,0.2589338521376723,0.25038062183502185,0.6056330611230579,0.2665321443962668,low
0.048749087671128066,0.5292663700655612,0.49385002721399385,0.10641256490936796,0.304720453771514,0.2615460854441504,low
0.4858688375842033,0.08890847204683547,0.13023672443530893,0.23573876878802924,0.7623239081298228,0.34457419432700365,medium
0.769951788090518,0.047051642660689355,0.7264728435428169,0.1754315126504461,0.5340603028972858,0.46456213945539787,medium
0.0,0.5471285575671417,0.1984855663841464,0.20141318533815208,0.5902918060110854,0.2680249544403435,low
0.0,0.14933496207085334,0.1866680581899804,0.09808945820550546,0.31780725446738334,0.12515618095387632,low
0.18671655300299508,0.16118270127270418,0.4747050562021219,0.17005109065881266,0.3529772736679913,0.24641407376771887,low
0.06826733439437932,0.135638621848412,0.49258930208928176,0.1845066094834043,0.7125816989052772,0.2652848967338609,low
0.0,0.18986711625620814,0.544254327814529,0.1672918344299034,0.29435471433384014,0.1972231464594777,low
0.06154075327531205,0.9102729115782374,0.2690630232130985,0.2654471111902542,0.29818992680787776,0.3386941730394384,low
0.025928434801851807,0.8929436588340819,0.24673742840509721,0.48095579687851475,0.6838112955750772,0.422140730180101,medium
0.7312625311981907,0.47963522270971853,0.4430036405793461,0.27152561202396014,0.2961755937663518,0.48048781145804764,medium
0.046547237335582116,0.06592551865640645,0.5753311385856884,0.8545353902189508,0.30950637975192863,0.33078198072638865,medium
0.2773697931415104,0.5936705821664332,0.17591941797272526,0.3004952419397869,0.41015756171681594,0.34995564971712834,medium
0.020942603338205162,0.05246188441286211,0.2239628442587739,0.8753965502601345,0.2480310466760057,0.26265355157627784,low
0.0,0.07140480052751827,0.2597352655382436,0.33599579135129154,0.30927278571084477,0.16683132606312523,low
0.07562169970191782,0.5172268566410714,0.473795818102895,0.5281533925495014,0.2693119036265958,0.34322871800811355,medium
0.519033361550616,0.4807212181852998,0.20350905613340592,0.19471513831600937,0.30416282805830797,0.3669480623942037,medium
0.6612944191908872,0.08817107710403384,0.42991887293597764,0.1807544232863854,0.2838902592261169,0.3592447956596641,medium
0.0,0.08411545933594328,0.44358952120575607,0.15210159994221814,0.23591868787883113,0.14916964321832035,low
0.9964141948561741,0.11780702227315908,0.8036472180329279,0.17097689282642609,0.2261643278700866,0.5111527733622214,medium
0.09930004745167148,0.10386803590577683,0.18787795074083763,0.8020629627439143,0.349624407301897,0.29160156767184986,low
0.03653505114579786,0.13969941083803483,0.4846107259643744,0.21933709906099902,0.5211513277376202,0.2336321253788453,low
0.8566870608562006,0.12906387921889526,0.7564957437264028,0.08630479000281895,0.6777905165873536,0.5152227911482664,medium
0.6494226910622429,0.9056047794110086,0.16785659006265416,0.5783011633153119,0.4039584327880195,0.5773802492915381,medium
0.0,0.01895960938557037,0.14217594943193484,0.39575542974213274,0.304369507705444,0.14992482639614746,low
0.6279109742330937,0.819813142368295,0.7823368135583885,0.16604319954399677,0.269262765575448,0.5432844975224619,medium
0.20949786381039917,0.10603846953208841,0.20270839330889395,0.09433194601750035,0.272906317539289,0.1742656488802649,low
0.19033678959461883,0.5626572156385958,0.26371793809964084,0.5623815393147816,0.26257313448012654,0.36105244875602627,medium
0.0,0.4352959111169995,0.24239179801223384,0.1885254578510221,0.3319532602080353,0.2109160325266447,low
0.5075117892292799,0.17481743571195307,0.368319809886531,0.4659808219608243,0.29201951140367843,0.37946408649687086,medium
0.15777578482991866,0.07012912311218816,0.2712853054586325,0.16499698716368466,0.3021870920821296,0.1803788171352645,low
0.7295427113565753,0.11507118897947285,0.5052997289172685,0.14866897760131748,0.26471722355616034,0.387113389594145,medium
0.0026006327851666065,0.1343322366790476,0.2969574518620489,0.25274195533171046,0.29095290075073915,0.16638158112961982,low
0.0,0.05296787648904006,0.4594253210452711,0.3025338906778661,0.32997817799073703,0.18951087828878244,low
0.8270706458279277,0.0928832858094849,0.3171052368589823,0.11660028095183002,0.6522114883059684,0.4354154158753839,medium
0.04426215951183443,0.5545515201092147,0.19729010411968592,0.2251423312695195,0.26591591220039335,0.23869832057730905,low
0.4270513604467168,0.04630532851846891,0.8071331068673309,0.16421880776383435,0.5788602568946616,0.3781192399547746,medium
0.012806486911126819,0.1711512896473008,0.5591610761273926,0.22161484650178373,0.292775543551818,0.21018566625503654,low
0.6081103778512399,0.48470951234889914,0.7472885653659848,0.5913850547750933,0.30468563265344506,0.555448156483085,medium
0.0989605012442171,0.006306431809674468,0.20498228779738886,0.49982861831244363,0.584913182546497,0.24939948094927164,low
0.5944073395996226,0.8862006160950321,0.8020827112090385,0.517747301506021,0.22095020806089116,0.6125667232905868,medium
0.5209619269547752,0.5056492277304896,0.2509662395347648,0.5192438661212635,0.39716781426951736,0.4584873049274255,medium
0.35304263032191235,0.11879380127707476,0.43485085934118806,0.20800384049366627,0.19953017886607394,0.2664294731818112,medium
1.0,0.5818359302482811,0.12719020167457118,0.14968663954883657,0.3651447567892276,0.5201547577289933,medium
0.06533651293026264,0.1316613328153779,0.5420322845935774,0.784953355759159,0.3062617312368178,0.33016799396854546,medium
1.0,0.07941494775905095,0.48924691427935557,0.47382524871343945,0.34939187523746246,0.5364438577220207,medium
0.0,0.11157206828656427,0.7575841272519968,0.24986499127134212,0.26433347968600934,0.2255750529522822,low
0.012470994648566887,0.0686643048759897,0.7341262498948391,0.46712354848126264,0.26736241313149456,0.26112216851997055,low
0.5688985641992504,0.12196822766478506,0.5639654855766325,0.563938723228898,0.2620103728249806,0.4317473381987537,medium
0.2733505933101697,0.4506341383457314,0.491703973594773,0.2743140463503354,0.6661773736406852,0.400677017017583,medium
0.8012418535771906,0.18942827403410012,0.7858045923596824,0.5446770580400567,0.19410745385891648,0.5341804294207784,medium
0.0,0.1142807777637733,0.23092788902217426,0.23718257963079398,0.6064423582330739,0.1958982085672007,low
0.20326088920101504,0.08117070993617027,0.46472137184323237,0.2829496583324637,0.2662415086825262,0.2434467724928951,low
0.21320504498435272,0.15077390552898173,0.8267715942902024,0.17422087759794008,0.21401313588790327,0.285078179647406,low
0.9917111974518846,0.4800442432747228,0.22362294941719174,0.2241309952991073,0.29435229612311237,0.5160446937813771,medium
0.48397589255081874,0.039263057556345994,0.46963678359665434,0.5265647139968008,0.24579895087472892,0.3656736822465825,medium
0.25030275028544136,0.5914783208780381,0.5059952810043683,0.5004640506348594,0.30470650388763765,0.41508456712201286,medium
0.22435134093702708,0.5562975832875819,0.26820656349285443,0.8383359946400608,0.2716294833544853,0.42720752489373764,medium
0.019878461568580322,0.8561705898185986,0.25010146062407806,0.2581141954611826,0.3051410643934533,0.31210687427916006,low
0.15260786605029966,0.0,0.21845520058093945,0.708393512655557,0.2740538332073703,0.26133741741444777,medium
0.0,0.10366806699775781,0.20660052825097547,0.4824235582765197,0.40290221059429565,0.20864373588164617,low
0.24233411244014322,0.039165221916869136,0.28388017475918115,0.24844482169935933,0.6294168552643434,0.26721679695881734,low
0.8501424192224769,0.5954282551747667,0.7861178259530168,0.7491598604627666,0.6580817460274075,0.7405902846913134,high
0.19665909122616368,0.08349138151196847,0.49686572015124403,0.14632407989695956,0.7526679882512098,0.2923908759100028,medium
0.3430834457462796,0.5007739863024276,0.7521296752622064,0.23572063549239686,0.2841830681530267,0.4056708695951337,medium
0.44633551366229307,0.1256830223543285,0.7214455058875949,0.2593480292652055,0.33935744519461114,0.3700273070849257,medium
0.03599220039879571,0.8768847651117417,0.24131224601932882,0.16396532959295076,0.27039650967971934,0.2957239924154344,low
0.6605125984158751,0.08941168483928037,0.22372581163722602,0.1863932209903588,0.27230432895899337,0.3277192817801232,medium
0.4663770230027457,0.14062024062188216,0.7783515845389658,0.511487656774253,0.3692782034446144,0.44247915457758774,medium
0.045061495544230244,0.1273825473083785,0.23614816949842574,0.12906365052946644,0.26801729734172197,0.1404325082568602,low
0.14027314535458885,0.10039402108125019,0.23164338016730548,0.19348066396445018,0.2637164777438048,0.17516085930218328,low
0.058455747256414885,0.47967742281361103,0.5542857067663369,0.18659612469926096,0.2668762201092349,0.27396572271083464,low
0.5059766083596922,0.45396101239528813,0.14601234540900937,0.24343787216901036,0.73986252393194,0.42415398982190977,medium
0.02734646934698265,0.5460495504143164,0.4551847752242732,0.1850408212235385,0.5735108978300515,0.30872636608981446,medium
0.047026300626726164,0.9280511527861834,0.20678524303982826,0.24991220794829888,0.6377018853386973,0.3763736315916931,medium
0.15269392140805121,0.09506400946739679,0.17282343459336505,0.1983702581746256,0.1604380976879177,0.15448425979301228,low
0.35485535344085295,0.055364326647965666,0.8136022336298958,0.2092643049868365,0.2209913740236819,0.314571373507253,medium
0.38316188810942686,0.15046932006892472,0.42423632476462125,0.29586667197810107,0.5667706193230425,0.3528668064553828,medium
0.05634064220872558,0.14793110544839772,0.5270050678873183,0.233374324735621,0.3118337163568819,0.21898909633605143,low
0.0,0.057898390057397615,0.7327555578436011,0.20526194317765648,0.3100223780921099,0.20904875703736747,low
0.165709687792346,0.4934649642397063,0.48085949969094066,0.8316744557440331,0.28686862622018644,0.42990000922112076,medium
0.02958472875680511,0.1307624220898372,0.7924778966010009,0.24074043518012167,0.2637087494516194,0.24160398698892632,low
0.9819892857104874,0.45418260766081586,0.172897803397777,0.25880514895526774,0.6951693804598624,0.5674044146150088,medium
0.7295681061110445,0.11322854325272769,0.536114026112921,0.11639287746044423,0.31459142839890314,0.39240053415272136,medium
0.7450671509795155,0.07653446478886725,0.13644398526350504,0.17207948329797892,0.27622642185496493,0.33514349597899434,medium
0.8071431950497515,0.07315691991962735,0.5636688787779212,0.24794889577814588,0.35953826131115707,0.4448451926678419,medium
0.0635902509609284,0.20251780825673915,0.5084242659167232,0.15028057673038325,0.6118541440534137,0.25767851378122353,low
0.7902316916987755,0.01252036324941222,0.23243092490638487,0.4504582858507881,0.2819140309811894,0.40681698071280886,medium
0.4412585273819938,0.13307036345512285,0.4862160350787667,0.4712813830458504,0.339639051222911,0.3771261704600444,medium
0.8252587778406514,0.5585546098575662,0.864047312302237,0.16044880671236447,0.3398970096454877,0.5719699649583402,medium
0.060089370755119345,0.42780896889232045,0.2007511629263802,0.23756249331073798,0.42924053807497864,0.24559985881735133,low
0.016678946789618936,0.5612297438923045,0.4823206807138565,0.8201309177308002,0.29781201971247034,0.39829572142545566,medium
0.07017097097058192,0.8943940414009373,0.809216690002343,0.7569143962937837,0.2905766252575846,0.5162819761191079,medium
0.49745646782371883,0.5506769854138927,0.5345381683619717,0.16588609001749893,0.643198494672452,0.4692100548885575,medium
0.9172697180083507,0.1381119340829922,0.8176458275280364,0.17066057873311274,0.2652717176107523,0.49937304973654445,medium
0.06522975211338161,0.07556461155365737,0.8177983504184856,0.8589225549451678,0.31010888302434453,0.37565244395020403,medium
0.0,0.8892740512939151,0.22038895999667024,0.7983249152614523,0.2746108241962395,0.41176976094000994,medium
0.012835089166425954,0.12017706880454275,0.2715309831202927,0.17158357768226215,0.3069805825560868,0.14897939089874568,low
0.8119668710619853,0.10221509029814328,0.1763200877708313,0.11580168364881865,0.27431206610749204,0.35478823918973645,medium
0.6308391498897169,0.4720088696676159,0.5404519722953359,0.19260392352179248,0.37520647925021705,0.45952307133662973,medium
0.0,0.10882866264833753,0.4130818484343687,0.7712944649754233,0.2835800433531384,0.28052390929287824,medium
0.7593894852355003,0.003662934940096174,0.24176616594754133,0.5549481699494796,0.6857348138027087,0.4786642135111027,medium
0.8122911591469875,0.1483663234650261,0.5122787831758739,0.6880516324390559,0.335223076094058,0.5380962178154024,medium
0.7494513749053018,0.14052703507847591,0.4616948386735133,0.1922897951630214,0.5184564468832674,0.4384214713534071,medium
0.23674171408740066,0.6024532811792271,0.28475380405697615,0.800991535824929,0.6646870125058223,0.4941276001114712,medium
0.11100756202238798,0.9193822492375456,0.1753991521174897,0.5119962758401121,0.22609242557338288,0.37980171027587883,medium
0.0,0.5685448422317464,0.38993640908397614,0.19028955225536176,0.39184132983880515,0.2690335397358388,low
0.34733091123956666,0.12859238344924426,0.20841232193511186,0.20940935590150697,0.22209526296059956,0.23637575897637697,low
0.0,0.4860832367830593,0.47282981713121897,0.5111878514935916,0.7870638002315986,0.3884382602597528,medium
0.0,0.09127599139089473,0.47336702888414917,0.7484952634083331,0.33960086475720663,0.2898994350060489,medium
0.18731993139212078,0.4659885132084418,0.470688326763022,0.21662785140699384,0.2940703903781745,0.30743305991190284,medium
0.07838321656222633,0.014261040847995538,0.26884013040536964,0.5576900045554253,0.3413952640072418,0.22944048321124377,low
0.014365179863759396,0.09127904504654138,0.24678937961774086,0.5528182612840818,0.2886529695495878,0.21344536760035177,low
0.39850252858174495,0.06004884658055357,0.20692503329030784,0.7856140942767663,0.2821794418637467,0.3620490180190956,medium
0.03174597707435331,0.10244837041060872,0.5345796298622117,0.21607260981208617,0.7165866262840482,0.260902927588784,low
0.2328219305206479,0.48289761888116284,0.48382621010319105,0.1579695177577125,0.6882725400604328,0.373834819008513,medium
0.8410854878774766,0.49298880812675894,0.8375827912261962,0.23421791735153055,0.37241343673265165,0.579266425652728,medium
0.4608629937851761,0.916761532201716,0.4794133726384484,0.18624414074903117,0.601174496408364,0.5209482130827241,medium
0.6433570582104526,0.5145274164916938,0.5225136834280901,0.17173870037651998,0.2906542089441236,0.4522355246926106,medium
0.42303243920268246,0.8808603431208697,0.20076922484335372,0.16230399905293355,0.31898519792479113,0.4135057636107871,medium
0.0227318990463088,0.47023746012433915,0.4427093915385495,0.21496757694077256,0.6962893909001183,0.31471039449271515,medium
0.36383380741514176,0.05559494667244648,0.2994726623243562,0.20374807289383204,0.3329437542933978,0.2558812086304613,low
0.4001264003892878,0.5026215665761486,0.7631222118184495,0.2520282186664159,0.32575725310822595,0.43429979690430065,medium
0.8136513093482506,0.06236430938431222,0.5258609120665073,0.534559639127226,0.3106312621082927,0.4889540086330028,medium
0.2047786303725576,0.0935234179198235,0.23825779968732957,0.24966798873081308,0.2790365191874227,0.20766601827310746,low
0.0,0.13526318675865068,0.5413185477010182,0.09524211091515972,0.3372684629527449,0.17788911113282652,low
0.07539487367774558,0.010870163549974235,0.37374818960475187,0.2769895139371701,0.2994651191907508,0.18117239392007795,low
0.40965167882702497,0.09194081439580973,0.8220293911620817,0.17763335040628855,0.2881947511626035,0.3433439579572299,medium
0.03013287111351988,0.0,0.14425936266604159,0.5344538040505569,0.19133214530081344,0.1662693483391956,low
0.5370676173091751,0.03811035636421548,0.43416873235232556,0.22246238789511066,0.3971982086925372,0.3379398752013471,medium
0.15389895279336255,0.026440424722702055,0.24850559625898463,0.21986464211443013,0.33762533384278026,0.18335033872069992,low
0.3512267778433341,0.057039949253945274,0.2815113955748885,0.1665115344599481,0.5191661747758154,0.2701799656483845,medium
0.14080262692786155,0.9394778012542804,0.8049719732677377,0.2635239875131129,0.39920245369806834,0.46346730987670803,medium
0.0,0.49992614354623605,0.11620993960944412,0.1741601498195757,0.3661050454108621,0.20716450642620826,low
0.008827281759121843,0.5061692524961826,0.4515389777630917,0.4213758498144178,0.29642406445255354,0.3003516613222034,medium
1.0,0.5274586305636508,0.5908814958791312,0.1158414666321617,0.3548228127298413,0.5705156657305084,medium
0.0,0.14260103319182071,0.21360738746906782,0.2290031965639128,0.28966675552339555,0.1498119674000162,low
0.846578745338265,0.14076808686489828,0.4800401483100036,0.17611127888183203,0.6196959940278737,0.48230991810150714,medium
0.6045626240077105,0.13106351193704435,0.12262257723279951,0.5089134799702905,0.3131657096129594,0.374732428610644,medium
0.38669138019829136,0.016675321564241757,0.5464250396485881,0.123582311984823,0.29279950599395166,0.2699426226156813,medium
0.214254437136705,0.04010239710776608,0.17855935760578434,0.42271269167336983,0.6543259565359002,0.2817721460184914,medium
0.0,0.0,0.14552860421150635,0.5388973448105747,0.32884220322108904,0.17893509007700423,low
0.0469630162170217,0.08974464999885755,0.18222101248529005,0.13837907573682914,0.19919030076716954,0.11692534700011278,low
0.789237642450201,0.08292445269340559,0.40944525172898794,0.26221604327041076,0.326781229867311,0.4162333641672684,medium
0.009740613671953129,0.05314286575515549,0.16337147568684246,0.5056601560023268,0.3320700039817879,0.18899901040337697,low
0.05939860212411927,0.10775877279439075,0.24853602008226447,0.17189363189568807,0.5422854286433738,0.19237327888409728,low
0.7445689875446069,0.5615951344471554,0.8770008355769603,0.1505756791332796,0.19678846673542377,0.5268732543263266,medium
0.033967110406783366,0.1780925042343217,0.5156515489025816,0.27437949303971815,0.24381111566081323,0.21460393226135221,low
0.0,0.07264091379169199,0.4944055438653504,0.16990312168110305,0.7270233416271669,0.23172313991843663,low
0.0,0.0019741553833955566,0.38877289785496344,0.209252609405528,0.6013780149104206,0.1907679898725923,low
0.0381012257991033,0.9038894385356592,0.1920884190392119,0.2773721975595694,0.32937906154369456,0.3259028170462127,low
0.652919581092349,0.5191023616600218,0.7555306984088971,0.2125822995717315,0.7581021813404466,0.5692577385364569,medium
0.09197049938813262,0.9133661784307375,0.2701798876093527,0.24000815501352,0.7079134773774298,0.4049800212533087,medium
0.1725211804326443,0.45826180710867553,0.21017501094968535,0.17574509202583172,0.3687964061731055,0.2654034465251134,low
0.16365320846968973,0.8338041659203704,0.24348835180909797,0.19602460513636882,0.24915346488803908,0.3289579892568253,medium
0.8482764074920539,0.09522685892930884,0.5514263313435459,0.7988114036533764,0.31086031783531604,0.5626335721409825,medium
0.0,0.9267202909513524,0.472603709033956,0.09314691435773588,0.2377454816962009,0.31052581967134124,medium
0.3966770546646271,0.5441201492040965,0.49581083586723024,0.2455575346599685,0.28985777693404996,0.3947889450923932,medium
0.12127721658074973,0.01125137201774308,0.19441963574397106,0.7948216850463441,0.7222756090382348,0.33510206310437324,medium
0.9871288511991883,0.058388230078365994,0.09506731298254711,0.5437891440529744,0.3014077890343629,0.47604539548856106,medium
0.8611562389650638,0.49699512564620546,0.5427663352682289,0.19511606251369715,0.27315557343158264,0.5191573956264713,medium
0.0,0.08253382381011672,0.1747013747301855,0.1557272085011587,0.6211584065387863,0.16703117365260084,low
0.04410402768762119,0.0727541479878328,0.5081393493037699,0.17231107800921847,0.5633340239378255,0.2229652594919359,low
0.17400951503073975,0.4616303194504477,0.1837624086897413,0.29906270965090664,0.2664678100319802,0.271875993137751,low
0.504543146680259,0.0370948959603946,0.12900614746479616,0.14716366547447604,0.5163912498122903,0.2850242658826148,medium
0.21213121245813318,0.5396689716882648,0.5272651334208777,0.17584337028147537,0.37521941362233896,0.3421145141878705,medium
0.0,0.55872146752253,0.5409873502370681,0.1820944173989576,0.2787016469263673,0.27111652655881285,low
0.1318371675375276,0.5263624324227887,0.839298134491445,0.19910936866421883,0.2660268407952083,0.3504442567716578,medium
0.6313931262653656,0.13547442304153476,0.8351157257838558,0.29347186234573847,0.27954323425463595,0.4424060389628381,medium
0.0,0.45683467401985656,0.27076791394431077,0.4496376960770154,0.6935500744985836,0.3259421722858086,medium
0.19970175589203223,0.09001145111744248,0.22216434784530348,0.3006295406839835,0.29322180813675414,0.21534664852520352,low
0.23685994590491996,0.5382226984101799,0.17844465313205884,0.20259660217793868,0.21117678678104035,0.27766505987606455,low
0.48693161534551604,0.10870735106027404,0.2337307009858214,0.4921556028136812,0.30232855937863606,0.34666096443311445,medium
0.40239877213881753,0.09277833885571646,0.21783656631110165,0.252209647964194,0.3059841837910605,0.26829034152095166,low
0.00857892962450176,0.11903196734385225,0.4078583050220572,0.5673133871975142,0.2650643135948927,0.2407811425881663,low
0.5945356882192716,0.5447092964130643,0.23481214724394006,0.20741340353079987,0.28880072962778297,0.40732717798531276,medium
0.024303394161631627,0.9207116396310326,0.489015373661176,0.2687917491038533,0.6929979504275368,0.42249369460877356,medium
0.15063652922011622,0.5234036938891193,0.392876217705399,0.5575240484500608,0.26812382122260764,0.3605265130730718,medium
0.07602931604833807,0.5154401935889996,0.1181744997398679,0.853767117251514,0.6574284306654408,0.4129906965434004,medium
0.14482830330747104,0.4322591918647474,0.4344003280463439,0.5879480684120858,0.3010024799108552,0.35780036424118783,medium
0.0,0.5469777271481997,0.8037062692084277,0.24584942079021752,0.2859866108196631,0.32201936159189704,medium
0.8323728737553421,0.13984701458521287,0.8299698056395517,0.47990758185450877,0.3133868846115496,0.5451662849522122,medium
0.3141162886610085,0.12208219693943764,0.7881766806340548,0.1877538991246571,0.31978622204016177,0.322396541212254,medium
0.606194816685664,0.1250380529568309,0.7440366636298573,0.5162119500969243,0.26696616047469385,0.46175886923213294,medium
0.4161520213221343,0.5775688150133196,0.48624860328364733,0.5046662595147314,0.3644288230053164,0.46889423524559504,medium
0.0,0.11604796225498554,0.2083584029947594,0.5340261109825585,0.6694296540481813,0.2616830232039499,low
0.2802875483647972,0.12184188543807428,0.7774032946589807,0.12878272906522634,0.362271794397247,0.30516245076853343,low
0.613478739834583,0.47590404804039493,0.4445043458629351,0.17547945031741388,0.2916071792306557,0.4247370503859753,medium
0.17274813076869724,0.05744168033613953,0.5505146732953183,0.28972778160260815,0.2771005185116916,0.2454006103894102,low
0.9122838709084946,0.4720033406429321,0.4738659477408916,0.26884872864029263,0.5979593204286308,0.5826293653546217,medium
0.361301291384027,0.4640133187897901,0.197366338377655,0.1784455440306681,0.6369605003899718,0.36203118579444377,medium
0.0,0.11572990562071023,0.27350883774199775,0.2283756420804759,0.24503150988883418,0.146602161684862,low
0.08792645394538363,0.12735136275722111,0.8673438585096609,0.21605668199291195,0.7558720711833024,0.33854193458758614,low
0.0,0.07538323813963153,0.11617060808701271,0.2452110450309153,0.20431430434722542,0.1121915934992451,low
0.026916955027758795,0.1501861816456445,0.231837569530934,0.12768746815093335,0.3133091882713567,0.14542183013798682,low
0.7794807839034387,0.0,0.4899228130559714,0.5171486987757445,0.7173024825625746,0.5183577692689624,medium
0.0,0.0511621724308243,0.24369322123885034,0.25976699343556703,0.28177671255560377,0.14100632324244639,low
0.0,0.08908919635109652,0.7763044755644168,0.1479022530095547,0.3429029019648177,0.21527939650151542,low
0.1742922627295969,0.4165943419145708,0.49102561628085006,0.20701223597226348,0.34521718280471586,0.3024454142590808,medium
0.9302191626675057,0.5242896087467013,0.8586672190040431,0.17232444242947018,0.23700002259390995,0.582738645275179,medium
0.12693320724519963,0.9027627354574295,0.22193008809485432,0.15671830122945604,0.18731483217410555,0.31136290755128093,medium
0.683872357379503,0.1416782572974889,0.46384542166261417,0.2303394727236848,0.27625209924471705,0.39057988135418537,medium
0.5816406647582093,0.5088750542111531,0.1689783333126422,0.5180404957801729,0.6367328563156832,0.5007319878699767,medium
0.06751570811142736,0.059855027182813166,0.1763028700661909,0.19801542082459025,0.28642552010180866,0.14123806056010882,low
0.27463347559627554,0.049186821299860864,0.19013918484420028,0.235746702561576,0.7291729603920292,0.27727356923660446,low
0.13237197603246492,0.8486641224568406,0.5379495860803584,0.2619019383006214,0.561397981242238,0.42672694005962136,medium
0.18418863787406195,0.14827760252487476,0.5166381799390585,0.13056761440897457,0.20601192175241043,0.2194231500027088,low
0.024145074028465857,0.1269902689179061,0.20013274295800418,0.22069558455524024,0.6164638694909357,0.19927018477051,low
0.8211167742375293,0.055945471691273424,0.8054160729833724,0.3240390666717929,0.3637431104068025,0.4977058174523983,medium
0.15082347634267088,0.0839994344498994,0.4746759847787034,0.26447506974655793,0.7027511712869965,0.29155601715194773,medium
0.8297542438353832,0.8994360139846578,0.4869073442007588,0.496369491606223,0.3100192893363654,0.6476263692993598,medium
0.15422747146105825,0.8872591329567117,0.17413222982554763,0.21924812482231823,0.33904467680911765,0.3445462289893233,medium
0.013236327507234556,0.4176055516831091,0.584576738132276,0.19966924979727058,0.7057100478166083,0.320968876440579,medium
0.00307536453549905,0.5113994882849192,0.8424232175179583,0.12481991500291102,0.34901051359719004,0.30688154968548803,medium
0.9186456650390766,0.09101628924863774,0.22562163878296387,0.17604635779498337,0.6848539997286026,0.46557757469718214,medium
0.4276815610202997,0.14812674483404387,0.49313203116450455,0.20284921679158957,0.2314925903912053,0.3071933538645731,medium
0.25419660495116747,0.5133388704009414,0.4827105599631574,0.16072269066163286,0.33581439410695046,0.3338500368083813,medium
0.0,0.0865448280869186,0.22082159922462047,0.11061881353460967,0.2421972214653172,0.1088855514277963,low
0.012670427507726588,0.09152919245232094,0.5012463294513235,0.2871572522412752,0.30623154040622325,0.20066009766966922,low
0.19158657973471813,0.15274826972314648,0.816393329812506,0.4666570335717508,0.2893800391789062,0.3472230399281067,medium
0.768155922731209,0.009875433687324395,0.21446588724319746,0.17675697427254916,0.2917230323093525,0.34370159634421993,medium
0.22812810569953101,0.9207972998033098,0.18086812164327473,0.2053580112961307,0.27380710034362016,0.3618707772277816,medium
0.9566953165253425,0.06328158777984788,0.5117331127357405,0.22466828771964856,0.2983514746980797,0.46611125817257504,medium
0.10882970479722759,0.5587195077470333,0.20493754514240275,0.13754895808904996,0.2848135820071942,0.24536527367882446,low
0.16033573045327215,0.14331128239825575,0.47280124804789153,0.7566746525154633,0.6863969851268945,0.4019776410949433,medium
0.12423248002154824,0.5494930603725556,0.8222480473304672,0.1666591121894851,0.37608873592839476,0.3602506960077019,medium
0.7999737958065297,0.025874218369607613,0.19824194255987068,0.42435597834410066,0.33654416709844465,0.4102560945334478,medium
0.19361498972860502,0.16614894494301596,0.11860414178521658,0.14910140136516675,0.34522898025079823,0.19070953448562028,low
0.07733534367519618,0.09031970983635754,0.1373149397745692,0.1744283035368898,0.6622783203666427,0.1960891947983901,low
0.6452980175994151,0.0589792203039598,0.7974913525909293,0.4851753237554392,0.3659244931862109,0.47693269095827534,medium
0.7027085155944581,0.49529190763115566,0.20364042865002493,0.7410017559990952,0.3633685093433026,0.5431226281033867,medium
0.15951939715492194,0.06501161093599486,0.8073058286976725,0.27207547887485717,0.2680901289796242,0.27658263076024153,low
0.0,0.10381277867019158,0.18528137401762415,0.3164731710595644,0.255225466699151,0.15013321605346747,low
0.023113587179965943,0.8805879856372936,0.23048781668779839,0.5589083737303744,0.35030155931602824,0.38195175442809737,medium
0.4472476794498127,0.05817166229024058,0.5734963224074767,0.19222007440975425,0.22672220691667927,0.3042854305735662,medium
0.0,0.09352218581152083,0.2768359345238262,0.174156680674734,0.2659845210958827,0.1349588416402073,low
0.0,0.241355935685727,0.23128030212832365,0.2924944500923329,0.2586319647941238,0.1802569171939791,low
0.8662219556635744,0.18666878096192857,0.8677140087735504,0.6852294790361306,0.24703465954780904,0.601458538946888,medium
1.0,0.12483335652689719,0.4085080396198847,0.18133525405082174,0.3739040096037345,0.4785955294990867,medium
0.44770740597364816,0.08142081618462628,0.21661261693580805,0.18478495393019248,0.41223093627394314,0.2818799087965209,low
0.02901288780667099,0.11985375263918574,0.5851164844465487,0.9009849292951044,0.6598894172681408,0.3996224879860627,medium
0.011807888525568896,0.0369055402910195,0.21861783145862257,0.1585789808910933,0.3491335947227666,0.1278019847213016,low
0.7936812281800353,0.5175627598877435,0.5098548481021832,0.20780136746913894,0.7128040244447337,0.5665760248074246,medium
0.06504446149463865,0.1029572008451428,0.46416696544021174,0.18643745155428285,0.5627412842245261,0.2314285063779874,low
1.0,0.5174240980270509,0.8764680629798597,0.14596778378139325,0.24426272591931197,0.6007879946965646,medium
0.0,0.06181098611441738,0.19932606695457075,0.19983872303367112,0.3214138290725705,0.1304409262336889,low
0.0,0.5476108946741802,0.875847227587005,0.8036355266617039,0.38249949781495446,0.45900129307747073,medium
0.45069472732042964,0.06806114974638386,0.7614281971197241,0.28477196383932185,0.27658804351586186,0.3614774770086079,medium
0.21795415306778637,0.4938338087581984,0.753824419274097,0.17648588668184134,0.36542418071403543,0.3673374750065637,medium
0.3662305437185933,0.42630928208437113,0.7919866233208473,0.242650208308421,0.3418853735266448,0.4137418607212602,medium
0.0,0.11202244456582053,0.12546761159929362,0.16093024475343026,0.6847917032175485,0.17612943508637646,low
0.8483480013061627,0.8690012529299603,0.21210108960882157,0.18060715035367536,0.3138818099137077,0.5433235159769554,medium
0.35100331621508757,0.13918287259999096,0.7884558045763584,0.5598601838677961,0.3059633533752095,0.4092724798508189,medium
0.0,0.11378648255947038,0.5323278365290235,0.4368304046692069,0.28723672265692435,0.23305806132362764,low
0.04321440639216667,0.06351625012868367,0.5061279618364177,0.21142855452144033,0.2670954797337552,0.18393679908320076,low
0.3298242137496673,0.17757052179600358,0.8189955643383284,0.25153209548053035,0.3194397103634249,0.35553307878546997,low
0.0,0.0745262392553442,0.19328745270094494,0.16330238967263577,0.31509840866504624,0.12382360499049466,low
0.20990476388710178,0.8837633982338797,0.5407472816215836,0.22954493288046268,0.5920052283573123,0.45554597188583346,medium
0.26062145186514707,0.4976915612101966,0.7813931874096081,0.5394275448083071,0.26628615880308454,0.44276215869514873,medium
0.02235775507259854,0.1062219050110359,0.8667314340138621,0.16673462997159333,0.6351883554660961,0.2865866019402991,low
0.0,0.4884586505202186,0.707755533195422,0.06779603279539456,0.31634739045575816,0.26486637521079964,medium
0.16009306547420424,0.06635059550352261,0.17980624546844348,0.17906049827885465,0.2631664714324898,0.1635560459338767,low
0.005444562882219787,0.8692512475695665,0.4842588857071582,0.8263487545557894,0.34131324207912095,0.464589188457679,medium
0.0,0.0890037984687986,0.17393608327319798,0.27565219569421306,0.5952773238453435,0.18831320990038355,low
0.39223041192844676,0.1742751012248187,0.15682499686581475,0.2609074338472589,0.34962180429152756,0.2806726507665509,low
0.23790623028291055,0.05240055268509358,0.7436581192625679,0.23119130585197611,0.7043601267752019,0.3452929776979526,medium
0.0,0.13008136352157226,0.1806278370284275,0.21787432615601587,0.19492275505540113,0.12592372674809194,low
0.0,0.04809063516518759,0.20011978289280308,0.19138534964366966,0.3612739868371183,0.13210426242125967,low
0.37775376892393586,0.055159144790815934,0.5048963442659749,0.5121599736176479,0.7030026741028154,0.40797480711419204,medium
0.0,0.8625191917784303,0.5334795874690033,0.48029974063175274,0.2971034633854608,0.3931512441102062,medium
0.0,0.4660679921268124,0.2420635256155072,0.09535001533686066,0.6126981736004525,0.24049785637512855,low
0.17708753073162248,0.1308857792042431,0.31903113881551504,0.23735915132084892,0.28875976310266316,0.21794388061223188,low
0.016561981941099743,0.4161484594135222,0.48847995932678273,0.23021078072674814,0.34430901499556077,0.25915878875873555,low
0.059319789862763,0.44515162644161393,0.8117472538346713,0.1864090934552003,0.2978099384922723,0.3105416597872333,medium
0.1695600399771813,0.5979468214593655,0.19382225477976958,0.13090717949336061,0.3629954645451773,0.28016147008244163,low
0.1189645259182664,0.024772676706436708,0.11725868002589661,0.2569787661104776,0.5774988148065454,0.19625327056372907,low
0.0,0.05248566910144816,0.7779231877073729,0.09321529268106828,0.5430998501765155,0.22729364803908653,low
0.838810537446395,0.47064450893434157,0.11668854659939834,0.5262175496747002,0.29517385460303114,0.5127949331360913,medium
0.13173423747457114,0.0,0.43340683822745635,0.5017402581099444,0.3464387360194494,0.2568451590013961,medium
0.19265054073257967,0.010788053806444015,0.23537820433270867,0.15138420394024943,0.3125511047645566,0.1724190101337024,low
0.0,0.4664215211542494,0.6670954454965663,0.20338669581823174,0.6033864002078657,0.32453392025016103,medium
0.0,0.8592149619431767,0.5423653146695941,0.5615913278012102,0.22058947790808225,0.39860447683552885,medium
0.0667794226856468,0.1401368563611863,0.5261291670795767,0.1368079921845055,0.6099709121848033,0.24583780840448938,low
0.19380102833995505,0.0593572149835261,0.2173569269717303,0.3379861616691853,0.6968714477553165,0.27474324004158585,medium
0.5250310449210409,0.06362783237162509,0.6270419649117212,0.09789609032627156,0.2895676182050967,0.3273055354834143,medium
0.23833266937006722,0.19860633395213861,0.13665054692329892,0.5105754129292648,0.3703273154190678,0.28938282953865585,low
0.0345001668703036,0.13334854729536966,0.4949767735053095,0.18074032323477185,0.3213492980736327,0.1956167349039607,low
0.9761314342404065,0.08933345262134838,0.24545314447168715,0.8599902329558538,0.6051138245115765,0.6102892127350519,medium
0.599345358009294,0.545514846527799,0.24281463183879773,0.21997965115165116,0.6081745899494618,0.46055089020691714,medium
0.4194509706413671,0.05044535141073801,0.8429043686330998,0.49665563502616306,0.2513180322672406,0.3993888486148414,medium
0.829929760954053,0.12595905925060696,0.467204815199698,0.22299499876438267,0.6460058046402197,0.48575133286520145,medium
0.017293298413005056,0.8548889243744008,0.5101911813559878,0.8533970087702724,0.6485488008385891,0.5206561734820228,medium
0.0,0.04272917713647966,0.5520954201815572,0.24760978461208874,0.31979839245715486,0.18885186424552047,low
0.19649967524159356,0.10958352325686002,0.7766288088990614,0.14218279962444497,0.2408311845304419,0.26192216616316455,low
0.2648194809029209,0.08029076707496798,0.5072367121884162,0.20192459543245928,0.3997839366615842,0.2719420140998618,low
0.3393476899928894,0.034892702596897,0.5388748250412536,0.19724482567988066,0.2959549172619641,0.273456273998705,medium
0.7482275673947449,0.751739883984483,0.563969553983549,0.2472225947572759,0.32980288683089687,0.5583266320889421,medium
0.1723454052599091,0.11998966632486309,0.20884625190993128,0.22535790770469868,0.3534634541730013,0.20511959229632498,low
0.046907289130589155,0.5600840497790119,0.8980256980909003,0.4816446065300898,0.2713090330307971,0.39781812766925173,medium
0.8697321714455548,0.06954154669479623,0.26917680741452366,0.17795792474033145,0.3069451638871763,0.39683784141594697,medium
0.08645678845965293,0.16350512209336326,0.3378128290225806,0.2397004102513816,0.5966624560656951,0.24674943577008623,low
0.022080135001891547,0.6133080229263511,0.7838771458159944,0.15328757749634436,0.6036194829843303,0.3680676549051553,medium
0.010473199687437042,0.05653703264503544,0.28142450631503063,0.10654500159440067,0.327347105793243,0.1270741085703594,low
0.41901063046303055,0.16755294226223494,0.7601574921473028,0.1620441901682165,0.2267608274578944,0.339660363565779,medium
0.8279760410351821,0.16310207634513407,0.46779538201820414,0.12659164316348775,0.321775162416044,0.4247671378774162,medium
0.5401151471759645,0.03352433951714005,0.45171664013685786,0.16738867904080496,0.2031517960270453,0.30044741328896385,medium
0.6749715327422983,0.09022680695276185,0.650936695006174,0.5203932516221804,0.5816420821286187,0.5095022881078969,medium
0.40905677183662603,0.536036319984863,0.40063921921169543,0.21952499330618608,0.2501354755062299,0.3714454984168864,medium
0.6262613416804061,0.08659334092827074,0.7309489560020228,0.9262955393132905,0.3466154353839419,0.5520908372603287,medium
0.5138450306538943,0.0755979602180433,0.7522328852137133,0.2396497385882305,0.2509837975258959,0.3676855513683644,medium
0.10291027925359,0.6085747353754217,0.5026042826206941,0.2920458623611049,0.7348118784162525,0.3966096274789243,medium
0.055910382905815154,0.09855639382536259,0.19961995196485494,0.13364646704221578,0.3058314415248209,0.1390313960687116,low
0.5731436964823825,0.5367805123211435,0.23816986424336367,0.2214562361583885,0.43686616848649995,0.4248458635501007,medium
0.434162633379873,0.41730323785323836,0.8030873496982025,0.17376180855446882,0.22765138205478994,0.40307260905845216,medium
0.06527646230617551,0.4683134608042765,0.24146904367695932,0.11106460641847558,0.22019745257893264,0.20470852657478686,low
0.2214481380879533,0.17510412848580606,0.5334707320849685,0.21580522850383432,0.29969654720847716,0.26959140471833093,low
0.7256205298854641,0.4521978765860146,0.44141853503093886,0.2102918562784217,0.3986297736767663,0.4761913518446823,medium
0.21995569310171695,0.8964929765717865,0.19966969946295662,0.3121304656781137,0.25395829693378985,0.3757555958400071,medium
0.03457885334249097,0.07057339403208919,0.5549745668505968,0.17490449230770952,0.7022763315255814,0.24805686802713375,low
0.2325243868373767,0.05723719795490856,0.7646612895348689,0.22225437001598206,0.7510975967678792,0.3530194625908033,medium
0.28677646379876154,0.12422470671772838,0.7913057243971205,0.1659231983906852,0.6373777953967158,0.3583650481303866,medium
0.6017971976901577,0.0,0.4422007474277759,0.0903203200700893,0.33824509950402887,0.31567010036083587,medium
0.018389371329773512,0.04316674077758314,0.736864324362364,0.22603063177226831,0.6150950635825767,0.26215019410064344,low
0.1842414034886288,0.08219972535059111,0.4718452460535882,0.16141611391991406,0.5306974907331037,0.25437699941869346,low
0.03337487627757146,0.0894369565855519,0.4255306377121973,0.17281667191958727,0.6674507520821589,0.22641039705345267,low
0.0,0.8451967754020947,0.3959422378986826,0.20648508691281697,0.24866156478574705,0.3070269428656468,medium
0.2975773325870033,0.1501699374768025,0.5144775082539625,0.42199319249406286,0.2968161116822425,0.3253998687607048,medium
0.817201006631335,0.45420593252554753,0.22743122528589294,0.11774687475763534,0.2625174218862126,0.43304316052185293,medium
0.0,0.13828245926890687,0.414589925696971,0.09483103528690753,0.6905309973911945,0.2123908373743877,low
0.3603605101007321,0.09935337172490122,0.41008331539531073,0.18174354368322826,0.3799286512769913,0.2828293311126909,medium
0.012178966886904619,0.4917466287942406,0.9154501697540145,0.8452319503412007,0.2481374044278426,0.44558754202043815,medium
0.0,0.10761217462382307,0.49134283120498584,0.203443924710713,0.31292465650270657,0.18285134302306108,low
0.0,0.07117978303312912,0.48535191309607223,0.1450793664336191,0.6103553198310807,0.20760791483242258,low
0.18335465194314732,0.5114671192794351,0.8138452418848198,0.8607497997968198,0.306924779761308,0.4975652826451143,medium
0.04867373635899099,0.059429981627901966,0.1262424467966468,0.19610906909147194,0.30641006363316586,0.13060780761604399,low
0.8150801094632896,0.10493026991913057,0.4624947428733599,0.1572789578458601,0.3730358495941704,0.4222954672621145,medium
0.04323358108426535,0.14337556550959238,0.44706790340121727,0.472379743995193,0.33059744546283404,0.25277093855584437,low
0.01675812991863838,0.13572064502198064,0.20248414168582435,0.2518471196201594,0.713858082869218,0.21999232558727588,low
0.38113941194257756,0.07665003882339967,0.6829288696763829,0.4387628804212727,0.2871206506039646,0.36293183547375985,medium
0.3347490378363368,0.16439477515537415,0.25165401833394235,0.13919470860865804,0.6768788290599258,0.3004225352127877,medium
0.020777893632649192,0.08897945278138891,0.5798377009034452,0.1487955798770351,0.595532523467801,0.23009390827716647,low
0.0,0.12411069248579054,0.2560549207078632,0.14225926002524528,0.3676377969242557,0.146827898147025,low
0.22223055325765462,0.8994164562170698,0.528824191201514,0.8430515994393089,0.33221812948976787,0.5443191252122643,medium
0.5910997786093077,0.5441428720250365,0.23536162558673673,0.16322538922000787,0.3279815807779564,0.40330506678650513,medium
0.028519508370043536,0.048235497387789844,0.8656588374626111,0.1374603154566108,0.380721902364445,0.23265212605395158,low
0.0,0.09267363865530545,0.48720013690019925,0.48165535021382444,0.3226022541783139,0.23633615643560296,low
1.0,0.07026585929224481,0.1401077228364952,0.1539301765851616,0.33369496670839127,0.41590961060721426,medium
0.6152833710375306,0.07703938798573484,0.5344410167883455,0.2148758607457713,0.5763649323732458,0.40958895343179913,medium
0.16767663944749933,0.4732452764425802,0.8300367724367799,0.13473589535972944,0.82007770915468,0.4194163984334307,medium
0.24540838875670892,0.13883150332031619,0.1719582299592563,0.2170599278641749,0.2622524925647887,0.20993241124251766,low
0.9894760247748606,0.4354140931536069,0.4940585429346105,0.4136741986773184,0.33363442029173657,0.5908144102825953,medium
0.0,0.014981134267292875,0.8586443369614171,0.2868464813499358,0.2782991671429452,0.23090704873910006,low
0.19381357764987464,0.1712102675671171,0.2993811260272289,0.18650307068736127,0.33168597996971294,0.22434680684539934,low
0.08593326246483247,0.11338294402838928,0.10561240990616871,0.3211815773681512,0.3337806158968794,0.17860183688921508,low
0.17093329603683863,0.1119069212442796,0.4899983074546597,0.17040215212765591,0.24994156857030808,0.21873278488918388,low
0.05126334406984872,0.5539720183274899,0.5032066683036243,0.18278447088376235,0.22937339611255775,0.2726173107256324,low
0.4078319249730196,0.05967946907604252,0.24703760684786158,0.2718606199946687,0.2961298238378834,0.27013270990890986,low
0.39256789679847776,0.119020439183735,0.7900962970664858,0.7983320127434804,0.32255692764950855,0.4681388431323856,medium
0.1366284560158345,0.07873314904392331,0.5183317737164596,0.15375180504274513,0.25964169412788596,0.20418154779873587,low
0.03624608246664185,0.42301449426220405,0.15651055024180757,0.14395024880367435,0.3670705920549785,0.20280394469768614,low
0.0,0.08328160513700425,0.20741858924600698,0.4982047173869719,0.3092707500776166,0.1938006654033388,low
0.22746921235202608,0.049749895567396375,0.4849106697803585,0.18921770970344448,0.5775928657050368,0.2754098150825853,low
0.09813325509416958,0.8839670079107671,0.45960524530449315,0.48828237023671067,0.6546460252885608,0.4710275427467045,medium
0.1512454179342295,0.16457386447590394,0.5909654404855554,0.21375433609393973,0.3227718087168126,0.2580998528745928,low
0.0,0.06758455589020684,0.15374819865664513,0.4467989546716663,0.29997216750333394,0.1709347570363715,low
0.0,0.028583461820238756,0.5846563734597293,0.3056450582589809,0.32343186414054304,0.20305893965588476,low
0.3409285673285446,0.6144210812782824,0.21960673827553565,0.20770382711173244,0.29027203169824045,0.3431853673726327,medium
0.03605983935831997,0.1222804806468468,0.8511874416699359,0.17806461475918678,0.6973894149021513,0.3031734993745158,low
0.04159103966948127,0.8390313413623772,0.4932765602287199,0.19092965908426096,0.33413041452764075,0.34258055820362615,medium
0.7739471685516078,0.15700828157656543,0.2720022805109533,0.8385593162860896,0.3156658174752405,0.5194478848359424,medium
0.5279294375893577,0.08356288020463831,0.7957184729979919,0.1781797135022166,0.3153072436333677,0.3773812075128823,medium
0.21406314136203553,0.16994760293075628,0.406854780377973,0.2710511559382875,0.31725143477666085,0.2610346264556145,low
0.0211698224909931,0.1272508003386712,0.16026193114948165,0.5523646520536891,0.31086362053522915,0.2129428699784766,low
0.14702798120163577,0.08728702715326486,0.20460012804774227,0.4607550516767028,0.36022513065139367,0.23844059893135466,low
0.0,0.08618671435288561,0.4441311547256421,0.23023373581687773,0.34139223120566,0.18111259792364798,low
0.39600954270825633,0.03517434442259215,0.18245821681131674,0.22860691970212665,0.605385955902298,0.28973574154446285,medium
0.0,0.05574358052829187,0.8329128681302531,0.2343533411207063,0.2884168567039705,0.22621884305493317,low
0.7687121951482878,0.5089090762193569,0.5420541399538136,0.5603139730029102,0.6116090351980453,0.6175077446617186,medium
0.0,0.007175944974246312,0.8402405630600298,0.22153557344532707,0.2736700447183172,0.21282889485066672,low
0.5928733191559822,0.12714604955447992,0.13874905361563195,0.49544005759487464,0.273200914825987,0.3641717124429084,medium
0.0146501089188736,0.5835077182539143,0.2130461240786549,0.7840558222680142,0.6395333044192274,0.40579465505473017,medium
0.012370299303582272,0.047210849877456044,0.5166969641396346,0.1642387935089604,0.3359671923400064,0.1739006419403041,low
0.0,0.48616499484196213,0.7959106273956968,0.16838271227598273,0.26347474612780636,0.28981734745211446,medium
0.8379796971853798,0.17140769577264933,0.15103036717504117,0.481928496648264,0.34708639196339586,0.4567786615105622,medium
0.021364285875255563,0.14664319238417264,0.5192578225395783,0.24718727854191197,0.7124067407351088,0.26992506443899666,low
0.4118193471617183,0.4878067469416751,0.8553704585510333,0.3317054977651283,0.287022493602321,0.45880719591287933,medium
0.40276112487142157,0.036340677115895226,0.2296682758334624,0.20180054696679117,0.34843888179147425,0.25517265592170424,low
0.0,0.08370227172839308,0.4887365433953793,0.16717333648762517,0.33966424450847593,0.17443523982878192,low
0.49613620764004945,0.4313987201858659,0.22449515327221253,0.14320951461581366,0.5251766320254335,0.37621327704699764,medium
0.23491155187663004,0.09429523407442059,0.3681621948641459,0.1795598063115093,0.30278811861862726,0.22588702066259098,low
0.031927066883274256,0.09928272812511958,0.5140487085087265,0.11988917765985348,0.3260058780504706,0.17942068920585647,low
0.0,0.11313108209148015,0.20950276820162148,0.20057864779123769,0.3493163290344523,0.14656481056195464,low
0.2532464553369741,0.197502424035804,0.555464653393545,0.18689276035526192,0.6556884551390005,0.33452593975918726,low
0.0,0.0,0.24556027285880533,0.4770133847537286,0.5990542533470078,0.2220948558816177,low
0.044794830751339165,0.12723309693392973,0.12638146583981763,0.14565993585548168,0.5612466973386375,0.17116128026005228,low
0.14376226657648541,0.16372924350201906,0.45609662299120735,0.26477846737212135,0.33472552596301525,0.24745354449090712,low
0.0,0.22164885898220996,0.19871970703276934,0.20922429302359277,0.3473024723517239,0.16807795730883454,low
0.0,0.13970999845625187,0.2035760796154109,0.808031873331456,0.6025690260292986,0.310470140204248,medium
0.21080179695270154,0.8103663614678787,0.2066299299993606,0.18911421483056104,0.2701425336429506,0.3346525238918451,medium
0.0,0.45154594654240393,0.13814258771730992,0.5206670966714286,0.5376040659681594,0.29580460669558695,medium
0.20234984632175884,0.11846344758825901,0.1900299946847683,0.17946372047714018,0.333972880277731,0.19889081875398235,low
0.12720710270187702,0.6089892337729418,0.24188552358365648,0.2065029965251884,0.6057346287307339,0.32840359971734767,medium
0.0,0.13360792446693565,0.15594266537241594,0.8156287064657608,0.28186617448931683,0.2555186521657992,low
0.6049499650343214,0.9238909555787629,0.7759598967967793,0.1266660336783691,0.31203111432690783,0.5547950390302759,medium
0.0,0.145525930525472,0.7615240925730576,0.26471554540521547,0.2740139186098959,0.23737899686358055,low
0.5462319299068545,0.10921633474569652,0.5364463704127522,0.20997888327123662,0.3140774234008802,0.35528719164748784,medium
0.019127641851268987,0.8535949856085534,0.20620548520403828,0.5116146196501181,0.37157199020716153,0.365446834918795,medium
0.19099977452353661,0.24083939857728157,0.26710803368939035,0.21178738615092044,0.2820119822234357,0.2301932916896253,low
0.0,0.1144193481062803,0.5130762324118028,0.1757346649935492,0.35182738015316245,0.1877663445047107,low
0.0,0.9278587503559936,0.4707106483350869,0.17656869687292853,0.3554394240744556,0.3448080003072158,medium
0.03997637855348892,0.1573826222320828,0.8007444387240245,0.10884251457641653,0.3504491840065158,0.23791698433732758,low
0.8532031586961477,0.13728159139244395,0.4685712930987752,0.2003398594111891,0.2748693629749163,0.4350013361806246,medium
0.03701294642882889,0.8265626254268408,0.8326637116241198,0.3605989457873456,0.35464887375990983,0.42663308597909044,medium
0.05846388328244243,0.7550852025371867,0.26552263161293016,0.22284824436005504,0.294015725314467,0.2970566079032907,low
0.049717185625985816,0.06466416011301784,0.7619189353370882,0.19244764630036534,0.5629877178963967,0.2650735149554951,low
0.3195343231656169,0.09557645189877813,0.4320678735110267,0.44048107725627567,0.3735259133201415,0.32391087080537107,medium
0.959532399919788,0.5061931409653464,0.46787355027292066,0.19879293047055935,0.25053783178242045,0.5366186415714187,medium
0.622514699455849,0.961782114025064,0.4766398598643202,0.5543433942364022,0.36508626989951537,0.6162384309536233,medium
0.38315465289284556,0.6142282341432969,0.8291631539403219,0.1707225274626088,0.22069244567737378,0.4294148881316891,medium
0.23995839311701006,0.14111549268807055,0.4864790856426523,0.7995588423789182,0.29735799571045785,0.37769794715146726,medium
0.0,0.060525812455769074,0.48089822971300605,0.5297085681503538,0.3231386254690329,0.23865240439853042,low
0.3818268854716994,0.11402337317179272,0.5321671137575658,0.20249875403729492,0.26019776957270874,0.2967072235828685,medium
0.2661774689015649,0.4816955009950622,0.22679509487715163,0.29210891215759544,0.3250674523496787,0.31739350538502553,low
0.018088809833591814,0.8711504397449191,0.5667674015925871,0.21831452862075626,0.2847440122252634,0.35104634869589024,medium
0.0,0.1277363583904809,0.18260244520601704,0.19845757037992395,0.22825737776276617,0.12686775919939844,low
0.5762328145713654,0.6055124825520378,0.18980420471246318,0.1798268541976087,0.30197468242126024,0.4037045447913974,medium
0.04147251293516396,0.8538040068081437,0.5026005405521968,0.23533404850502485,0.7345388099020354,0.4158402675113177,medium
0.0,0.8941970347179218,0.4366806979484735,0.20528028796636105,0.6101551940059775,0.37692084833002426,medium
0.005906646179629916,0.0222213739485643,0.43059830625506235,0.2501057574905273,0.6260994071028712,0.21474207714539734,low
0.24905506877574443,0.09843676620316708,0.5138309637223176,0.5202450668902843,0.7574046551916375,0.3891382300885069,medium
0.20632451003367164,0.09771565116217289,0.18370275573898512,0.2015742638279516,0.7403685087245911,0.2603660256776628,low
0.781507107824988,0.05754071294638992,0.4929076788247715,0.10794902688440464,0.7127812574279989,0.4484034207515709,medium
0.9761284463131097,0.8816301738543321,0.5484882434765248,0.12073855687082845,0.7624607253725931,0.6899546253663327,high
0.39223830975133184,0.12315861098092824,0.1265004694996657,0.21989617314344348,0.335801483320716,0.25562774267333116,low
0.5051964184496957,0.5775691220124294,0.26320211311749253,0.7862678728743313,0.3457246711863139,0.5156653421578318,medium
0.15126101072553305,0.050182045910441044,0.20895409604932996,0.18170939846559786,0.21197537151781232,0.15489601222793903,low
0.0,0.19255552616138905,0.5187752332535349,0.5579395574220964,0.6054838802198768,0.31873788373770884,low
0.2038014450002464,0.06925944874762885,0.20115417006678935,0.27200870815708306,0.7639801491315911,0.27416421276077335,low
0.0,0.5725789930979192,0.8218380339935675,0.7816003436116209,0.5305466300585854,0.47369356694973097,medium
0.0059324500663804555,0.09698908313705919,0.269343000511763,0.1778702974490757,0.29217181934506486,0.1409788341156653,low
1.0,0.13569205401527198,0.7881026750964438,0.5347166776530344,0.2567500223203696,0.5908096509461833,medium
0.7126253225956088,0.10455970022319487,0.44928720532902056,0.15518056210027142,0.5120002220789598,0.40992876335457296,medium
0.4096566166913204,0.12132154276422176,0.24227564115116432,0.1171579376283493,0.3411867894287853,0.2581122456729028,low
0.0,0.43409866838194194,0.5424089564906621,0.20544207207096854,0.7141235957232458,0.31638803092266826,medium
0.0,0.1527510042117876,0.24086515686198856,0.15495370620596605,0.6026045397269669,0.18806139657189405,low
0.005692230112012276,0.8908747924391069,0.24250432709742697,0.17399344048016355,0.7805282653669527,0.36813620448711476,medium
0.7870194775476195,0.06914197320328268,0.21803949421136676,0.13222181820246565,0.327584520294514,0.35822220372131763,medium
0.0,0.5284966046843792,0.15363149551554536,0.4789825919349976,0.3049574924827579,0.2702841875236208,low
0.6796615206640441,0.1419485151699364,0.46299015876057714,0.19223327917102698,0.25516503722764167,0.37845809446563866,medium
0.17575642956161935,0.5080868387539047,0.3011443958973424,0.24986405001221818,0.6534545764238953,0.34750695246989605,medium
0.3915294528132959,0.45114157004231753,0.27993364966831036,0.8418898462495876,0.7615336100680772,0.532285208062828,medium
0.052813063141570055,0.20053127759226894,0.1515109580864169,0.7513304238464842,0.27997154092777843,0.2709386340823509,low
0.14634092233142137,0.4722959042893511,0.919897745853425,0.34501539562601197,0.23707163242185492,0.3809099434237911,medium
0.1079608075874998,0.16188092971576162,0.46634376964057367,0.14703080282303493,0.18104615580555894,0.19127907760092913,low
0.02968457026240494,0.11484901168607413,0.1550936217136723,0.4171397392636718,0.23382968876690807,0.1736416178407577,low
0.9329729925504904,0.12109453506146897,0.24960996196439064,0.18661723281206483,0.37354460006570644,0.43490743564436846,medium
0.0,0.5093086149138891,0.846231629768639,0.18108977058636969,0.36542665545146813,0.3198284198830678,medium
0.043963256546273616,0.074546200092676,0.917042726839036,0.17469897033904078,0.7124959231272229,0.3074688085451643,low
0.0,0.2293657783942733,0.21927555001023374,0.1690874948614448,0.3053580019061982,0.15838568743860842,low
0.12904292650061025,0.048653951604994444,0.23370792115933406,0.7815980742546342,0.3369996250586786,0.29036941505481073,medium
0.18055557519059484,0.09194916225349262,0.5085864897670072,0.28702717635743663,0.3459597826745025,0.2581438811455907,low
0.020626231947744985,0.0,0.20693922313868235,0.465478602736596,0.31630093537339404,0.17776961390845417,low
0.778029535726982,0.4998606520435124,0.7795678360583314,0.27351631318922176,0.2942706857588195,0.5491600320372141,medium
0.03716602971693913,0.04325921949982936,0.5090745606119498,0.1495880336015073,0.7013532782573373,0.23128343536574214,low
0.4680555623539587,0.152364966385986,0.1536761282216968,0.20001768810078427,0.29145653870075955,0.2776630996419101,low
0.18572181221662817,0.1920207282771562,0.21983371595614465,0.5865181541660267,0.6187407033974162,0.3372104830566591,medium
0.21863186501571824,0.1381800980381641,0.2184414845483762,0.4669980513682762,0.28321665864188433,0.2618739108645426,low
0.35369094796023226,0.1269960866158878,0.8214648102865725,0.5270551443173795,0.34345653000037435,0.4116557316177652,medium
0.0,0.09805372455697921,0.8117669862524289,0.15873612696003114,0.5972999931648677,0.2627180172159965,low
0.22408337359963665,0.0526993374990338,0.25300432484853547,0.22838115284960692,0.306127107500112,0.20731082500191625,low
0.7875869170511685,0.08402941373070515,0.20228525968204455,0.8530333861442637,0.2883942228104066,0.497290557464212,medium
0.0,0.11115427162628914,0.22557124148850513,0.5097175054848808,0.5634948592165087,0.24253427052798607,low
0.13226441550438378,0.5262555571654033,0.5530365434754263,0.1792458890722705,0.5239912495930082,0.3423337828591151,medium
0.019064220041253296,0.945234953588672,0.49941657403460804,0.16121869375680903,0.22741078378053692,0.336034099153744,medium
0.9741567759386762,0.16583249503846698,0.7630272892592829,0.2325534842141288,0.6249787101319157,0.5801251285408018,medium
0.09237344532106743,0.5401652458918663,0.4702347488297875,0.22928931173670214,0.3287934542821547,0.30145717558882523,low
0.3760662395370826,0.4883776419364806,0.16816879277640456,0.16930287346937556,0.3519324624571142,0.3223711632273238,medium
0.33213478964235393,0.08054836502697042,0.23391755047128676,0.49921945859428263,0.655494604216561,0.349005824820134,medium
0.07030483441519834,0.5533437578411231,0.21581072667830095,0.22312899007601666,0.3691747901343564,0.26413382742988606,low
0.026822648425128184,0.5321839787395716,0.7253171090033667,0.18889535719351042,0.417271172179224,0.32365090389154344,medium
0.0,0.4948797104494932,0.7558945590489261,0.11899812410469414,0.3700958331081596,0.2916741257344003,medium
0.16313340902050733,0.4696363701081824,0.25324305155672927,0.1842928170074837,0.23644137800073406,0.2531785245629049,low
0.0,0.09580387464306622,0.554383742110687,0.18768481489865838,0.28789714413544026,0.18303987084526402,low
0.014081339652884266,0.0766093216026126,0.1582710807700687,0.17900466363926948,0.6859120518205952,0.1819746688328413,low
0.4370762390714539,0.16093139849289442,0.19830571304424813,0.28551657618519166,0.7447762568692553,0.3618747621440789,medium
0.0285191470210915,0.008637834083841722,0.8501137158461749,0.8373831397005076,0.6108282769109731,0.3969012377767695,medium
0.0024491153309137603,0.4571710744512582,0.4450509596509014,0.15514156667197943,0.3582506296028637,0.2436925012119864,low
0.2402063560745361,0.9237301479174784,0.45918564212027724,0.14925888820881322,0.30172441135735306,0.4007962220692638,medium
0.0,0.9110748941113627,0.18863391817679043,0.213510346331362,0.3022086013326326,0.2985434260149584,low
0.8243199245307907,0.5719799340701905,0.5524699656883585,0.16832904791442363,0.35880986156630446,0.5320497478443594,medium
0.0,0.10615913937056075,0.47847167132019147,0.1540019479235022,0.3080335091756864,0.17000799453319426,low
0.036462023479670265,0.11538747421742776,0.7775017249094079,0.5278932390383363,0.5435954024332674,0.3377593187964552,medium
0.901943455932556,0.14446001844584735,0.12165263018164041,0.5514018719228353,0.27654195765237477,0.4694846030286056,medium
0.030741792985436913,0.054599007161394486,0.19455550301839766,0.18510689797419647,0.5602828313245058,0.17038946907418479,low
0.0,0.05080744787947561,0.45625525610676343,0.4611375924146969,0.2844039797437352,0.21348789343640928,low
0.0,0.15673150662130053,0.24443606655225703,0.46650435988327904,0.3517572719786197,0.21407617408054744,low
0.15223914013988846,0.020910436414188355,0.7847184002577687,0.20809769148514012,0.6741233834278508,0.3102996351746752,medium
0.9443024777511467,0.10451313569849197,0.22829767598300557,0.23853633312539183,0.5704655017988762,0.47171511375740294,medium
0.6261358669320333,0.9092576553193434,0.527979851069319,0.2044341701640034,0.3927132276361233,0.5486830869820957,medium
0.2182038484759854,0.9272986445252104,0.8046964768275571,0.2681909482471169,0.2763539357378026,0.46671663498206506,medium
0.47431154452048996,0.053853684751388936,0.6512630422018038,0.22272272102480145,0.6479098796582027,0.392484682790386,medium
0.8601678163494288,0.10913602675534487,0.8308614743481642,0.13777773735886528,0.3043271191735273,0.4777113867559244,medium
0.25625303735708543,0.4980502306624892,0.5269535934045525,0.2919604024784954,0.3135530574259099,0.3609540354598919,medium
0.7963230778594017,0.02163894454494346,0.53694602206522,0.17981704405536958,0.3788585979270633,0.41655881407672557,medium
0.0,0.10108593684642388,0.47178183195767043,0.465162311878419,0.23776737815251353,0.21968203126149619,low
0.0,0.46657359362465967,0.1510448929771513,0.2126228856614818,0.6397225638221834,0.2544544143771285,low
0.0,0.1157183502466808,0.20874367800475932,0.21046950801146908,0.3141807639014317,0.14367623793755863,low
0.16274447319602592,0.5298981599836167,0.2819510851526777,0.23598512356217285,0.258144714876388,0.28301436867232554,low
0.03487400245756624,0.1257037867476924,0.2766932814106028,0.43773116365929055,0.26565075579987035,0.20450079640023744,low
0.6858054048805367,0.9351299518371815,0.511369525418492,0.7717141615726434,0.32733379181117933,0.6729159417305768,medium
0.0,0.12109888760785956,0.14437782194730198,0.45221127344679246,0.3341829266723947,0.18644614450388491,low
0.025003788392020488,0.5640257718412205,0.3087121227304677,0.24439122204473782,0.25393064050095104,0.2535809497795106,low
0.12717954345165577,0.5115274406582538,0.785124655842206,0.1988993408923523,0.6336091693873587,0.39304929313005266,medium
0.7596144942972817,0.515709586163442,0.250056203487654,0.25365847569111355,0.27934515289043677,0.4611681641168092,medium
0.0,0.07056018835667921,0.16526444744729513,0.7558809857712931,0.39585025304680405,0.24945543989970936,low
0.2650500659694585,0.052091625997796716,0.44529683862647423,0.14061185138090032,0.6061035736365123,0.27576577710602496,low
0.46071295784088034,0.10435545394784272,0.42186900432794777,0.16470910489740564,0.6729300748403992,0.3562466609965658,medium
0.07558187274960897,0.5801789078714015,0.1391769728520716,0.1936631479037577,0.6973283091256567,0.3029187652765738,low
0.0067255371398707645,0.02895511074506857,0.24380267713718903,0.5565214217612003,0.2817970705165867,0.19795292979128137,low
0.02459396614863098,0.11672400097813901,0.7937187342484605,0.21022730044104235,0.28262127829318545,0.23421945200967248,low
0.0,0.5555659647627227,0.7239725463246653,0.19414986015867428,0.36225027458852144,0.31287658812125746,medium
0.1411994716292021,0.48048784514400505,0.3025509107000117,0.2384862686749004,0.30035131890067857,0.2765899986926452,low
0.16478916985895575,0.0946942052885955,0.530530629660762,0.18380267534233188,0.2689833001933814,0.22506321656199374,low
0.004822607250353046,0.8143924893531962,0.4826436793328594,0.45940610817825506,0.3297265611989629,0.37806203776116953,medium
0.3975085958616764,0.12946896082322018,0.5025413178349228,0.7756351611871541,0.574337688177274,0.46180525406240736,medium
0.8222434684859692,0.12501906712447924,0.18009537511802426,0.25246004182077686,0.34831274647543553,0.4014300805738609,medium
0.03215481761712236,0.6077223684458957,0.5490386762210979,0.21647928713664566,0.5897966755198494,0.34531207916278706,medium
0.21611304335805065,0.20094588588580056,0.5357981679839958,0.2200573420285268,0.29395645682938387,0.2734977523122876,low
0.3733084577638841,0.5625176306757869,0.5102254591351162,0.190984087846414,0.34109429942993635,0.3903908448183633,medium
0.17902040458072754,0.15038927637535698,0.1577218579271751,0.2481454152188712,0.3099583597747012,0.20356509234834536,low
0.0,0.09177678213730206,0.5861954252161792,0.20860859403164397,0.3916052372893003,0.20674717460961115,low
0.08530890319933462,0.5340634033221289,0.5226358305211745,0.2074440092754874,0.3563445837568324,0.3057412156210247,low
0.23396995817540256,0.0,0.1145027251681936,0.17830190544000646,0.6608901199541191,0.22216029530896897,low
1.0,0.14399224633431,0.24052517535826334,0.25006036967088796,0.7315257132532628,0.5246181564927686,medium
0.0,0.053368222583360284,0.5336251958365673,0.18510339338711965,0.3394371774736801,0.1786536791906331,low
0.5115043861123935,0.05533880234750324,0.6833033805857225,0.4411171640082421,0.2240730499202223,0.3888489736807588,medium
0.3842558364407036,0.011928962785506994,0.27186165372088145,0.22787429787647753,0.748430820862045,0.31628127425204694,medium
0.36283798586742644,0.12485491578854702,0.125904797065445,0.2139289275148296,0.38977575102814876,0.2539602466349423,low
0.6092087318432569,0.02990078375733339,0.3577406578143602,0.18302538704491192,0.5356647123602284,0.3593586592396144,medium
0.4230242676501701,0.1818571404236815,0.11491392084551666,0.11765035811785951,0.26679142631924985,0.24406458207807422,low
0.7025153407621708,0.14448295089957963,0.4879758924344149,0.1704637001974933,0.44961816060719906,0.41438304040430796,medium
0.5991508131334657,0.46667931854158734,0.14854513392409624,0.09985361687696599,0.23736946913239637,0.3509390214822243,medium
0.0,0.16156344454130275,0.1760662624192232,0.23582795953533042,0.7246229846307453,0.2145816678728219,low
0.6612692842095996,0.08495842472584468,0.777224600814287,0.13350378136942992,0.7041637942086391,0.4642814857353737,medium
0.6311721886381153,0.04611456323824227,0.2531433911681436,0.5011980633232475,0.3278538361700059,0.385963766004455,medium
0.36960654878811033,0.513216318183652,0.5146361993169059,0.1999196532845342,0.3379523023562924,0.3813974341810501,medium
0.20119575199821504,0.48068196933770446,0.13768278468719614,0.5512585552202858,0.7184800209282145,0.39517125135337416,medium
0.031335774342181724,0.07587120597509238,0.8962084434744131,0.1762465745498225,0.30876688757935744,0.24057058806570306,low
0.0,0.9379402662027121,0.8071029142808931,0.18297751436434626,0.7513785752270044,0.4579557795395962,medium
0.41425520970489155,0.005440241816540306,0.7147483197400252,0.20560499246168581,0.6061969547370168,0.364627400938669,medium
0.0,0.4827488242609182,0.4817488896642889,0.23242179736436147,0.27391844422857586,0.2563842244089857,low
0.991676863541093,0.9652730178883195,0.5444979563590209,0.2478642996387585,0.3317177906665918,0.6715628846215854,medium
0.9123091736101265,0.5210261229416293,0.19621072624495134,0.20064626546481262,0.3125316373367458,0.49433858430158095,medium
0.22801692411175828,0.8615691421161805,0.5160345115803782,0.1270852358567956,0.7539927318685942,0.4566400393454686,medium
1.0,0.544154131158354,0.19252491063023078,0.22930624397429106,0.36102527684605895,0.5377246031479724,medium
0.3650390250458336,0.4674515912512667,0.533525746537306,0.1990522825658989,0.3068831071845464,0.368873810335461,medium
0.053034063459711206,0.06776696937217186,0.5044373690181009,0.19946288202875972,0.33109293611900575,0.19468573508866566,low
0.5021296532357024,0.12664732622988265,0.4705224420492383,0.7578779609785049,0.23916670068228202,0.4339973248221163,medium
0.2964722563024365,0.1447386768308429,0.21217747737276332,0.2510027392234816,0.2549441902591823,0.23815821024638767,low
0.0,0.47629171107569196,0.2149978695417443,0.1965890289680479,0.22766970721750357,0.20097628452263516,low
0.4558290232012471,0.08429937122459022,0.3357572537063575,0.17738637108845487,0.29958606427501894,0.2843873531201896,medium
0.7621708791193794,0.12184336491019931,0.23815417677790623,0.2868076836154106,0.3848443130305635,0.40383124691220623,medium
0.746898754537182,0.13532747840353682,0.5350702017983786,0.17077206256509975,0.2851583164441021,0.408323812291254,medium
0.0,0.5022237293587645,0.773970593459656,0.4323990194279336,0.3378587975629084,0.3536989584107243,medium
0.0647296212698981,0.08684503028092459,0.49110469622943254,0.5202578235813914,0.32457203473167046,0.26319096679759807,low
0.3244505804492233,0.05679629629324653,0.5191394907954785,0.7028433523687045,0.7983710106347819,0.4468896790816963,medium
0.9656975784526063,0.47341649877295666,0.16570229590832103,0.18934278937598428,0.230872815397215,0.4817473978614005,medium
0.22197201348922996,0.13438722946776313,0.21899574370573038,0.1333823595132998,0.24319438323725312,0.1894740408844291,low
0.22926486986609731,0.07538401784479276,0.5297644352452758,0.5517201013879858,0.21074385984135924,0.30527652906938013,medium
0.2153502966065479,0.05304637636107555,0.789635467257944,0.2923404631714807,0.6945308532463976,0.35630740496412683,medium
0.0,0.07525457912178127,0.5183735779891008,0.474664387423474,0.3560286442500531,0.24114412664492413,low
0.0,0.07140400613642572,0.4273672788095091,0.15323728999554714,0.31269501381538706,0.155937603120129,low
0.26373233301474425,0.39736625874525583,0.5243192857056208,0.5939489491344607,0.31892597954808943,0.4038695312684232,medium
0.0,0.10396641720513092,0.7580480180147545,0.20957819354858398,0.7456569452317757,0.2882646666377225,low
0.0,0.033476389193895256,0.1716551540149817,0.7917335844541495,0.6355669511426557,0.28612531050325457,medium
0.0,0.07626003106902407,0.09215849945256059,0.21156785752038149,0.3243285281772028,0.12003863186234562,low
0.23847741190806693,0.43771277806379644,0.23292690338758043,0.8202192444339725,0.27914911567144307,0.3999410309308274,medium
0.0,0.181061068876039,0.7700805811748189,0.2123861637261364,0.28245234324733004,0.23656938518375742,low
0.8343308877485984,0.09683789177893734,0.5156433719701099,0.4820691088048242,0.5867493763165215,0.5314395786843266,medium
0.31984212990346395,0.06882146326844495,0.4818865406345436,0.1886852330648889,0.3063087207661539,0.26568326744781057,medium
0.8800732824789528,0.10767081733632289,0.41377904001186444,0.40864099143590216,0.3099475859850699,0.47584334039767096,medium
1.0,0.9254626075783443,0.8425048572784171,0.12658948161354588,0.5563695305249652,0.7202415760088853,high
0.3302818018516867,0.5954158471483015,0.5347937230896043,0.2395426621948781,0.5591147084969182,0.43016250716212034,medium
0.00694152580949525,0.09693689466100763,0.8509121621910195,0.19117537531712614,0.7479843196736953,0.29953938401818253,low
0.9676018456700408,0.07685967751440083,0.510601284514945,0.5618568206497425,0.31119570367529226,0.5412934015623766,medium
1.0,0.4847153152263485,0.5368286289442288,0.08126360813933316,0.36156403081470995,0.5479546836369772,medium
0.9897281697470739,0.1921756149774364,0.7622252143179191,0.5242894599323809,0.27205669593913756,0.5953537524446441,medium
0.033349350043314324,0.5746775954874069,0.24085288332165988,0.2050304397632955,0.5402098738059927,0.2831058256322827,low
1.0,0.1245718604469321,0.8625147626558997,0.15208626647231613,0.3349652451368849,0.5349536265527672,medium
0.3031660673563111,0.4823894044187102,0.21943167654960896,0.23950622778776837,0.3804864926517282,0.32531667202838965,medium
0.37852406677354733,0.5509720395239226,0.49376833056670205,0.8707856605618954,0.33273414641963744,0.5218841315971787,medium
0.03021185712982268,0.4771321288750723,0.49215990245996705,0.17360882669133276,0.24053249486056305,0.2491156078503073,low
0.028919974849554043,0.08660779603556559,0.7333938510257692,0.27776496831523967,0.31702737794430813,0.23911372967053887,low
0.18790269806642265,0.05364459961518096,0.834164429704319,0.22958664905957915,0.6232634509415003,0.3316312412517517,medium
0.328883204187963,0.10191694969894577,0.19282078148744133,0.5316154073403576,0.311027455441921,0.3009486682036539,medium
0.03656132338695175,0.15437119830131732,0.28167574924063554,0.20228223835996637,0.2891318859778152,0.1679202296311099,low
0.36921537990521414,0.5771744114849346,0.19353579567139154,0.4714465940915161,0.31846582775964716,0.3972890586015102,medium
0.2284168023761753,0.1365225882897006,0.16224495442241066,0.18125661760826262,0.5932006904117006,0.2453977286175619,low
0.0,0.4497196275305084,0.4903294338063883,0.22703667297425872,0.6151201819711442,0.3011687024675833,medium
0.0,0.0734387680825743,0.7744665930611891,0.16230325005280155,0.24750041234593434,0.20044345443814368,low
0.06124099381356658,0.12745130808898764,0.5655449214952055,0.1914612169654788,0.31940170061904877,0.2148967964721014,low
0.08931068767544646,0.10884237300103312,0.13252656438593433,0.21699823751785743,0.23859256446155516,0.14762919773353547,low
0.12233834933176624,0.04542926771510417,0.1420849956769597,0.20404086684884334,0.3306744947260433,0.15750945527276983,low
0.1606367921574298,0.10915043892932932,0.3847465737680803,0.14208568900546498,0.540225037869051,0.2371840049797575,low
0.7697783320037391,0.48638928337577436,0.8364915077490412,0.1942814614802087,0.2992450547860096,0.537428132952576,medium
0.03578584590708155,0.4990916847703056,0.4556928763318584,0.1984385187388388,0.3497332156253891,0.2710557082675405,low
0.18322891683563042,0.8745905582870143,0.4701248182988927,0.2127893522153213,0.35725630186204477,0.39655182517529686,medium
0.4578586393483244,0.6030707591655764,0.1529467882647707,0.23264304047267306,0.5528532002810965,0.41037035001402733,medium
0.8212286524036091,0.5724754064602519,0.7855479983648201,0.17572337984667957,0.3619228385279205,0.5681289785163801,medium
0.16537773554020632,0.4423141162814733,0.1725602207589473,0.17101767318382383,0.31211403357303785,0.2449808167049191,low
0.04660557601906966,0.945831854867306,0.28077319332749534,0.18852492263016168,0.23768823497815134,0.3186222425510615,low
0.04907364856157705,0.1321717064777308,0.11260360849958394,0.49262561535018407,0.3047761542426636,0.2022885233453932,low
0.0,0.15197210417733673,0.7931344364514891,0.41428118212665344,0.23234885028776883,0.2670731502716867,low
0.021147207068793077,0.8737708671437594,0.5535744966172422,0.19459429559033775,0.27327381958151037,0.3440444420972702,medium
0.22010968659770366,0.48809602414469216,0.8203091840255982,0.539821158796243,0.3069758260517001,0.44070909407909287,medium
0.43399192151228566,0.8892253028943035,0.6334154275418076,0.2060444924710041,0.6284403206781353,0.5385298977597387,medium
0.0,0.5082660355411136,0.15946695923561166,0.18431614709292277,0.2977625715943486,0.20710086615130133,low
0.7980015833541974,0.5195524774349056,0.5271447782927462,0.23066965108619603,0.3748296020865012,0.5247410577673667,medium
0.7911564009346702,0.050266077476747835,0.4715686308445912,0.5363147508881609,0.24226870170631376,0.46173868583601857,medium
0.5634192068354771,0.5004557284188166,0.20417911402818756,0.20981159938497573,0.5662770744519486,0.426647655883422,medium
0.21991709976351054,0.037326355679044035,0.4672843666802563,0.17780479585839734,0.7039727647283368,0.28468992994783043,medium
0.056771192040204324,0.06646232135635077,0.2971289122324119,0.13817085916418895,0.7235771211568163,0.21106389872455344,low
0.19243798896436465,0.8939802125822244,0.8665633551495102,0.18572910923126934,0.5190579862006575,0.48151646225453326,medium
0.0,0.07874180138617236,0.1903898547285761,0.18854287773272882,0.6759823565392606,0.18341276751395574,low
0.39362746754995703,0.15231971479425568,0.5491209062365499,0.2668785788222953,0.30980401956355585,0.3307666378583131,medium
0.6596969378473163,0.10964594570840706,0.2619710139909342,0.19739347161157894,0.21002242336465657,0.3301159804215307,medium
0.0,0.07322540986515043,0.7919791544847695,0.21598680423730823,0.5966790943326727,0.26614118014310806,low
0.0,0.4666709863095415,0.11859431537017606,0.25517080833440076,0.31804782493357625,0.20986467997435132,low
0.024128201918038945,0.1102893670203938,0.2087496634159199,0.23273552620560525,0.3278324834083215,0.1563307612442477,low
0.16219691768898906,0.9873398181558104,0.8017452429213195,0.4923831091091639,0.23013874086136815,0.4993862583270948,medium
0.0,0.9670285000643792,0.7408029948387284,0.813845426302994,0.6066249682829047,0.5582889797417196,medium
0.7597105771715781,0.0,0.2391878899615216,0.16348053325056433,0.3616086055122253,0.35072875412264826,medium
0.1510501013260311,0.03780061990659046,0.4220108061214609,0.27486107345969096,0.5087918552454944,0.2474677682761089,low
0.4165621731025729,0.13780901370691304,0.2383260289067128,0.15362047735307888,0.2826974897966301,0.2614080779482717,low
0.24589474246885734,0.05489055606675215,0.4828521271832946,0.7549171894242886,0.27591423351505073,0.3495449259436172,medium
0.2412387345316368,0.9210200867425058,0.21881539244410972,0.2657131296320283,0.32175627423543113,0.390804013636329,medium
0.18714321025123176,0.12140330054145326,0.14638312526930292,0.5661764663258251,0.6093745323290297,0.30702256508857506,medium
0.03574081664754478,0.09586772010669731,0.4096150420108512,0.1801465134715282,0.3799215352375265,0.18435557829716517,low
0.030314872381181163,0.424093009304362,0.7636832151813944,0.7786334984801798,0.3924210767602308,0.42305540706250655,medium
0.2590872117171008,0.1892979508570204,0.250916807632992,0.4546830770242716,0.2663948847357983,0.28411912294670716,low
0.9512828160971898,0.1270818579269604,0.2395579954759078,0.20467183492349628,0.8005158786404739,0.5077466645167055,medium
0.0,0.09168200822644816,0.4713745502122559,0.435738291444074,0.7367214526896431,0.2866984603693893,medium
0.8617141939251535,0.1925634317926552,0.601352829513972,0.7359891841515602,0.3340859827340262,0.5845406032035889,medium
0.21232372217186202,0.10562035486249179,0.18768060355104238,0.15802816473976006,0.30250289705129874,0.1899543456623601,low
0.0,0.5770117667308291,0.19339838080566552,0.21731234771270797,0.3190428854298547,0.23573101282403547,low
0.6147295684806471,0.04459627554370147,0.8177547904960554,0.4941516865727468,0.2955031246200397,0.45915715023489806,medium
0.0,0.10763714001948317,0.46330656106473117,0.20154788977520935,0.26699704072318037,0.17138254622712523,low
0.04079832995463955,0.5161863492200044,0.5123001423139965,0.20849294492319376,0.23982059102234338,0.2699934678154825,low
0.015803680119601943,0.06320523964868024,0.8023215391832421,0.4665080865765234,0.28439180425304056,0.27369077079636367,low
0.16421760422703868,0.8489152707784863,0.5265408745307443,0.22618426444157352,0.3390627766997507,0.39412573599669787,medium
0.005472860723814161,0.4785670896940967,0.8119339109970822,0.19306633469521758,0.27075974929635266,0.29837259213902234,medium
0.1695372203218169,0.0907667542219768,0.5365981377083221,0.23752409261499197,0.5608257901724103,0.28113292464604867,low
0.20286318821769195,0.12365017375066067,0.5080472893307307,0.2432151808833152,0.46259829774246886,0.2798288654530827,low
0.0,0.4041548823455823,0.1802592174458423,0.16969238397507877,0.3433409082276946,0.19330947211516275,low
0.0,0.5621611925442054,0.16996437838684125,0.2135675395303879,0.2906050109332357,0.2242311548129302,low
0.09990869661699416,0.47913899874132876,0.5082542666701135,0.17746708362691,0.3466505278587072,0.2895295446380691,low
0.014091976254323044,0.1693641654830949,0.5333913798595193,0.5247132621146711,0.24568221370212578,0.25990411743009684,low
0.03533093428419372,0.05897566412571661,0.7700107573301048,0.19031761680196665,0.29452216587826846,0.22013787495205078,low
0.5304627685793848,0.5562715537264917,0.8758411771996383,0.21162651734225285,0.34190450091822094,0.4953802965052432,medium
0.0,0.579715584730475,0.4862132559043518,0.2489815178230423,0.28341141677556697,0.2811831214126913,low
0.15374969003513783,0.5225429378518148,0.17908372798619268,0.1422211309550912,0.5472950088099429,0.2880345312913429,medium
0.8649195205431048,0.43483821775872655,0.12688379563525753,0.19885607459260174,0.3715742803642641,0.46098342603312537,medium
0.2640002727765089,0.11238159677068708,0.5349859436125979,0.8384487722086795,0.34181166061519663,0.40088579626299514,medium
0.035052039238708164,0.11066810785331967,0.20300367604009847,0.19639269267310994,0.3500824832960691,0.1548906957773235,low
0.045961810124988144,0.0,0.24592996657506233,0.1877500062594546,0.6620710807929496,0.18753870139458917,low
0.0,0.1513487508421724,0.46290639036371434,0.20808271644219056,0.6122336143518049,0.23315729416420045,low
0.0,0.9678214905685163,0.18442659022995944,0.14310318150960719,0.27094682910319856,0.29049094731559844,low
0.04573362600977969,0.14796726471791333,0.5251280702343131,0.21046731896986726,0.3515198638687551,0.2169041946559503,low
0.0,0.03947149301261127,0.16088733984409906,0.8215299718393445,0.32094189188484135,0.24447467772973222,low
0.1651380171103411,0.5989951864249121,0.26020835933503167,0.10170924597393084,0.37133411155688334,0.28441366224665815,low
0.19714855733987927,0.5761689939840529,0.4744052425772489,0.4715393473954922,0.5871992232654991,0.427926905354285,medium
0.1717537338923919,0.12213962469125977,0.5780969202351833,0.5647952996382212,0.5601143505601397,0.3596447956529122,medium
0.0,0.8926818424437643,0.2113029995361676,0.15992151862724863,0.30996219592433516,0.288710451533278,low
0.38778328242030846,0.12324842106234588,0.2732614894129079,0.1293560403661057,0.6882548070526986,0.31108332148162376,medium
0.16157987264772197,0.014244131991157677,0.2726941413365032,0.18604862052314866,0.34396193082047977,0.1810309231207253,low
0.0,0.16723764203992422,0.1270126072766616,0.2860475381632487,0.3025384037659044,0.15508968769701947,low
1.0,0.08546822677805038,0.5144254768157043,0.20003869391015253,0.3287628021269632,0.4835796259790407,medium
0.8102155473445319,0.10404035241300469,0.588671636235478,0.5277728250227418,0.3171703266187003,0.5053035941186356,medium
0.8071074222963746,0.8923808669915356,0.5721182151060757,0.5959600046439039,0.2988238881275138,0.6704417165010387,medium
0.31838294553091584,0.08620580402201877,0.5227433346474512,0.5434168360137533,0.5157012457828425,0.3772060987309732,medium
0.020602861534572654,0.4619337236169053,0.5307263228386933,0.15665929290467684,0.3700800674654006,0.2650204203103023,low
0.48991707548344554,0.1759194207902607,0.778531829053514,0.8290586700130678,0.317149720075817,0.512322973175099,medium
0.8474424320689519,0.05749838441006341,0.7476484289066556,0.2548620631586259,0.2945574121527316,0.4730356952933315,medium
0.4904502695851139,0.8665965934355607,0.23706888361464876,0.79178744347217,0.26852185580638166,0.5546504991702348,medium
0.2119689703133119,0.12580144171149082,0.22834056389241633,0.11697038386770608,0.2747522035147147,0.1876089713209026,low
0.18531408917864994,0.4501485350566457,0.2828091212393994,0.1710488614328534,0.3108876891705062,0.26888822761298065,low
0.0032198738611519174,0.4799689302762039,0.27357817968494913,0.4526378963126738,0.6388374774996565,0.324349676053812,medium
0.23025452212284625,0.0939924402918107,0.24589838285984894,0.4699989762018302,0.5958426006833356,0.3081357874670597,medium
0.5633981350466502,0.15213650983341592,0.8371242542044118,0.6046185139625742,0.2769227862570936,0.4874775013424189,medium
0.7999321415360483,0.06421521277553963,0.21564812176198836,0.8981495158135788,0.24332205357968675,0.5012981144798895,medium
0.08038472665639432,0.06529774980274128,0.5123702802491071,0.2483111474771596,0.2659021058868356,0.20357805537328988,low
0.1680245691351594,0.10539773056281528,0.45463410040220714,0.22650031303524892,0.25529847991458776,0.22327686650767992,low
0.0,0.5093517005673471,0.9023862461571859,0.8170118194782654,0.27975102680255504,0.44259329495308364,medium
0.19553007714781523,0.17488085988228141,0.7660789016586288,0.5122037401310107,0.23630364696311595,0.34643332544026467,medium
0.0,0.5009039539995478,0.9447618527313586,0.13287039781992566,0.33729400625722267,0.3190632492121819,medium
1.0,0.0,0.5862249134175355,0.16412617504178661,0.3249172555300541,0.46949656035049575,medium
0.0,0.8838452884389999,0.19376835930648909,0.8822538409289917,0.27187634416319667,0.4230665313940512,medium
0.30397502826000333,0.11373605294514683,0.24260384915578254,0.742200202495262,0.3284961874886804,0.3480447650627522,medium
0.0027390660105441993,0.11405055408598913,0.8006295410637737,0.22275873756405284,0.6716027418289927,0.2890184205670866,low
0.0,0.12246804974339784,0.235437532639835,0.26889125801035985,0.6460947049063838,0.21050169718268436,low
0.19461111710968693,0.12870130986639156,0.21062813035871553,0.16572162041685207,0.27807950956595806,0.19057406717825584,low
0.0,0.1767820389425024,0.20011623009667084,0.5433091829938587,0.32351668572134307,0.2225631817599743,low
0.819178083333868,0.851702508077332,0.12482403694142599,0.2419950653708056,0.303054790415284,0.5286747637932945,medium
0.24693088429349647,0.07150309563000368,0.15161555050517764,0.23524084686101582,0.2487765975924115,0.1954868760008912,low
0.3980261220683636,0.1048453564699061,0.7604749787172997,0.7374092309431439,0.6232727534372926,0.49542091392630794,medium
0.557687989398861,0.015229886364480347,0.2525966258232305,0.47602237027796335,0.6672699027063447,0.40353682742758334,medium
0.5159138336844111,0.41175332950994264,0.7614924411735994,0.23085420013268776,0.35800074899268336,0.45121963455879177,medium
1.0,0.09959190435517906,0.1779781898928444,0.262147176755422,0.30064914991680547,0.4441419171935677,medium
0.17558103393642432,0.4394652947208891,0.5242711831927116,0.4433770383733312,0.6243081536920551,0.4015296773324864,medium
0.1692188612972487,0.9384815614221729,0.5102187516396716,0.808880379434558,0.31002132221035644,0.523274057638025,medium
0.7312798155232251,0.15342821224834066,0.8853046693017854,0.4928881519196824,0.32491198185892534,0.5301797151646787,medium
0.016106186021877633,0.5421520915324457,0.5683719995704477,0.5284727881413661,0.26123278014316176,0.3433975486983671,medium
0.0,0.5200058940827088,0.45356148804677077,0.16546561725861408,0.6255675403111162,0.2989636565219476,medium
0.07922524082423346,0.14830617825456827,0.5639134168172649,0.22536391923922983,0.28814358647621585,0.22631014224005178,low
0.38152353359237035,0.026043108031709575,0.41864210629649334,0.44362708406997053,0.5784738785002622,0.3579584962175605,medium
0.03981197143839573,0.09435176860058878,0.819577018021107,0.14164061321718138,0.31461258014080434,0.22927050751935948,low
0.4607517050489198,0.5086232336233697,0.702102320165084,0.42018350437710134,0.2728117288325071,0.47022396646440884,medium
0.7491298942625974,0.07179399604740347,0.8157574553518989,0.13101176744275714,0.3228316096059849,0.4360884807204939,medium
0.7551678830911825,0.4596140110059947,0.15075497570654484,0.1350479724567073,0.33137872257281875,0.4178028163617996,medium
0.033676074774427994,0.5705015702387616,0.1632025505924397,0.19772726439749946,0.2590464654482403,0.22708594176568261,low
0.017718529507461302,0.44760716473474954,0.5145269891276726,0.15544509640594645,0.36395632140984396,0.2576985076610051,low
0.2147123244643308,0.48720923934820226,0.2106835169964824,0.5213184908521706,0.32202303385970305,0.3460252260078016,medium
0.06486822571243846,0.07720277385193845,0.5301290362838447,0.25347985884711677,0.3394262652301812,0.21603028948064648,low
0.7313487078265496,0.06235259791241878,0.18823315135232557,0.11937703855364461,0.5707884729810113,0.3696037832911781,medium
0.039427422168034035,0.0,0.29547704949315884,0.5127462259328572,0.36087573130830963,0.2128303889572019,low
0.11397082510067556,0.0374653889656343,0.18917435910536023,0.46127883666342046,0.28779661487123764,0.20548573875250328,low
0.6364672514366057,0.10556550750407746,0.2603096890793092,0.17874805811384606,0.2902041489090673,0.3303799642528228,medium
0.0,0.08620843740433881,0.43130174586598435,0.5441356045979598,0.33060150903623275,0.2403542966357923,low
0.1444974817373092,0.1733473035714183,0.16671654132512564,0.7720529451446058,0.30364259081592315,0.3029831640855549,medium
0.11987302548890894,0.09826388223572316,0.20964019376115325,0.8581516820163677,0.3750891511773853,0.3149544222378717,low
0.0,0.4604984587377129,0.3059870838446923,0.23141786205791495,0.30800722241172496,0.23048241009758816,low
0.0,0.11307152193796476,0.24856906611775537,0.2308440352928686,0.31631189083661126,0.15351525498932167,low
0.057603659092163965,0.47556607458043354,0.279656047229769,0.08684512382918581,0.3010815207921982,0.21687397261286812,low
0.14210910469515184,0.11704507959150157,0.5344866811067228,0.20600850320814207,0.29893714521170933,0.23225702191623912,low
0.044009080017488794,0.07472257146960071,0.7998916340571518,0.46549734714667657,0.5420514879993141,0.322538176036972,medium
0.025256485340084168,0.08928747909837009,0.3450726718148946,0.5081424949939477,0.30849440678935547,0.2250980022111263,low
0.12028509651071169,0.0478381438441624,0.26731433741624344,0.19261109317777292,0.7333653252200693,0.23427732575304744,low
0.911047530263107,0.5957830403365276,0.22492537471474633,0.4390182692310868,0.6752127387676764,0.6152952380148184,medium
0.17617599904241069,0.48070270943412247,0.49126345889633033,0.1818741258978544,0.2947693528322269,0.3032730885384022,medium
0.7610961800507499,0.07755512859531505,0.24864849820029644,0.22535090869947147,0.5945670133308394,0.41539238820385266,medium
0.03425835978453063,0.07639425317273521,0.5186344848322457,0.11973864521173473,0.6320565778443104,0.2221077470137366,low
0.5951761381485913,0.09550406796010759,0.5125486425293236,0.16100582815745723,0.3903673218106291,0.36529221531908324,medium
1.0,0.06581167025588688,0.8797938453157921,0.1250192728527066,0.29512501344619363,0.5144040174360166,medium
0.5825279098071057,0.5858318163839747,0.19370592306517623,0.27725797875828145,0.3503210374742327,0.4289803760514943,medium
0.9618691012344472,0.14974384954577302,0.4174656603439245,0.23193558870788,0.25837311626518383,0.466272434512431,medium
0.429158873658378,0.568618061595987,0.4877553999568371,0.22524433212542572,0.5319601978703584,0.4404774805158753,medium
0.0,0.45050907306361015,0.8363440771724294,0.2209406839130274,0.38768766982438585,0.3178947134448498,medium
0.4158562249083919,0.08506798223593198,0.8702621056987767,0.30689401921774895,0.29397189299089843,0.3777843675667051,medium
0.0,0.45485434169063593,0.747285667829809,0.20701245212974365,0.33807347541567956,0.2951772302508992,medium
0.8004321206276981,0.11616217613551055,0.4594339901297091,0.18198455587202578,0.25476961537774956,0.40688952341593543,medium
0.0,0.4856043856558452,0.20271886223744431,0.4952465897026664,0.3244699226203591,0.2752485128003728,low
0.36214005623569506,0.8912137539055691,0.20937149630524532,0.192013383102239,0.2413865484232371,0.39290115098154255,medium
0.04305595304208044,0.08745564812325111,0.4956714612832978,0.09925445436867047,0.3263422086724702,0.17356085690437364,low
0.08786604209476975,0.5439728539894279,0.5299311544311806,0.49994501703106964,0.3663102494125245,0.36957959740908614,medium
0.0,0.5597403518979884,0.13666766674527075,0.1683572744394399,0.29515293038451185,0.21039261483695307,low
0.033552853792228866,0.11635003543588515,0.10572895271578371,0.2817826481741073,0.6631848213263868,0.20502945896599273,low
0.21273569675546503,0.18789769393818517,0.8267191567689106,0.8768370785291234,0.23220584611039485,0.43560641395199706,medium
0.0,0.43624044967056497,0.5480406917378342,0.1740585306284599,0.6355744480072224,0.29960206702156345,medium
0.20202596324877578,0.07508429376005554,0.4967258978038038,0.24488978456754734,0.28083172758240094,0.24123624844808403,low
0.23385635960047507,0.08756182327527,0.31265312735942424,0.12514645678350994,0.35595231242762176,0.21298937985995542,low
0.4261759852092647,0.09524909682037297,0.23235337900363578,0.2117552293860065,0.2908335295931211,0.26773169709356887,low
1.0,0.07909173009283132,0.4596365015601169,0.17825001747501246,0.344051744506514,0.47202158642356334,medium
0.0622430383532593,0.16181999370935646,0.474422170466241,0.6800335956040289,0.2971900714092394,0.30278546564997694,medium
0.814686149668227,0.11363280783211958,0.24446837826555978,0.24033591105251628,0.7773906727370805,0.46847844632779134,medium
0.0,0.09322946321704997,0.4669129673565261,0.21486985061259228,0.5488384282701857,0.2139825721099352,low
0.18223387183741552,0.06496809806849645,0.755394922119244,0.48732387038780056,0.2641932024925424,0.318066773934252,medium
0.05507100631095102,0.9196744702557219,0.2643236174399448,0.4433378522780319,0.6976561716643845,0.43342073476568543,medium
0.0,0.17532170226829974,0.14223713882036562,0.08230201214622342,0.3256608386792318,0.12170943950784424,low
0.0,0.12197700780497024,0.18882087296144687,0.5703860861145869,0.2890444901247449,0.2101524232468402,low
0.7801735517575785,0.0022792858064571153,0.522625862559061,0.233005190235992,0.6576571977053391,0.4581514197754234,medium
1.0,0.5327606402047352,0.5157170282361746,0.4308933453277669,0.28965317820351144,0.6135363280724533,medium
0.0,0.91801744650659,0.517490029174128,0.23109215940571778,0.27773704525241893,0.3491059823464436,medium
0.21423140570930194,0.11830180110827877,0.20327303867596,0.21298279199649423,0.32232460450555783,0.20936598681097285,low
0.12344812515925521,0.0325653600925291,0.4559244854432557,0.48239966622556174,0.3255894206671788,0.2572545287279599,medium
0.9348738837295669,0.18713834762944365,0.2844592907322036,0.5521773586355464,0.28256745249342874,0.5133793178557129,medium
0.7480842709051487,0.4919873580917071,0.5166608372492493,0.2024721156417182,0.6041735642874533,0.531442336248735,medium
0.06788548089242628,0.4918428434719121,0.5643311366365182,0.22870164046613314,0.6290910248319883,0.3434878652756129,medium
0.41479046131262787,0.1438812937492298,0.1319624367170405,0.1782017204268719,0.6091289919713577,0.30001745553226844,medium
0.4333106881486684,0.18312041292402947,0.2554294617472691,0.14875564058925028,0.3245069263438229,0.28335887536092025,low
0.03972633095042734,0.05659509839701445,0.4520076591076963,0.4903324785677024,0.23838274658891184,0.22486197553256276,low
0.03636395600197876,0.1384308409930454,0.2123621193910131,0.11131334912273363,0.30501447292197936,0.13846451367069829,low
0.6476645460942971,0.5334466347645812,0.4412056020462515,0.14432427818739677,0.5010972484253119,0.47119897398941923,medium
0.0,0.13152753190587077,0.8962669659894009,0.20650168117386808,0.29506917503707425,0.24630626376991904,low
0.7819838663133352,0.06684691313421022,0.5525401212696902,0.1767188418168677,0.23438404244348965,0.4013469354411931,medium
0.0,0.4920520686800837,0.839166442862786,0.2430405189408201,0.6756119391300142,0.3742352748231008,medium
0.2101252381713626,0.9636183538072695,0.19688028330262786,0.26119534978024495,0.3482015754947081,0.38976259098851207,medium
0.0,0.05199563470581584,0.16026012769486986,0.8293227694156263,0.303586575057434,0.245840686237134,low
0.8183322951463785,0.5037387416092125,0.4606033631152402,0.20555531056762805,0.2749376826138847,0.4976896558386504,medium
0.6253780263773043,0.5564442524918922,0.19836987236838877,0.14149992941226097,0.29044544669626865,0.4005245421537205,medium
0.027558946798324435,0.15879946075945772,0.7511281768444953,0.3349399211660864,0.6067251024132418,0.31069355231326673,low
0.4767714443626282,0.5810930591362068,0.6094192027117814,0.7935983015769325,0.5809130482973144,0.5965195431027807,medium
0.8018424000049487,0.07085718430378903,0.5700675096293083,0.5327657527694695,0.3060599263663813,0.49269642281548975,medium
0.6034404095759885,0.06924906848746692,0.5447619349747463,0.17156526468108002,0.5641009641247957,0.3955244243714372,medium
0.5734107123082268,0.5165827931486933,0.24844606634957744,0.14920802274475975,0.5029389568223257,0.4178891303469441,medium
0.5916124415519253,0.44428072161995663,0.8245935247393527,0.19516585102854075,0.18536847672710066,0.45686734721524513,medium
0.20568400467036532,0.8763290344900007,0.4520747083550024,0.16510316216364257,0.18267796604397352,0.36520454189168466,medium
0.4453653106083737,0.4356182542356079,0.10560982201297857,0.08303779322110333,0.28897959907043486,0.2965292158363664,medium
0.6995277719848235,0.4465337417116583,0.4995861987545911,0.16588064840975766,0.2955102132645107,0.45160567142259556,medium
0.0,0.12048684281953499,0.18596977581250668,0.19167896873870888,0.25524579252114243,0.12861549756169613,low
1.0,0.1352394482163215,0.5172994675195067,0.208479713447948,0.2729652392195925,0.4872835383437188,medium
0.0,0.5834405606101875,0.7625913733831255,0.5400690560882212,0.6917533123955553,0.44285362620648383,medium
0.48616574973283533,0.0503068392126281,0.39725442936844196,0.15147544316894213,0.336846313760173,0.2963212928654569,medium
0.04018509555619214,0.16768454811806432,0.2756126811088373,0.24800521813509974,0.6927894292784305,0.24045379847558063,low
0.4418379398144487,0.4900911861591529,0.7237050591457244,0.5398795583384615,0.6977786168648833,0.5517680822454487,medium
1.0,0.5676080219676438,0.2623859504067368,0.5123575005768958,0.3140483418133019,0.6024582483419137,medium
0.11749066166370004,0.14685189638155133,0.1570107501493406,0.3603497656310757,0.2421642708927353,0.19656378405794678,low
0.17426512188615462,0.030824966069028487,0.20816852857543508,0.7981624307208165,0.6655353022581131,0.3491325905488476,medium
0.41081438387464986,0.1682780270076475,0.5068344688876713,0.224131447000644,0.26365161098088197,0.31729912194433624,medium
0.8036161346594028,0.11135562238369451,0.12459740350091857,0.13849067787089053,0.34278190100899714,0.36116099612522523,medium
0.6564599053146442,0.06618781878858757,0.1478153715399006,0.11820981463496179,0.5291121760275773,0.3353566304142248,medium
1.0,0.05306887022069714,0.21566815570549858,0.11134534377937355,0.6580280288949741,0.46393727049008504,medium
0.7575298439977846,0.44479419852308716,0.8315200545639314,0.1664604540112143,0.18772642144105559,0.5023968551069438,medium
0.4880629648167521,0.022448052176412395,0.5351298052648451,0.1481723150779593,0.3337512929483002,0.3108751276278718,medium
0.5668207979724523,0.022292947461983487,0.7357818949125131,0.25764495169960566,0.2763767775903192,0.3778576200994784,medium
0.08874977475091819,0.47500552479662705,0.22417831882243755,0.7766226813211122,0.30454374275409685,0.3562588828853035,medium
0.35783871463989875,0.785652810614491,0.16907220053390182,0.17522204771184266,0.5305912012783255,0.40447609632907044,medium
0.2187333506294126,0.46837542661704934,0.7946064870175827,0.24014079855048698,0.6791667815876469,0.42838924051311544,medium
0.24089579125489877,0.06487875114863367,0.8182989735580506,0.16266886637093048,0.282164800779947,0.28284782703108213,low
0.0,0.45099113824492393,0.5434020912859743,0.24140769365154977,0.601847349676478,0.3102671825236626,medium
0.08063830803055588,0.5014243600342796,0.5798503650906619,0.24283552344704554,0.3320081700531094,0.3098222493769975,low
0.37228594205693705,0.09594582404424379,0.13425819729692273,0.24125412532429452,0.38258479101862053,0.2566522207381203,low
0.12047344567951218,0.1397188271903088,0.8224460177879038,0.23581095808882924,0.27407122799482075,0.27572557762708994,low
0.8243421232445356,0.17207340106497276,0.21248503055599746,0.7763240480648275,0.5871647534614021,0.5569295944019307,medium
0.4766178673699577,0.5352602399515802,0.23762422208910344,0.17470437083158227,0.2851474034840359,0.36339402620359074,medium
0.21986962968759344,0.14375872328597572,0.8197750094793905,0.1720282241234972,0.3779483960688815,0.3087767892204134,low
0.32209171946204596,0.1472943156965137,0.5706455883708319,0.45091565254337157,0.36797432954711456,0.35706249717428284,medium
0.3401169429825156,0.4720623140200465,0.5421871979678551,0.4830195855202123,0.3547355257714613,0.4275898713637039,medium
0.6413822511160233,0.9210623469712379,0.21094930834588566,0.2721206312193488,0.21180695969169924,0.4944647111785621,medium
0.8429283608213306,0.8710874096785163,0.1437555839296178,0.21607645740296372,0.3402265386748625,0.5429086000533672,medium
0.21135258483890332,0.8492046300693571,0.41620866264393724,0.5376747878189863,0.29576125605079917,0.44757714683355015,medium
0.28292999458090895,0.4503893520667016,0.44290301812498656,0.44931179154470435,0.22970778475025938,0.3657108475278408,medium
0.6525259393367739,0.5412220743771998,0.6245000848468351,0.8189693218253747,0.28367621226857676,0.604022505608859,medium
0.0,0.08543852518809823,0.8700902530828226,0.13444804470972463,0.6127173352004688,0.26639845222205827,low
0.0,0.09675048505475023,0.46134048448171816,0.7858737940421033,0.2333229272864469,0.28072436758459546,medium
0.3832713678581675,0.4951908677185074,0.15948175861111447,0.20316622309573257,0.2008692139351363,0.30870547440223584,medium
0.027487887049859907,0.062171498691820384,0.49065534834615987,0.198261126671465,0.3243810521383679,0.1825883512602942,low
0.58329495801486,0.18361223608577762,0.17566472299015318,0.2660792413263966,0.235954224241383,0.3266696249716233,medium
1.0,0.039221421007984494,0.1246878805333066,0.5718990118329706,0.35928349538639753,0.49481979295614664,medium
0.3641708267008591,0.1299383461202956,0.5317035960500122,0.48082429840685836,0.6211722626376935,0.4043351557188444,medium
0.2051786218524556,0.5605389822671578,0.5635183628290577,0.17829147453893004,0.2111116984019268,0.3255141871016019,medium
0.3534868179929112,0.11185561773999306,0.763014558465363,0.5258694918349864,0.33647224429557715,0.39851408772701025,medium
0.20963484310281238,0.13502676391983032,0.09283782879107426,0.5132150007914462,0.1745775995711125,0.23265112012742703,low
0.41817110727117823,0.12960255423386413,0.15945845750389617,0.26561957063243324,0.7058623372496025,0.33429387636763774,medium
0.22252910536781034,0.42746605373270896,0.22937416996080587,0.0801839694781371,0.30752384865262067,0.24882343904452628,low
0.4084511765298637,0.06780500058977162,0.6031047522957358,0.2322283003545038,0.2678413874079385,0.3131839341033653,medium
0.0,0.09436968256935342,0.5240761182481769,0.15669944329501648,0.7850737025773027,0.24658629829669593,low
0.4213349333533331,0.5453871321230803,0.1919246476274023,0.1159623623205992,0.3445574693141621,0.3391426964359705,medium
0.0,0.5479941384363124,0.5132774761904678,0.10616514126778259,0.34059741116638725,0.2589130890443473,low
0.41361722017783265,0.5075776401934784,0.16602508056545184,0.8063526044447026,0.6191115887388038,0.5046417153766244,medium
0.004712405252252346,0.1250132552833878,0.48512471519188455,0.19677803523515133,0.21901982765904754,0.17139366110702337,low
0.5527323435129475,0.8978636259025418,0.829282938964628,0.2273339019847166,0.329476977303688,0.5646731960715834,medium
0.4221685598732042,0.15213063250303258,0.3972999813215974,0.26526588318146815,0.2727516426118205,0.3106376146888741,medium
0.2802589065855765,0.05532380206173076,0.18256528176824535,0.13299213759069592,0.23888355562972735,0.1849581855158542,low
0.03817129987193082,0.10159234730507437,0.23373359699744364,0.7323621441488241,0.2443187323614013,0.24995013765618568,low
0.0839798277771787,0.5970166137679787,0.43814579008906707,0.5450262275405999,0.3355592326658466,0.36965827000810636,medium
0.0,0.10327297159565417,0.16028360882968015,0.15635156922638277,0.6915553954684889,0.17970075880913275,low
0.5563015155698228,0.10982932892195395,0.10512997468472314,0.48552185667206865,0.326401305234161,0.350690383777584,medium
0.8505446861695575,0.8949325447384442,0.27991094655517207,0.8433754307271777,0.5542468411059022,0.7279486690931528,high
0.0,0.6115992225431469,0.2601918524925509,0.6080277823202973,0.6447905890923116,0.3796727672104182,medium
0.010257292408133938,0.04599218605192904,0.143751878522264,0.1857506937547741,0.3969209747991055,0.13052669168198622,low
0.0,0.43357080836715994,0.4701429930922761,0.2166245623553963,0.2652847000776364,0.2403532281199981,low
0.6362659036565357,0.15736556632631843,0.508467247771982,0.2062785210256444,0.38261857386854903,0.3972714618134329,medium
0.3752387109910228,0.16463788639185983,0.4974419487653123,0.2966918812972367,0.5692389222047554,0.3648396974806363,medium
0.8185120224657197,0.08929500441812781,0.8266175520471348,0.2563837709464706,0.2830601667984449,0.48114101963947253,medium
0.9274559644832863,0.0882529508694492,0.5140562883518225,0.7870716164177095,0.2643624097173577,0.5700645075127947,medium
1.0,0.4932727716719588,0.238942595696988,0.48344213306453704,0.7235479889849136,0.6397165686495845,medium
0.45225037183514927,0.14575309770739833,0.1108460163648673,0.8384843906042647,0.5666389237212753,0.43414535022579875,medium
0.8350697391261648,0.12518658162839574,0.5523672892092907,0.525547853394552,0.6616530006468561,0.562770852220861,medium
0.17748714021118303,0.03703536341029459,0.13803134255589147,0.26504395392260155,0.6544849474936805,0.23253944903736995,low
0.5824057497995834,0.03122573736315487,0.4063400829196776,0.18583411079297,0.6380710932946123,0.37479537100324345,medium
0.160415630850148,0.07053454144131356,0.24458119207628423,0.39889024388419475,0.594428544327531,0.26786110678071834,medium
0.6530501768935253,0.086738102512568,0.19742877062051423,0.8368986421703819,0.34776695163186383,0.46242176034250426,medium
0.6601718991057853,0.4681451200398399,0.7951590043892722,0.16854521584228774,0.5933688514637602,0.533668815286116,medium
0.02730910561134788,0.05882608011717576,0.7915841811015785,0.19596020432789388,0.24514927336120265,0.21466000674183547,low
0.048933374609683174,0.5240945443649115,0.8376019266718321,0.2015374413427469,0.2532235221680874,0.32343022685042455,medium
0.2551303997105833,0.8588249249364244,0.546541110766119,0.5291943541947117,0.33198602511975234,0.4859220461222829,medium
0.012200526224956947,0.12831601211432228,0.14865790258712386,0.1750120543822406,0.4365019563829484,0.1520997500123105,low
0.35026406874979504,0.22625550658776158,0.5305328678099751,0.5117542775508463,0.1999422199310759,0.3622524406138177,medium
0.39900514465793396,0.1023184550814568,0.0950926418032416,0.18993434697217393,0.5466334264673954,0.2744110140487019,medium
0.03619255169258894,0.513623868900593,0.43003142489433005,0.20187456203248919,0.6286565011782331,0.31276064060527764,medium
0.0,0.20359604160160635,0.2630499836373759,0.887948937063546,0.3060032769319628,0.3036669848184313,low
0.7839433405211658,0.09592262281941806,0.43976441413206135,0.216449074567709,0.5380534601237262,0.4443300227721433,medium
0.5566038414210484,0.10594977021286517,0.5902037831667781,0.5055836926080706,0.3033726773960701,0.42332431407492893,medium
0.6973885022958106,0.9447168048643602,0.44478754750830535,0.16038947242576929,0.5787094608224616,0.5837623573963842,medium
0.49658962459385103,0.15892697174283182,0.16527077567323878,0.5637478531515511,0.7369066877754139,0.4288384718743298,medium
0.23862992989513263,0.0009012648456260819,0.7327893994474268,0.2324633356128872,0.29052640982777334,0.2717592704515225,low
1.0,0.6514393948837415,0.28411538766295247,0.16333222403066294,0.2533202227861084,0.54356966535024,medium
0.0,0.11557239032211275,0.13060397639383897,0.19074412357783802,0.6787769670164295,0.18267044429153043,low
0.0,0.47055048437962904,0.7856649615178362,0.15795452274844252,0.28438840659109094,0.28620900664195337,medium
0.6316636303321235,0.49336397406469507,0.17356578830275687,0.2904681068375031,0.3944345190787564,0.43146555138730364,medium
0.2190364318810765,0.09773585797773923,0.5459551412379615,0.2734954348096637,0.7855608756262571,0.3396845906514363,medium
0.5917628274812095,0.14519638016535297,0.8359653067384683,0.22013577426318848,0.2896442072434053,0.41943670622735213,medium
0.11485064627059205,0.1387527386313478,0.433806891064462,0.5493886451484183,0.33514231315423815,0.28742585126993586,low
0.13802970690070684,0.06721075125136008,0.21287295027295003,0.21190980035115217,0.34542640578545464,0.1809779257994752,low
0.9050244166926872,0.863907433284741,0.5519781347315847,0.17876816021934322,0.4142256684105988,0.6249730141799504,medium
0.34577062309606205,0.15915948488962064,0.11780515660513974,0.17727579618287748,0.7067692989238629,0.2947044114726686,medium
0.0,0.4544209544171202,0.4839183539038842,0.19706981946011448,0.3185253214542702,0.2506647060791701,low
0.01225887306463856,0.8412330280647152,0.20872201204425542,0.6637534567105607,0.2112706758836107,0.3676738620636267,medium
0.2141022213014845,0.5886332490898472,0.16589735762851204,0.21300969796738278,0.3096235123392912,0.2958873862970618,low
0.9656711698003482,0.09820553366634771,0.13168891815564404,0.16123792209581883,0.42749493597475685,0.42546762021209783,medium
0.009315346080383638,0.050248232666558625,0.2610682798505439,0.25838994245862223,0.6814526349316379,0.20590037606647854,low
0.5582392408302376,0.5189486071992844,0.21520641065453786,0.18681954389604774,0.2960278671649594,0.38531054414106225,medium
0.054419420235235105,0.16797121089782852,0.2507855283074157,0.544258097812019,0.22798632937840357,0.2305874664654129,low
0.0,0.09650844607779645,0.5985812976694929,0.14936324494418832,0.551616465356835,0.2217040026583461,low
0.16487786992085945,0.06910812789690918,0.8146156833560795,0.24642320706149876,0.6201297274081626,0.3277814395825757,medium
0.0,0.13254034156858988,0.19436275260746996,0.18763270743064742,0.2407120584706498,0.12929583146156542,low
0.23742421359344879,0.49238165811836276,0.5796248648852097,0.14667854897272173,0.28343560377227883,0.32849837579487484,medium
0.16254590390103033,0.14900659899465613,0.1884186218355147,0.23209649373107116,0.3493732412702873,0.20565316918132487,low
0.16732568998921776,0.8288930260801924,0.4961460619939012,0.7717417418375556,0.23385794578554764,0.4798252617472322,medium
0.41004404024673463,0.05757525751492938,0.7965259042050563,0.21189142951721116,0.3073679627705101,0.34249062952678344,medium
1.0,0.06981798596731309,0.5040211717362055,0.19250537060277995,0.34231936466980706,0.47941575177492046,medium
0.5191396882255228,0.4541814719518851,0.48722698001708803,0.17909361285554565,0.5892584517723757,0.44386973819756254,medium
0.0,0.1447084742728229,0.4422795226578109,0.5308462975989233,0.6091208148090729,0.2928210049943818,medium
0.85781474164094,0.09078489076372219,0.777063751598917,0.4585374710562565,0.2834195522389412,0.5262813904319564,medium
0.0,0.14280486403261525,0.20081749701874593,0.22044254222372936,0.345039055295759,0.15452796409844466,low
0.002425089681474694,0.4930661076891595,0.24917339322054993,0.24150557005438686,0.33416433528349176,0.23514252172875794,low
0.3094832651803189,0.15059584137671378,0.45456032284209513,0.2649185431920936,0.24393765600498232,0.28072255329491874,medium
0.4139074513299923,0.12048645153667067,0.20745795495450453,0.5039108481750993,0.25310592555108485,0.3181362774171901,medium
0.0,0.09082632105054017,0.14662374988019725,0.2943853510581684,0.3128722787087628,0.1459667387100857,low
0.4604077441928345,0.964670764263823,0.2547319638146335,0.19362076681710153,0.32100324948915715,0.4561409114696039,medium
0.024792768184073735,0.5231775777141872,0.5165096536018166,0.18025542447492882,0.3503351832185109,0.27815115641609445,low
0.03580665262617273,0.08593137311485918,0.7793811352245827,0.11602969569241738,0.3188813806968672,0.21587358693752462,low
0.014418417695569414,0.4869006880148907,0.4971199196694951,0.2505840896534932,0.3654978531457846,0.28121514676463955,low
0.7535767282289053,0.5036962789417179,0.7825495692658453,0.26590059133728533,0.1445534526855281,0.5190578458171783,medium
0.0,0.08665906512438085,0.19160467190211944,0.522390595779761,0.5625949024234442,0.2349398683296629,low
0.1572151347757012,0.06929821378227745,0.7568310997703117,0.2321970847111774,0.23930538965799003,0.2568840735456466,low
0.0005030211664948323,0.0728090328062338,0.5430599985044505,0.23766034802883465,0.3912389081747327,0.2023896185188396,low
0.7826423346518065,0.4833873268253414,0.5511697631997382,0.2371372103400298,0.26899511433702517,0.5019223394591307,medium
0.13226325545684123,0.0,0.6096020869102963,0.1698647659602065,0.29590900491141714,0.2094785936023507,low
0.057374798314721934,0.3856982411526485,0.14112023787402167,0.595436063815038,0.7582257017629066,0.3483411914334931,medium
0.003729276640486962,0.06956621440087131,0.5079483289390964,0.24262127997019,0.28487587682826054,0.18247991273146189,low
0.8515749278530745,0.4830271544806758,0.7393721594484272,0.4473338106176354,0.5354292431000616,0.6327648817578578,medium
0.4290091128516908,0.4793140564865049,0.104019535986112,0.20248093040394524,0.212263183395565,0.3125041391408488,medium
0.09127034573432546,0.08899851232357048,0.7918007720712744,0.21460629202831438,0.3972354041807991,0.26645749102848565,low
0.6209632547644179,0.5178716051006914,0.20015117159269985,0.19228908853158622,0.3154472661426695,0.4056608808160863,medium
0.0,0.5288048160987842,0.2136011034786656,0.22638097647524386,0.41819956786314066,0.24580725921607655,low
0.0,0.10440047379794097,0.726290508523072,0.24849662000197778,0.6654481950340481,0.27934022429355176,low
0.0,0.05819872842227459,0.18817045141396727,0.47963019675082563,0.29358648259407216,0.17982932513582595,low
0.0,0.5200874360548645,0.832048701420112,0.2769541176778965,0.2557132370731279,0.3225726015205382,medium
0.6183245689944477,0.9392128949029773,0.1802175142219858,0.1708382652648119,0.5007323309694643,0.5096500795106097,medium
0.010007976250761906,0.44933945830590427,0.1871312775345359,0.1968032144204265,0.650662549346507,0.2579000014526512,low
0.018257107373487673,0.051782094739333324,0.21618277864964675,0.21648715795795573,0.28496418446378574,0.13430302721851897,low
0.17800559571616076,0.45529717054205554,0.18641085841898347,0.4180444541173389,0.2670267169792534,0.29608563995646264,medium
0.0029605805558930005,0.16659060489845662,0.24634176093631813,0.48913158239092064,0.27259690572097656,0.20987341162323755,low
0.0,0.06747351397586124,0.15347871100705596,0.5110103357340521,0.6044370042531195,0.22938412723100898,low
0.03518861837615164,0.1272383326971609,0.4555238594784293,0.20744013024883043,0.2971681419112583,0.19039607831049687,low
0.23026244742860424,0.5013206135522608,0.4073646672216761,0.2594785426932775,0.5448786332600474,0.3640750605499475,medium
0.7846641517310662,0.14987851937499608,0.12839800283421482,0.25646424569903203,0.2850987281803801,0.37869230818631466,medium
0.119748804969656,0.06445681294530292,0.20815034449160352,0.29260092153605716,0.2291889391869409,0.1729370809389505,low
0.0,0.04232045037506267,0.5683968932641004,0.2677783136342599,0.7125295190045942,0.25415871464216866,low
0.03227495646816644,0.042927173184964584,0.22769954369137532,0.16874816009089685,0.3124518796353433,0.13304026709463002,low
0.16430272016762779,0.16959869895945906,0.5223752886802763,0.17618507680696452,0.2906503063895955,0.2404014104640538,low
0.667175136610011,0.05949423913579995,0.5882646540239436,0.24338606284283001,0.32498997878458163,0.39771679630000806,medium
0.3589922899499802,0.5078746279755163,0.28080184473521264,0.21815299367991123,0.2694929339692697,0.33544742812175193,medium
0.0988285744287374,0.3775916400446564,0.24201587977333083,0.4876333655605553,0.2988522983088097,0.2838238001619846,low
0.6464184730551743,0.9363451646588509,0.15811849389154187,0.165964692001363,0.6571557788947093,0.5366786541665327,medium
0.0,0.16979711153006288,0.46045394374874976,0.49675929602107877,0.2164120936959964,0.23484118712694024,low
0.0,0.12010494266204852,0.8929245396667554,0.44389013701197655,0.23792582785014282,0.28242657106233976,low
0.3679422722833682,0.3863070926845331,0.8056664928927882,0.20907961144315068,0.3211952830683157,0.3984892889047128,medium
0.0,0.03932909923863043,0.5596215967149132,0.16947448379548238,0.24718649314577526,0.16278193008592584,low
0.36362405558356475,0.046930414798860426,0.46292238663417823,0.2054314199399715,0.2487796477688397,0.2663148887832885,medium
0.725561644800519,0.15883795526604053,0.1753014572069546,0.4569364321607887,0.35805069382833987,0.4208261935808157,medium
0.07054634393952806,0.10664547502828771,0.7624126398566872,0.48458131223925377,0.31915632970320784,0.301644606069351,low
0.29067180744182747,0.0,0.21689868418724237,0.23665796597419742,0.34202089658895235,0.21837107254381694,low
0.0,0.11243863130722637,0.21381941473856117,0.15985212918723582,0.2828404445769426,0.128957130996218,low
0.20291056638648267,0.04958734906814675,0.38085827449677906,0.17548213489465386,0.29106340263583663,0.20667531827839727,low
0.4371969497874584,0.10155800013279645,0.4871160889458354,0.46956950131623376,0.30474108412455614,0.36416316118660225,medium
0.3776160288016124,0.4576907780271092,0.4728904833146482,0.2786238565749034,0.2885339654689531,0.37476140287842646,medium
0.22929396232453433,0.04162187282949993,0.18865490083435346,0.12542715114925043,0.2725286211387888,0.1713755217890817,low
0.03865878563184591,0.4818477617086349,0.7558747336741523,0.1595621374523405,0.35943090021173496,0.3071754606046319,medium
0.3429562106098037,0.15570109203351837,0.12476091375179593,0.23091983003111013,0.2750946726999283,0.24018938556362543,low
0.8089269760448965,0.024115842670066612,0.21413739066788107,0.4877759452456709,0.3389607782153294,0.428021175729098,medium
0.5781266993857599,0.05632385154412972,0.4352002932648079,0.48201003648773766,0.5474288797217496,0.4284991633700851,medium
0.4024323799562437,0.062333727804313045,0.515315350411367,0.21236919995203135,0.3107509145790916,0.2995802392867108,medium
0.005563308366688013,0.1375375796433961,0.778174183964499,0.2714227726812266,0.2845621829993826,0.2428715180195132,low
0.05437488642118591,0.046763927088139715,0.20561177209121684,0.11242800771990405,0.28688433053866913,0.12202526828244742,low
1.0,0.06388341321851976,0.2605482410106475,0.2593415544467186,0.20904928263279543,0.4350846220795641,medium
0.0,0.5093957657759284,0.23079157366008046,0.22353366150895795,0.39273984144838403,0.24011559772324695,low
0.06545522293852944,0.4605834363483,0.29317216835540444,0.2283990135980342,0.5667443091012282,0.2864205284893206,low
0.0,0.22851768277545415,0.44109633463197023,0.09541983519417262,0.6961486037370757,0.23537424434928222,low
0.08486757375527343,0.13997063350863156,0.4501094988493211,0.5658689833205648,0.34515630480158105,0.28591806604005665,low
0.7059426105879127,0.1455119616314873,0.5212163411659428,0.19323690628997992,0.5969418257089495,0.44725628179190113,medium
0.024632431187885957,0.15152152027046634,0.19970304704094732,0.4835634073039728,0.22402698037369634,0.19796621898345018,low
0.0,0.4849238701745866,0.45211205818642053,0.7449446133055662,0.5445754218133727,0.3954768186959996,medium
0.9226662834030607,0.41572477071640507,0.8898005462700584,0.2084705714121356,0.3586430971258554,0.5889054999560134,medium
0.7314407675296062,0.515314241217101,0.7640139596638561,0.14247118719687035,0.3116285617141642,0.5123356941483792,medium
1.0,0.1488028764640789,0.4756228140797111,0.3317934323513775,0.6031024389162398,0.5579280497124839,medium
0.17539046684388312,0.10824656510960229,0.16467128663812125,0.18628924581395473,0.3638712375322649,0.19080568086343425,low
0.8295282687777852,0.4862564758825836,0.24892079715305013,0.24553986140499132,0.34919818024030114,0.4849355946998532,medium
0.39663690637240934,0.1380501265419132,0.5131968340891949,0.2184733704050198,0.36449773349678244,0.32194995643900604,medium
0.3773206415779392,0.5660251481548203,0.2751384318247627,0.24842256194476217,0.3333734793552845,0.3673625211703053,medium
0.5219512480812005,0.10394080443680374,0.49922504242783844,0.47540467160092525,0.29228689304508276,0.39118125995284414,medium
0.0,0.9426120218895797,0.5415571107807167,0.19519758877459667,0.3831642217430679,0.36627012201140297,medium
0.18523878912996927,0.9166035897075011,0.10777282702294408,0.868975416341702,0.2998113774836963,0.47382506862482743,medium
0.30867779338745727,0.4900422391577418,0.5169152906289705,0.2410693989083298,0.5792366942198233,0.40324846335677056,medium
0.5760917684657927,0.9149960844038943,0.30365574192068656,0.15503468792189656,0.5954554815683522,0.5217003685282517,medium
0.4026834827865008,0.16471640758645167,0.19221370037541977,0.20648812744888068,0.4641400539721773,0.29349901499515624,medium
0.3326079742356226,0.032902531287979445,0.10703761746232494,0.11276197477676088,0.5306885995848345,0.22457422604070873,medium
0.1466498070642844,0.08098980905841821,0.4674987395798408,0.26820318719116354,0.3415859936772505,0.23519625135776537,low
0.0,0.13637148485761083,0.47592454907293,0.1920339175006172,0.3305027615015245,0.18664517705781378,low
0.29060032900430055,0.08745986252875791,0.5301622029794283,0.8899308697039136,0.5377165475840833,0.44284005773235124,medium
0.033907854997536915,0.19921830459094692,0.26048182717609125,0.22840097442215831,0.337415329265203,0.18538078576807626,low
0.7702792045309576,0.09449507368221328,0.18396672343836024,0.2356300413304391,0.3279323708451229,0.3738936485043402,medium
0.22181097767190383,0.07944973584399989,0.5142579901729137,0.5473738982672419,0.31559600822565825,0.31638611988360527,medium
0.0,0.10736707066922185,0.4330376791099218,0.5067826947026682,0.16866880616623098,0.21308592586580094,low
0.19127123971016752,0.09846705275907895,0.8074686487087085,0.26306444415732444,0.2750955745994824,0.2920723047925596,low
0.4372039070358799,0.14767602406931285,0.1907739822186538,0.2516575588627654,0.6432710255602205,0.3361346398640108,medium
0.40085609167983344,0.10076967845316316,0.19015335310404521,0.1743875669631143,0.32788787610921666,0.2529944609691948,low
0.13667337257102485,0.055727873900939334,0.24998992035641404,0.20873334803906327,0.3308287795938305,0.18101706115184465,low
0.45390631877248694,0.07174923436843436,0.1366425093929425,0.21894760347288378,0.33811345683167504,0.26552465813370235,low
0.21548548938758244,0.07741552852888245,0.7954694728217399,0.5283055335261989,0.23401537184088533,0.3402125859266848,medium
0.396996317336909,0.1286639056153314,0.1994039931715476,0.21061587853499214,0.3033458352536258,0.26236732629491344,low
0.7459502123130836,0.4823509354329861,0.15425731902553175,0.20631271804847134,0.365774610564367,0.4395225838287014,medium
0.0,0.13388656396679402,0.21669980637990519,0.5009378374249231,0.8160747546944676,0.28188106443949934,low
0.4230013742516075,0.04984697486266154,0.4878552417469411,0.23558898378562318,0.33292168043451315,0.30710414233235733,medium
0.005689188152765658,0.5458246633513336,0.5179372615456419,0.9194694906354949,0.3149047353397173,0.4196918867759993,medium
0.21455709546922752,0.6218914918364885,0.5119625414875644,0.2284083033807901,0.6195742597760177,0.40415760787376126,medium
0.2173161987966477,0.9323652224064425,0.5001302599876897,0.2299011326914572,0.25375404381978517,0.4107307762296955,medium
0.0,0.5582920967331423,0.4223975492522584,0.24021648306651455,0.3125042897300234,0.26993699180727365,low
0.20729201624591664,0.4563641045523507,0.0937142259727581,0.12435856747700323,0.2565980640082911,0.23087898277680313,low
0.3606748187432953,0.4431423162316342,0.15798623930507233,0.20783909508409834,0.3099168221897228,0.30858418711035435,medium
0.268395765641479,0.13497744270554823,0.49262286366209646,0.5094769038657186,0.2891770694973967,0.32667958898062105,medium
0.010946391407225512,0.027867136026249337,0.4946728543889235,0.30148806400932915,0.5952595700055247,0.23264482108845058,low
0.4009087168007571,0.14744908647790625,0.2009586697214459,0.20075785957664125,0.6153731590660645,0.3123637785692632,medium
0.5905713712208018,0.09326293783506683,0.5747644174731741,0.20207197756559728,0.3303937481717275,0.3720121192931086,medium
0.05497681453419261,0.5330852273743415,0.23030973031452567,0.2240992861437786,0.43158036269244604,0.2672134610149276,low
0.0,0.5407343436020595,0.5747089117862183,0.14204483084973624,0.365708097029408,0.27761838621270307,low
0.3612789298012758,0.49686372226944286,0.5179011009118205,0.2618993461977642,0.3070014979310115,0.38387168246024894,medium
0.5930417204134542,0.5413284769797879,0.20380409148065404,0.2014902141820783,0.31860292264531637,0.4048373064753051,medium
0.06073263180699508,0.9111676554619439,0.44783389747833857,0.11466554166210804,0.258548427118651,0.3293437776564574,medium
0.3857774199337068,0.0749434700874997,0.4315400247629647,0.18561318229762194,0.667929001514866,0.33276491039881095,medium
0.008417727071837678,0.06394670398857048,0.5492945653261198,0.20945265995865822,0.3594615744620635,0.19351861187922453,low
0.8472322320075876,0.1303049428726621,0.841864658106901,0.22275064464860653,0.2933234868064058,0.49505900884352605,medium
0.047869740477356364,0.0555878783166214,0.4762401844366418,0.1466937223006558,0.31472655913297687,0.17346225380210517,low
0.22039429395066756,0.023927495557626438,0.24729001942477943,0.2911546469796036,0.3353433588294515,0.21652972343078092,low
0.017201239619724747,0.522096558764761,0.7760026135777746,0.18098800364163253,0.3165997742355455,0.3096676425391941,medium
0.020046608020803203,0.4729245468280911,0.74468280654275,0.2154649506886679,0.7155309737882687,0.3627239489592456,medium
0.45169190837799295,0.8963484765948133,0.08972665574717283,0.18038688102162587,0.38503226050100703,0.4220684814739127,medium
0.15661019584912783,0.49074828413701493,0.5284085884110075,0.21565772871993671,0.7088996777507431,0.37386050125039133,medium
0.0,0.1456924854562179,0.5442037104176122,0.19446176457637626,0.2312494913956908,0.1843488302785143,low
0.34865771475450413,0.06254825322711742,0.48075126900230924,0.21506120828201328,0.3010638940417895,0.2773914811847922,medium
0.4223672344151222,0.05806114851980652,0.5233841490519058,0.1444853309574482,0.38852189189218583,0.30400537236160136,medium
0.5284071268514772,0.13719553676254712,0.24914517002496653,0.22131416157373876,0.26981422797184174,0.3080679874222216,medium
0.03653760371644243,0.4746718928279994,0.7954709901761778,0.5475307293632043,0.36032254193950486,0.38877083537052587,medium
0.11718918517547408,0.05712304121875773,0.1970302156356688,0.29671946285390866,0.6525373492709108,0.23336039110316245,low
0.41352998897826965,0.071388729666076,0.5659384122152062,0.13743495045273973,0.37470632136587806,0.3069204427544067,medium
0.38021965418561987,0.12815887684373004,0.8543901536269111,0.11885597103435876,0.25890481916544306,0.33046311175015686,medium
0.45688814649016,0.4753725449286992,0.19397314188149253,0.28800844008090903,0.3036920376128612,0.3643924178731227,medium
0.0,0.49974782132163215,0.17578517938322866,0.1558689236662224,0.33314702607216495,0.20746317981587994,low
0.009314293433036025,0.043756849341436116,0.5342395885166337,0.2235362915651053,0.35503128066108913,0.1896435465878775,low
0.3479463704248934,0.5417908904022462,0.09055351640069297,0.1402867580514853,0.3468529531092327,0.3064104112447032,medium
0.01625848947353694,0.5248905018562735,0.4592529032137076,0.151347178509181,0.1661739083825555,0.23393910465459147,low
0.6526926287307868,0.026601777385105912,0.8654731451996971,0.21388783525632923,0.3237810310738527,0.42229383758855554,medium
0.9823514565043435,0.08749088755911398,0.5720838341412143,0.18454748756695966,0.6582540905060947,0.5336638006736141,medium
0.13831579562468294,0.50036344912497,0.5229656827259139,0.5235582732535697,0.260090014078354,0.36373743768375305,medium
0.04821622670770742,0.07275504181202581,0.13486085095547792,0.1091940615707991,0.324450528237055,0.11975139556775716,low
0.0,0.11389404236699452,0.1346966532788385,0.19892507405482943,0.29946273007020047,0.12768773078672063,low
0.0,0.5006633179225279,0.36868226471751164,0.2294691967671121,0.34557905108791276,0.2531657003087417,low
0.008088148762750621,0.5136970816783061,0.5205783164146646,0.2015639858151497,0.5886821909364783,0.31186773423018777,medium
0.0,0.4885236303231175,0.8438212298530336,0.14642252378255308,0.24215532782535826,0.2898857144728929,medium
0.593387020899831,0.1573340850187905,0.10430437137593798,0.19792878273279826,0.3473442257836587,0.3168159693942066,medium
0.28175458229202877,0.06918825089534016,0.7684108916968941,0.3385443024141039,0.2583987476457834,0.3200943312508991,low
0.8474001796896588,0.4448682994719652,0.30385865133091694,0.7929573186866888,0.29003243948513957,0.5908688411610369,medium
0.06270883348846244,0.4846090433950101,0.22385612121933066,0.393780599798869,0.3730396819321023,0.2840249491580295,low
0.0,0.14610493902848246,0.29825740483111995,0.21802678374982626,0.26419398726140975,0.1571940533695412,low
0.295373143091101,0.5235094232422541,0.24151995471326987,0.31954957486599533,0.5786847362951143,0.38025444620023785,medium
0.0,0.08240120812028366,0.5683517415218824,0.15802237549793452,0.32984470761850776,0.18281418409470215,low
0.3281113438548196,0.04447758709404779,0.3174824414062204,0.1510223995271343,0.6420974848735873,0.28147038942265346,medium
0.055972360850798146,0.03815549527122332,0.6937368761577722,0.18717724900119886,0.266940302440292,0.2059598338994335,low
0.049799196886667466,0.14165822793373362,0.3352726023217194,0.2628238601307289,0.7017999579020757,0.251397060712462,low
0.2367852432058906,0.18005902720098477,0.8045133574822008,0.5161771920865779,0.28191736735186973,0.3732474255443903,medium
0.0,0.018347991403955405,0.21664384679268633,0.44840006016756945,0.3410267194337637,0.17700019524827246,low
0.3603658092216538,0.024299623386540098,0.492220176994962,0.22626863337296066,0.7362616135705696,0.342495662703226,medium
0.0,0.10874592829221637,0.7551703121181732,0.4999335265077401,0.30197360605096474,0.280307478685362,low
0.2603338121520357,0.15095140829203624,0.8705503960076895,0.20952204140047834,0.38408242754858724,0.33838975711755515,low
0.0,0.44989940085123037,0.5408677956351107,0.23856791061432994,0.2538481743676486,0.25690085779352595,low
0.0,0.560980142993295,0.2558406362875547,0.2050481367076417,0.18599153408163155,0.2194804814955653,low
0.7923346891831341,0.0884200310843713,0.8469936482888322,0.4360636364689345,0.6557901263653672,0.5680147064637312,medium
0.008405127665732813,0.1134108146003886,0.19665623030001603,0.8215356029860936,0.35026608284083344,0.2715491687881437,low
0.27632603912653336,0.1643016319006264,0.18298502317800663,0.23305056391861695,0.23263219562606557,0.2247108337224195,low
0.0,0.06923139953231092,0.2211299729300722,0.12004171639070937,0.3361783424035579,0.12145087048464857,low
0.139295383779684,0.4473217487183658,0.4866363158881534,0.09378089666395902,0.3419266654948829,0.2742935914178256,medium
0.05423458069793085,0.4628635057401263,0.41785342529786645,0.4452287431487995,0.3580183154275215,0.3142695850959726,medium
0.08770264571941468,0.06774161514343452,0.2068652922443639,0.27131977928627177,0.6147307547376742,0.21736247964907138,low
0.15569181682664973,0.10792912657707421,0.520177906804372,0.1964854199318855,0.5857104449722836,0.2734737071162852,low
0.13975353942750027,0.0,0.7913130996977743,0.15051382342646208,0.6507609881534369,0.2883399396912242,medium
0.010968519790658824,0.5256129399931804,0.2217027677607839,0.2886054177532208,0.2966698069284047,0.2438901136898562,low
0.04947292879123241,0.11250402750266655,0.596260448956038,0.17080233146650978,0.6230901022743592,0.2544057331157646,low
0.067878276521684,0.45580392648933443,0.8197947531377653,0.5337593199703838,0.35452676467934563,0.3944243599210155,medium
0.0,0.48907952639250235,0.6222584789635348,0.25382151026414146,0.3336564007391315,0.2919674392867287,low
0.5679041988117451,0.5177746959735917,0.24754344301891223,0.19677030477115165,0.5920799698387489,0.43922377172112137,medium
0.0,0.13786506844733334,0.7673918282428808,0.25250918444597964,0.6066999916956957,0.2841886235694491,low
0.7470558949418634,0.09658573236487437,0.5299753695312639,0.23316043565708003,0.5366697367177883,0.45006276802430767,medium
0.35484900078058534,0.5217129680309257,0.5125864595800479,0.2154376667779908,0.6597028386619971,0.4297282219322656,medium
0.8163107582983337,0.983066258645806,0.13348911867139537,0.23048320526988103,0.3053682509551757,0.5534317257166231,medium
0.5509517061590754,0.055420363493679334,0.8051476101380182,0.30887421432458706,0.2830349837616832,0.4013718164963311,medium
0.39869752729545566,0.9010419360532177,0.7731515015331897,0.49280425863093624,0.3417253201432013,0.5656100203769261,medium
0.0,0.17243467095702883,0.5760183893109888,0.2530368468522475,0.1498540246236418,0.19397516565204986,low
0.6809872758410944,0.9158645519125093,0.44543658413108583,0.23859378375913654,0.3244048776307383,0.5506640691509311,medium
0.0,0.48594249512047616,0.5429790426476991,0.2435103788066877,0.5670576160449745,0.3123960735893338,medium
0.27324292120687926,0.14018000545368517,0.5950406182475746,0.25640244518796784,0.6483049285644799,0.3477911985122025,low
0.5962366423912886,0.08108248241577257,0.7427036097938386,0.19813427586194327,0.4182877226153632,0.40886304423431,medium
0.36732577131873384,0.47401852499924363,0.5399932908723855,0.2440976166960003,0.5891460862028761,0.4231918662959581,medium
0.0,0.4582168115173081,0.5631258644375781,0.19365509200379372,0.2964567807235591,0.25931177747839096,low
0.8153537723995753,0.07623912866109396,0.4656747003731281,0.5269766796155833,0.30806012157784474,0.481309516667854,medium
0.0,0.1707970773227237,0.5301452122724248,0.11693048432161707,0.5729176574470846,0.22300494278679456,low
0.1416405457035771,0.44244325526569633,0.4611842351325595,0.17770790230629147,0.23908481008822144,0.2715627520085878,medium
0.7658923509632395,0.577779858021541,0.24744344775193608,0.15945291888750923,0.2845476680440851,0.45701292804018506,medium
0.2255716361305271,0.46217751254384637,0.7328507204590269,0.13840125971947312,0.585246510135377,0.3855018298809826,medium
0.271003777494397,0.13481769427044665,0.18242884540756507,0.16357477003434487,0.19676003709433626,0.19785795848456258,low
0.10896008558425999,0.5070229351701488,0.19006177266748592,0.20082260015730008,0.43965408064750533,0.26871451073801644,low
0.28762977516275656,0.0714896259991239,0.14978334297211127,0.21979432181642744,0.22125428709647504,0.2002013666222252,low
0.41905507330383185,0.048144993704402,0.15459066832815285,0.26937702565173105,0.32269778289897577,0.26081419354644547,low
0.0,0.1346790118769842,0.14894094992255077,0.1599533846647817,0.2897296807161329,0.12472707390415574,low
0.025058660203818164,0.12276716197626222,0.7947658268212652,0.20661914225380917,0.37003218214671907,0.24811456025235734,low
0.0,0.13892632648581404,0.21115952111267042,0.18607628978173124,0.26711280621514955,0.13674137235268205,low
0.4444802416160082,0.0970747428264647,0.6122372959508113,0.1210758068277353,0.30527543625347764,0.31460109224628585,medium
0.3951333144537141,0.5115675228605011,0.13903305172898456,0.2276425831194979,0.3134672478624888,0.33425706047083503,medium
0.1514351961276859,0.10476975526026255,0.28012034091336613,0.8467947266707526,0.2853049290030155,0.3205572457119661,medium
0.013377882409465542,0.0,0.1356792792178101,0.2679265113933045,0.5472842159756457,0.16004319128051891,low
0.025107401049643,0.4740669174004075,0.25002442534037916,0.5004956291102499,0.3002327365762184,0.28498330390451404,low
0.2373275705579629,0.11779968197122623,0.4725573872042421,0.2144828194502601,0.6933483200768157,0.3125406275438448,medium
0.0,0.08030339847187223,0.20435702240515255,0.23557731781122493,0.763004537523477,0.20828037724591386,low
0.8156644666439462,0.07798891207131375,0.8721939832384771,0.11239433366697278,0.6694423367996637,0.5140214371465622,medium
0.0,0.14889934270187416,0.5708605236949563,0.47853437185608017,0.23998135891759118,0.24711302530347296,low
0.030973194432347473,0.5665025205309969,0.7962721591967317,0.1689125198018082,0.28859224029680447,0.3191046263202957,medium
1.0,0.15511699335679383,0.4668775880712885,0.2104609750550503,0.5725300525604873,0.5290267397771352,medium
0.0,0.1597582068209348,0.5138726444276848,0.7735714158286618,0.33404502635788613,0.31385357514775497,medium
0.2622048680686656,0.500518734204874,0.49031128865939366,0.1861363363894673,0.7624381245917237,0.4039048865271355,medium
0.41500057818857394,0.008280903933379852,0.16155095709781697,0.2185008809972312,0.5873686544587617,0.2821944721761812,medium
0.462378968968206,0.11808799271079455,0.7248350597044287,0.22949583799575493,0.5269653388900589,0.3960005166209448,medium
0.6122237349398365,0.07581520841967346,0.8137002884750888,0.7681430912683657,0.6166242414882581,0.5670074599140608,medium
0.038085439974083854,0.10422074216074532,0.46524367700919,0.16475534068060096,0.31210839168174187,0.1818236588641342,low
0.22919596249063182,0.017925533932233673,0.2664261934089377,0.5131339402572668,0.7201231729173188,0.3229530885340281,medium
0.33600272399009234,0.12456188761333142,0.48382341330515716,0.24489836062279888,0.3648792221168306,0.30199826215755193,medium
0.2894188655515093,0.48372807760309233,0.2512981150550662,0.17844423339314153,0.22703185678015736,0.29100961763998306,low
0.0,0.05309864350684276,0.8155183860925933,0.22504973882063775,0.3318178305854065,0.2277301089671961,low
0.21305693951966198,0.07002169429436866,0.4540522435188089,0.34728062528289083,0.6055953618100539,0.3063246865706799,medium
0.5795325654148308,0.02148781527702781,0.16720367673157424,0.42932802259656544,0.3626757659822694,0.34350485360624444,medium
0.0,0.5384504270590146,0.864553175506186,0.7316242737157678,0.6302141113893689,0.4782300331892897,medium
0.0,0.4846177215610896,0.5148481674918371,0.5356247700080713,0.6324252598361577,0.3761395124130314,medium
0.015660476557790844,0.4412235019893044,0.2535019359709578,0.5001266008654133,0.6290089820526674,0.3253448012418246,medium
0.037533167084200854,0.8954937885755315,0.573553958816555,0.19641007112774553,0.6730927017944105,0.4166377211575605,medium
0.8363378558285055,0.07532396513375743,0.4757261026114559,0.20052824308251185,0.5932282791880461,0.4664149556617308,medium
0.04275226200070691,0.20536419939838896,0.2483702236072248,0.4895326292609868,0.27482800434064536,0.23028477852426776,low
0.0713236815377417,0.46749724723088437,0.578090722955364,0.8787216437218444,0.28881488864712757,0.42067672439224196,medium
0.01824388726676315,0.11602808212311425,0.5155159375872757,0.4981695310907474,0.23119544142923204,0.24031939567527744,low
0.0,0.5099745857192204,0.7627037721642215,0.2065554612655494,0.5622842270364115,0.3420542092770489,medium
0.24630445229322345,0.5188846483345166,0.7917085210388438,0.15010189828259912,0.2848693960195208,0.36917533257014484,medium
0.0,0.07959699907421328,0.17121515451936614,0.1944035096041333,0.3270584152720104,0.1295411372043758,low
0.0,0.5139476076149081,0.09335661025974772,0.1977465278098457,0.6462552319473652,0.2532806034160177,low
0.06811904863976735,0.8958205052740057,0.8166767429446645,0.23027425632956217,0.6673412777315051,0.4682573700140692,medium
0.3632849603099296,0.5547387714484385,0.44107329823441044,0.1467289576836373,0.27998033178719184,0.3574370784226344,medium
0.6437939524371139,0.08905157577553466,0.7916576437576757,0.21210918720323113,0.6642219286246344,0.47175227418423377,medium
0.0,0.053803337766814285,0.16515766183620373,0.1620556219348751,0.2943113503012,0.11209214376094843,low
0.0,0.5733680183968235,0.16416386931624366,0.18111559741288447,0.41344427071666373,0.2375379441668777,low
0.2793209068239159,0.10999793773358597,0.14144200562418346,0.12544569311095605,0.7330572611354326,0.2620598882300256,low
0.0,0.1340583762979061,0.2165826643725328,0.17820285348306558,0.6177614858116078,0.18760386848381544,low
0.04382900060056236,0.1578106036385438,0.23976646088222445,0.17036631934493282,0.3147176251751202,0.16195669768546572,low
0.05166115912465518,0.4117093953277072,0.48739644968489754,0.31369829356227036,0.6595271731054894,0.3326184289339501,medium
0.7807008140027422,0.19606131063505994,0.2375887632210388,0.5097343467949089,0.5550233805807885,0.4942611972570905,medium
0.03809090268308463,0.17438842854192999,0.43022795174199857,0.22595607491704156,0.2812231140302898,0.19821383136256293,low
0.2219690298951321,0.02269959635094594,0.15616307576865335,0.21757588007773662,0.3454793634491866,0.18989217013695214,low
0.0,0.08021727611833485,0.2099768413914673,0.21809431754557188,0.2626571334236317,0.1305574149550462,low
0.06675816838316849,0.041536666744589716,0.4648221001967338,0.15330677560167005,0.23507845475617573,0.16398122222713893,low
0.8755220634671139,0.14073896505230665,0.7452323672935404,0.1451315169042217,0.5784911323858873,0.5183892403833539,medium
0.42781124038897583,0.5398339324612111,0.4295981724828428,0.29677200520501534,0.3310075075383457,0.40975541165311635,medium
0.36787305726334857,0.08920055673257331,0.312855032203479,0.2444497086826622,0.49832961643047446,0.2987696675571447,medium
0.008602716524293466,0.17495407431529914,0.531897058146654,0.43266811952274176,0.19664110405069748,0.23338597805449893,low
0.25308789383846925,0.5272614615534252,0.46326115931337447,0.19906086019711974,0.291627695047592,0.3344241606557947,medium
0.8977266892253046,0.0,0.21369388253686997,0.12634888366208136,0.6142014663547599,0.4187720858337521,medium
0.06534162217304627,0.1306261778036727,0.22514940663612446,0.0911724164599288,0.3375679096093098,0.14836980294144933,low
0.5847654813218385,0.07148027868903417,0.19678873818188902,0.49322888976635687,0.2551662529226246,0.35616472675330685,medium
0.04999790849306726,0.15637173337887536,0.8514253009083164,0.1626065662138213,0.3569248548883854,0.2600475558359647,low
0.557674638656158,0.04018481539041289,0.7982061544802332,0.2087274225229389,0.2866300835386833,0.37981027488235525,medium
0.17737458413194346,0.1208164836544464,0.8545153231936694,0.4435764012576803,0.2603071442733339,0.3333143223420589,medium
0.0,0.022471497259255263,0.7897956481961242,0.16753105422978776,0.24331864876951542,0.19296765484265455,low
0.4498343035435955,0.45836002757209304,0.21012173454420927,0.1779346820583471,0.18111425131903108,0.3208946308686528,medium
0.39159198529681444,0.06109523317451757,0.22576639371572965,0.2182645593797096,0.2749719668446041,0.24846030818393983,low
1.0,0.4004636884817531,0.5594748612036897,0.17893315368148635,0.3071809144995179,0.5458777347881291,medium
0.4339922414930601,0.4688282769953486,0.20701938064774364,0.1981828986813455,0.2849031008816287,0.3373882798126627,medium
0.0,0.053879073727124166,0.5381606803886467,0.24024537213037292,0.38999537878385443,0.19804829804737462,low
0.0,0.0,0.22890529617523525,0.14582450521810977,0.31764392085413656,0.11114728359802772,low
0.0,0.5312479479992253,0.2006427264657478,0.08687074481571033,0.2795128597857764,0.19564707650071575,low
0.2474417217135967,0.0435366553359053,0.2648221938316516,0.1973139992080422,0.3471213966218975,0.2141941859909009,low
0.3601491955222035,0.10708559701200958,0.8075784509351357,0.2226621916298088,0.35457252818660445,0.34831696325328576,medium
0.609386954282888,0.0,0.15395317349867038,0.21866741840380008,0.25872409679171215,0.2884511605091838,medium
0.2787836196113193,0.13213886946105113,0.5579761987206362,0.2194352146354487,0.3430280783139705,0.2891005442578867,low
0.18448018572742422,0.45903998326412115,0.24009640170905655,0.31148407110287973,0.3171675835591791,0.2930384643818628,low
0.3625839910282792,0.16419428125162755,0.5732372397836435,0.18748155958786275,0.28356737277506916,0.3076310573601887,medium
0.0,0.9071526777150415,0.7675114573042912,0.17874437917420535,0.7446574672580515,0.4440047500622008,medium
0.002134929279008649,0.1668850417657502,0.49120881283345336,0.4734807164728082,0.30015515875430504,0.24741822616957804,low
0.23599090433663045,0.0,0.49993990313867176,0.15655088024676023,0.26639206461391685,0.21705724251322944,low
0.03870660917825094,0.13848954576453024,0.20760664778766383,0.1571232890996915,0.2989762196824679,0.14672197984683938,low
0.0,0.18028712276860698,0.19650912506028007,0.24825732491367253,0.32532483068810225,0.16398398289871324,low
0.0,0.5804338665617472,0.4156307003770663,0.2188414378663738,0.27839259849584047,0.26395855571656024,low
0.0,0.4770781659531181,0.8393376149021717,0.1097526811912759,0.3586779972546744,0.29706851125240574,medium
0.8377894784861398,0.5574897055665281,0.5028326599028357,0.2115361997476697,0.6485994462721234,0.5778568405349254,medium
0.8793711896600761,0.9501166661393595,0.2557444723816985,0.2617281975440166,0.3530896273163091,0.5975054445893991,medium
0.23857376021457452,0.5761875792107308,0.48127253873258097,0.19484563241658578,0.36364950749281366,0.3525170773236449,medium
0.0,0.08124008116662063,0.8495243397127394,0.2407732679866568,0.28297170489621504,0.23427707652199864,low
0.0,0.4415627971889253,0.1563670699984547,0.5324667624717919,0.35001893443006427,0.2707638125964213,low
0.626198579047369,0.028423836124147797,0.1393157975472879,0.13874721169183743,0.5760586970351405,0.328599957464772,medium
0.5600276633987684,0.08384187459781216,0.3909648201268464,0.10269314401926553,0.39489168495391347,0.32319377850516,medium
0.0,0.02674780209718232,0.21540391246894589,0.8189903363209817,0.3365082470411482,0.25193445161014694,low
0.7749165519169089,0.21738886103292862,0.14469136905940802,0.28839538767756756,0.6707413753832869,0.45594672698357613,medium
0.2943709472219383,0.04606887670775624,0.8154622778211169,0.2948968130780329,0.3232012419059082,0.3273039500827931,low
0.31220703551908563,0.1178475308682764,0.5028601209138962,0.18203196640668048,0.2742212546958118,0.2702002164521733,medium
0.0,0.07286976808090304,0.7953337430285129,0.44726682272080914,0.6386646740531581,0.3191270807225931,medium
0.13486280339958007,0.14756264832199792,0.21472147114821694,0.1437406373545656,0.3074110000289791,0.17703936883176613,low
0.0,0.07147854522914168,0.5473262862270466,0.2612618760366671,0.2714225096434654,0.18936040363373857,low
1.0,0.048538109168673675,0.4808236226855038,0.24994363167993222,0.5606046502520484,0.515910589110354,medium
0.45807720746122477,0.15828621073031127,0.278356754017582,0.23199882501222957,0.38898998546705926,0.3155821803095718,low
0.9888785861130672,0.4520417682215702,0.16134447108264088,0.23226660827496967,0.3006082600253709,0.50281816079943,medium
0.1158531977065424,0.1471014290712907,0.7652921530822241,0.5199210175809318,0.2827687160718875,0.325369579015524,medium
0.09822054283407,0.12465669081958175,0.5937966837920322,0.5145297062792403,0.5222487692175666,0.32471026022142524,low
0.0001488967197321894,0.19345996208928873,0.4643742383235486,0.15485520279868448,0.2666240613376677,0.17935744694269673,low
0.8241424901766013,0.09255639382246382,0.19410174712772615,0.3010387110874079,0.7418102945365248,0.4663485742845924,medium
0.6006743226383694,0.08929233509145569,0.5010812053676765,0.4583379484727657,0.3494925982834607,0.4173144240520257,medium
0.16496374160771615,0.077110787197267,0.4385926065121767,0.22837554741853322,0.34008261338506063,0.2273876723900605,low
0.0,0.19572816413216426,0.37874510142336226,0.47001765939324897,0.31480925084357153,0.2371823175451227,low
0.17219409337609123,0.06806413447643314,0.17765135028016857,0.4918276229646295,0.7050159997467845,0.2960366820050829,medium
0.0,0.09266004373039094,0.45740485633119354,0.24822450561915396,0.2764546687411894,0.1782558386307664,low
0.41585688355086997,0.02571551071009595,0.509348697346645,0.2364920346029433,0.2608740488298504,0.29273198605434314,medium
0.28209706274937973,0.8165409669525587,0.5094314515885311,0.19148030504932617,0.5804963959757999,0.4497225503598406,medium
0.0,0.16110071322251546,0.20472820687455143,0.21793129673449455,0.6169400682364897,0.19905664325805816,low
0.019068717561684757,0.15823848140790803,0.7636469898294574,0.11120295592303585,0.2908766456463019,0.2177874480560581,low
0.38455426045142355,0.48479974383399155,0.2234126341211267,0.2829693257236165,0.29840560270300265,0.3471928275705681,medium
0.0,0.11339355166016987,0.4410786241496931,0.5791706785287598,0.2735327093779342,0.24570454606693004,low
0.3094010616959923,0.9167576146767092,0.23860536287910755,0.18645782239223763,0.5746753092461554,0.43545550674137645,medium
0.6257298783032942,0.5842896704156413,0.4586399716444312,0.5057594549308541,0.6137063830179809,0.5665807417596491,medium
0.4412220921253234,0.48211143464638706,0.901653266584941,0.193768854649726,0.6511368728040038,0.5004612064051613,medium
0.4113030910224429,0.5502015958885187,0.46065775604216835,0.20146680281363158,0.2610734682605713,0.38198429069257384,medium
0.029559704703796475,0.1546742017930572,0.8638149109808579,0.772136097849646,0.24711815940695017,0.36086993189785077,medium
0.3479512779643523,0.8539253031011211,0.8230173026185336,0.5560126267091742,0.6733313230403731,0.6108252632002007,medium
0.767335526764216,0.12431410383713738,0.32337841199711614,0.13149724530785967,0.3127864092245228,0.3767876510415101,medium
0.39687042223064867,0.49001948478451796,0.21850308842376043,0.23464638976568836,0.3024051961157389,0.34213054426016076,medium
0.03662262851506133,0.46162298152209,0.5351945720227573,0.22847168123852052,0.5826208584523922,0.316678035677913,medium
0.0,0.9497637249674407,0.2958154473840393,0.22627327314607892,0.2582818795736993,0.3183219986663647,low
0.0133185825562258,0.08537517519564758,0.1898114011522564,0.872100474141776,0.7299694033710762,0.33345782531285234,medium
0.006606443367380095,0.12785358193459417,0.15219327457874485,0.27967241375107565,0.7344037942375039,0.2164766924697853,low
0.3627128385688838,0.0250832076982805,0.48512156260735756,0.5660246268878804,0.6521195896786053,0.3976215913307918,medium
0.058731183774844965,0.8734182887660428,0.8233405591313538,0.14802019927590265,0.35863607224644356,0.3992035474475122,medium
0.455131904318095,0.46483260644570745,0.4844831342734971,0.10021925076739222,0.523660587723191,0.40077150103755166,medium
0.10126319604584243,0.13823974161760685,0.23676455526691254,0.21384872292709972,0.6572742002585952,0.23490246505152018,low
0.2181070281598076,0.13187483237395195,0.5779138039148469,0.28121715222761656,0.2813059048844288,0.2769334616881473,low
0.0184137759652523,0.13229168066521105,0.8515313354853249,0.18728807359405572,0.5264858553343374,0.2761426622643784,low
0.31593813920964514,0.8559176650455069,0.8340585578756712,0.1838955415312309,0.3461130367784098,0.47976982227635323,medium
0.0,0.06504089160067464,0.5510008605313699,0.31676280349870023,0.638908629724373,0.2548471625582364,low
0.0,0.48800729113271857,0.17650264101047172,0.2122687134350391,0.2541115207815969,0.20464732518236184,low
0.0,0.06581426562496512,0.5095022333338998,0.1338907822525695,0.3147845481876547,0.1635840268037401,low
0.44900461196265773,0.5044851774268038,0.5023030029720349,0.45033285451684624,0.25750978451191964,0.4396369081001205,medium
0.8610299583466348,0.0950647086383491,0.8592400489685991,0.15355725283016888,0.2730144335150864,0.4778715521702468,medium
0.13009904074658102,0.09369354375905374,0.5617802998533988,0.19930473162116652,0.26614481489135483,0.2218181345117314,low
0.0,0.1779158687494649,0.21695102832568608,0.20666267349285905,0.405929987134482,0.17034786076749,low
0.0,0.11514901240467373,0.17383018283342128,0.19270714572299666,0.24339116895727161,0.12415443439413802,low
0.9422472514078157,0.13403768080345774,0.22259967797664373,0.18852592514468744,0.7108995359580925,0.48721177870218413,medium
0.18577180397230814,0.5434107686619277,0.15894389077628598,0.23563820799746493,0.2726144473254135,0.2762750872388259,low
0.6601664449973336,0.11980032353563504,0.7688707817149292,0.1248504810182037,0.2255657456809474,0.3961455735193493,medium
0.17009313735126022,0.9385648551137625,0.18793088037051428,0.11649716027695357,0.6151140046795301,0.3824970770410279,medium
0.8263335015532262,0.5366444073561594,0.18339478594968395,0.2275279798824312,0.27306450784061453,0.46920342198223075,medium
0.329493744368431,0.5255806288390997,0.5964288278489889,0.8062798149273465,0.34094445110633276,0.5058262039071169,medium
0.6478407751795003,0.5140907029236348,0.8376758011019945,0.19848860650899072,0.20049221623791436,0.49259329704136157,medium
0.8826480134747478,0.09608598584335828,0.43767533989413154,0.20284103930124228,0.6383066248167368,0.48597710377797465,medium
0.8574918105748273,0.13234762833109753,0.5049216511484138,0.1731248360205363,0.2644795882136085,0.4337522219470783,medium
0.232100259354211,0.025392293101753116,0.8982594394380107,0.14683727393814716,0.2445224879356172,0.27549328032028747,low
0.5600767551498439,0.45765820214375913,0.8329993629393591,0.8077436394592181,0.32654848201550535,0.5950355716087783,medium
0.6369403508689604,0.10833800198720521,0.867823314125344,0.2644905321486205,0.31758245639825755,0.44345867766639346,medium
0.027054710366257756,0.10474517838990002,0.21742729772294134,0.16541963830044515,0.5733559961078124,0.1807668705225594,low
0.40185820009515455,0.40076481557138177,0.7862443236881199,0.16987102458301978,0.3761412711332071,0.4090424672826257,medium
0.01315213793608466,0.14219072587316117,0.7891805519950298,0.469755526579823,0.30610481919534527,0.2906276975499785,low
0.7954496031741695,0.11715278134856938,0.5569373865506595,0.5076376802477731,0.2418990966314642,0.48341844574883786,medium
0.31063299377683423,0.0646216484502157,0.24567994185186554,0.16998917439751723,0.5771783922819852,0.2635408128226745,low
0.19315142763488768,0.032314427028181394,0.264620028845466,0.1360831597609592,0.3848435226752932,0.18904447837640828,low
0.0,0.11661731241160529,0.1757838167214946,0.284714139515578,0.580076292932908,0.19364530683359704,low
0.007242154378292301,0.43495440229754223,0.1826843633051518,0.2638633088599584,0.6354045635145106,0.2646495275679372,low
0.7867278057454475,0.11393458030407913,0.47661762492741466,0.23802792822890514,0.6325470691205423,0.47278554753742463,medium
0.8407720783979379,0.11379136504125656,0.8202407195287239,0.2790969137390229,0.30330597641770035,0.4993412836674008,medium
0.13812511723926865,0.06252514701326459,0.865884004291571,0.8009850761888152,0.4584123133312993,0.41278402745562714,medium
0.18433587510757762,0.10625138277109417,0.4806760098802676,0.21298995068028678,0.2534686198897201,0.22927072368804766,low
0.5941258409161817,0.47382584389730564,0.43492573019844294,0.2480230662285934,0.2805018134974626,0.42992166585442015,medium
0.0,0.13610935829741388,0.5529683340375219,0.21912311569904455,0.34597422269070865,0.20588787830852628,low
0.0,0.052992395436669226,0.1968378393557784,0.7449241920304819,0.36287015738220985,0.24353951700412846,low
0.0,0.10714767795503098,0.15172669415769283,0.1467430337402162,0.3274826120422172,0.12265953826903594,low
0.1760126717526751,0.010583990240312022,0.16244859316232643,0.13580279606456028,0.39544484001398916,0.1657651737632243,low
0.16504691565381474,0.12271058272936396,0.16702984794718348,0.2465066938096354,0.37223691049311836,0.20424754376998958,low
0.0,0.10207888914090585,0.5300987687113745,0.5034062464553518,0.23552030065012758,0.23593988752347683,low
1.0,0.06204325046697692,0.4828112822558796,0.23003555182493723,0.25624998871002413,0.46927495110326833,medium
0.16689222000962378,0.14469016130057094,0.23503560540376023,0.13619542746370375,0.6300302199326763,0.23600465755620756,low
0.0,0.5026121678875073,0.8016139278710359,0.24385390754957828,0.6286003520118107,0.3638253570698441,medium
0.5883017802672367,0.4855160017126276,0.41401282011040613,0.5798005861246011,0.22907398595438888,0.486016872557336,medium
0.21505177231284917,0.048196426274448624,0.563803089976642,0.2536864271502924,0.23320153627586804,0.24444279631667945,low
0.2088024839527473,0.06989151611173006,0.4589696870062778,0.19157924539700227,0.5460774648884552,0.2656919702717806,low
0.18873139943506784,0.10412051291211707,0.48882991705405954,0.17170010968500493,0.267771271038402,0.225273722563814,low
0.1685134618430961,0.5011308155470864,0.3959391850336225,0.5556733339254395,0.30858554932669296,0.36759357860148134,medium
0.03052446483019914,0.0901227152609031,0.13743625618961308,0.4779469799714081,0.2748162926995659,0.18460916082889883,low
0.38880216493493697,0.1511436565503555,0.23321008328823112,0.26441860188558464,0.3411930848087992,0.28591357638222364,low
0.40766856619466685,0.5826207685797822,0.8180147196886669,0.24223771712688083,0.37905141305796125,0.4668321869117268,medium
0.002324044348732125,0.08619517844135291,0.5448009656938853,0.4840412101003415,0.2554400898846579,0.23478064934974002,low
0.5724913450763413,0.05564153295126587,0.4939474825997306,0.5008090102630899,0.5735187038515024,0.4431574401334585,medium
0.8081635762373065,0.8995834293812673,0.19132318914162286,0.8261126948080113,0.38592561002240927,0.6741756175836525,medium
0.0,0.09476688343975828,0.18202641017372223,0.83718436938419,0.3123070859743224,0.2605402749869964,low
0.0,0.8230399147955922,0.46547687378708524,0.17706814055191789,0.2151542245294904,0.3021162758169884,medium
0.3662781678532485,0.36561843323598153,0.8062650990231465,0.14765559012516796,0.5683234581655274,0.41872653860650555,medium
0.2783955438159996,0.06083444048210977,0.5317427090240445,0.5652781522411471,0.6187967269469041,0.38132209708509357,medium
0.012613414966099974,0.5329598411874417,0.21622206042002468,0.1272986732166413,0.7608684320897147,0.2823993012471075,low
0.4067789112184566,0.47872608793177557,0.5484394119248419,0.5194865778043333,0.5901842461274472,0.49246975522060216,medium
0.0,0.0903765910319364,0.05322703026258144,0.48431283075502335,0.5876343261048761,0.2110670878125106,low
0.06331174662874496,0.4682905884692596,0.10380479156130162,0.21397138225357687,0.38635496592322766,0.22896988175587019,low
0.0,0.09106399016677422,0.4881803703970638,0.22353317245458318,0.2933214390002954,0.18014470393387538,low
0.3497946531313333,0.5179973451123444,0.5266054614563582,0.231078428033643,0.5542705739039155,0.4168849558726386,medium
0.0,0.09878566683440916,0.19156317282721283,0.3579812207319143,0.2698761294248706,0.16056927285107722,low
0.45374489740698815,0.4840258313995136,0.23465969699992045,0.46489503158953766,0.3143142041330742,0.40825372698985585,medium
0.3817072665064945,0.04815731779970026,0.733805036005718,0.2228010522662179,0.30022460622508373,0.32380830029975227,medium
0.7875456535215689,0.4977640679910573,0.5046208588605938,0.13916127502424583,0.5142891063377707,0.5164852594392859,medium
0.48095972433664413,0.8931358623687978,0.811018647601657,0.292324514238003,0.6995664063246111,0.6079677507112937,medium
0.4118410811218676,0.9973525557501184,0.42218596257790675,0.2695958780450609,0.597961157213055,0.5299640790642404,medium
0.4403752077981696,0.11267273929312091,0.2743302420973137,0.5526948289364028,0.6162615775129813,0.39877484892689985,medium
0.0,0.041144100302182456,0.19056444242171278,0.10482978561273901,0.6791134964013815,0.15964646800644844,low
0.46230843966912627,0.005760859095180579,0.4276089731662772,0.20586442439337616,0.28389599573334307,0.28774333393339224,medium
0.2514193090177775,0.7879871852205315,0.5290035630504147,0.19873638725201623,0.26368128297881543,0.3916732341042274,medium
0.12162281162922028,0.4935894957585149,0.13487079847065772,0.2752399611701386,0.30918774267479465,0.25686151604631463,low
0.1582290697102655,0.4351281363066835,0.14134207528550047,0.1617576566633346,0.2681481947677312,0.228269420015068,low
0.0,0.08162180555888929,0.1984826069101664,0.2944768871255079,0.2656422098147414,0.1448384610456156,low
0.3579213982559168,0.1393869427645514,0.19347710162252071,0.2562404505727027,0.2911416680139826,0.25919471358970136,low
0.41706457623022364,0.04392990515547013,0.5232073901665558,0.24832830159062694,0.7717675125307826,0.3778172496228872,medium
0.022699232295896092,0.1694221237598531,0.6996283697467903,0.5550488703027879,0.36021887566719,0.31068105531339407,low
0.4636174744966064,0.17075362315067721,0.8257341578216514,0.7810565457544315,0.28987921686589124,0.4967892823331351,medium
0.8211220441091802,0.24556961786233328,0.8180530889360981,0.7974738652914471,0.29451883312714233,0.6218310981729961,medium
0.9755091008576615,0.506639293280537,0.7908300870698206,0.20169814024399807,0.3092717822622292,0.5993354973620129,medium
0.0,0.49417147842046805,0.45595576421893014,0.7658901286960395,0.7106271096015699,0.42699975249637656,medium
0.3855679717485542,0.023779490505526274,0.20845692658713924,0.5760676074572606,0.24587779037967447,0.3037900186621457,medium
0.24136828759864049,0.1660668967072566,0.13336799820765696,0.24191819141605403,0.5356796307966517,0.2543646482549005,low
0.05005017062875893,0.9298816766878235,0.7352962430061467,0.5402334175101496,0.5760543889192019,0.5057406648170246,medium
0.3559500902673393,0.5233620929941222,0.12881628513333027,0.19906018975412001,0.5851327470364099,0.3583618384553113,medium
0.0,0.0,0.14649821123656537,0.7252845612108823,0.2595912879302197,0.2059703371171942,low
0.4388638044603711,0.12372035993406211,0.8706712667308412,0.15982504664288638,0.3271809673748102,0.36804605776934873,medium
0.13914099873245786,0.4807216872559828,0.468063211740477,0.19687466275025667,0.233865659112027,0.28255090024886087,medium
0.012520053340948216,0.12170878003783549,0.7769447377229508,0.442599880857394,0.36099779551805944,0.2873091281674819,low
1.0,0.49596073613939856,0.5170449187805934,0.10216422071706657,0.2569218737641058,0.5357200102529979,medium
0.15099074901573228,0.11111026748035985,0.51159950494722,0.4709999025286429,0.22739500225773235,0.27256843478726306,medium
1.0,0.06095692869832332,0.4106359071039264,0.20236760610181373,0.21333143122506124,0.4462600077093755,medium
0.0,0.5173137589359145,0.531024419368754,0.4033669495707736,0.2891630329460183,0.3071642595485535,medium
0.008954435580919176,0.4573096511019707,0.48689367741462053,0.1816815811970984,0.2867723122973796,0.2465344755908896,low
0.19130109816854263,0.1667789566167236,0.28251814253749685,0.231498082838788,0.29206700841202105,0.2232335099840928,low
0.170956009081609,0.03188551395979351,0.7807826739863049,0.8602951422486285,0.3038236179168026,0.3924138777516332,medium
0.268534178486073,0.14242599664570327,0.5089533210855743,0.6728214120416732,0.20250507145411983,0.3503284941642514,medium
0.8314316125027673,0.9187229248689622,0.7501685248568911,0.25271950614183264,0.3099666038261615,0.642738239255447,medium
0.0,0.19828647389709073,0.7389195330093048,0.28262068454732325,0.2289571275620744,0.24136293077458967,low
0.6617080967652075,0.9624430904320511,0.22428605706278487,0.5011251458087564,0.27871218477363113,0.5666758125531862,medium
0.5946672718787078,0.5004531855023399,0.5182312841011869,0.4918056864625693,0.3560131315102267,0.5079886182983062,medium
0.0,0.13930838235174392,0.14241681594490807,0.26321018201363783,0.26228973713898196,0.14120969583565984,low
0.7039434744520184,0.20592054246639213,0.5191099226468803,0.2604724572888177,0.3439789159762154,0.43392496808011183,medium
1.0,0.012270191769376229,0.1603476947263388,0.5434341770825785,0.223408903607745,0.46870436352050354,medium
0.013877586354136735,0.16154413052782718,0.5003457963040326,0.16183867474030403,0.5409479112947406,0.22503389309968325,low
0.6773816955530705,0.035989539025120795,0.5543053191518429,0.1682288558996372,0.35558240341460806,0.38054134603584044,medium
0.32506668301561403,0.07825388973953623,0.13321829038075916,0.5300507572565176,0.7426284617940835,0.35055794713012134,medium
0.095805127946315,0.10108653092440278,0.46082879845736546,0.253039212455658,0.3136742227293023,0.21574214023790683,low
0.02369476751117334,0.12524626993196042,0.7844141771427878,0.4505450660571564,0.22446869497263328,0.27359912826848853,low
0.0,0.46420388428097153,0.2063878386116341,0.25072920867206455,0.25089912837244954,0.21157966363821976,low
0.0,0.48285821834636505,0.27411880005320316,0.1656302329732146,0.6064166063955709,0.261778001231232,low
0.5632580602507292,0.05046937750947386,0.17519688861969404,0.13667736377136275,0.7026174787890276,0.33807892144269436,medium
0.8191978178140615,0.22677791450173,0.39734811044054374,0.1850508166429858,0.3079303608213303,0.4339168622624427,medium
0.5138986624960967,0.5917816015149473,0.1572598227891636,0.7976530079781622,0.5449456225790151,0.5373873374526777,medium
0.8416305838392365,0.06992310032816504,0.5179696867662991,0.810215049060549,0.31168599501323074,0.5529651572964431,medium
0.17941585861932616,0.08754278157969397,0.1690856628904915,0.14094580726167202,0.37842987927372645,0.18164980667870373,low
0.5740235489455412,0.07072797071076892,0.6893462745449845,0.5713804553399634,0.49436546803331965,0.4781855112805544,medium
0.22906638515227892,0.5798544385985885,0.08604840331499056,0.13998735435435197,0.5453416701683202,0.3073967851587684,medium
0.0,0.027523535680669106,0.42280222415950336,0.20741639113262517,0.2859902509677078,0.15330685663174054,low
0.03317903215249378,0.5801833099885931,0.20593742441801444,0.2148104419814741,0.5976736456411751,0.28949412054864,low
0.3643155662435559,0.02823384371668035,0.20430102199768224,0.1326723122960768,0.29002497848516556,0.21562480114804536,low
0.9297903301224881,0.14939424556375178,0.1798283125441726,0.2724699302619762,0.23683936701178748,0.425810086135286,medium
0.0,0.04902355626739907,0.2021981682151746,0.20743793414035028,0.5855907764268641,0.1694606397778557,low
0.4173329496826138,0.5475240100973089,0.4751018761112878,0.2447739839192777,0.2997345918529418,0.39988495390273593,medium
0.19038435581436602,0.033526983234550625,0.7794700059251417,0.2815269205792368,0.5586084217539392,0.3208378516589294,medium
0.36390038701871574,0.5084495602585796,0.8547871645860368,0.7818263968717499,0.21866000509049094,0.5282423829831597,medium
0.8800296310380888,0.09962675407882297,0.5453936993728822,0.2749967218252579,0.23019422930926636,0.45527177379456507,medium
0.02098520329411521,0.07496898756636906,0.5890091011916992,0.145666375104617,0.3629360813416565,0.19321441090243516,low
0.5707332438575736,0.09970077911574711,0.7535958210180592,0.8623790131506816,0.34806549432173095,0.5288851289115264,medium
0.03298138924283564,0.02413941600863298,0.45706280018257894,0.18136261589697256,0.6033372543884207,0.21005483133962174,low
0.14853476625012227,0.1684410280434642,0.4383405039306526,0.21857220590962734,0.5961137375702154,0.2771312128907852,low
0.5861686193872582,0.9110071142449218,0.5254471233368452,0.8756731572171472,0.2632127050282,0.6514856143633481,medium
0.5578981830842759,0.19103056173073107,0.8383565156448457,0.4850840747374671,0.3011301336558652,0.473515379614029,medium
0.008511140843803744,0.532354606642088,0.22188707960573506,0.504253714726572,0.732221182886553,0.35299124590071634,medium
0.0,0.10086369599711852,0.47735356388983136,0.19458670319060437,0.26969942803976205,0.17114802862698358,low
0.0554710422055454,0.06301302511548436,0.8551348509474438,0.20908561690760824,0.26251533120320497,0.2387085683888795,low
0.3957001528517807,0.44331149967019307,0.14463444037323045,0.4836937363025815,0.2950637472366506,0.3700658211915713,medium
0.0,0.8082603181935781,0.125197246630269,0.8277123051865007,0.3841889416830616,0.4036024529230154,medium
0.2084587276080319,0.1308816657468209,0.3444665794842242,0.5196277811432463,0.33907992877637605,0.29517148389951303,medium
0.04497099910883864,0.4681911969373271,0.5026631567957941,0.505096606441602,0.30547563825818774,0.3293696796665347,medium
0.21786531764827463,0.17567433328032345,0.21672984506274265,0.5256760163760917,0.5890651702968164,0.3264989175296993,medium
0.0,0.041826401179286016,0.24483019060122826,0.2533454056463408,0.29408331380503555,0.13987138702606494,low
0.004025102098531325,0.45655468196113314,0.7492399788909829,0.5319261578301733,0.3043525902617164,0.3569425839607256,medium
0.0,0.034694665157175716,0.5103703309657039,0.19786045383856873,0.19404659155670184,0.15217356217750977,low
0.779733588240614,0.14557533569782116,0.48827580724647823,0.42970538072063735,0.6635778014260488,0.5217542610567549,medium
0.20437172707101806,0.4683222593329707,0.5136297273505481,0.23981886817085116,0.2762972188162875,0.3214287855470951,medium
0.0,0.8815990295063045,0.44827087941609817,0.9145969316860347,0.2553133786660505,0.46477683095079014,medium
0.0,0.4795956648946681,0.7784213414799916,0.3146071337277073,0.35494729133818875,0.3288458546472021,medium
0.251323011083305,0.06383578980165312,0.2137456092417297,0.4491761292682345,0.2751058254154226,0.2513270023375419,low
0.005611145738195026,0.9199823480214103,0.14336470808408236,0.2129255386540726,0.354708890141599,0.30297596079040734,low
0.1952517689920224,0.11338197507608848,0.41133222888102444,0.4547008116241068,0.35164305060155165,0.28663837996003216,medium
0.34814453955268737,0.05914670755105583,0.7768388428248869,0.27339434023671616,0.7182054160681065,0.3952082102573096,medium
0.00918431905901541,0.1741333347188647,0.19841732287575384,0.5118773616928217,0.2481174937771468,0.20693765749797702,low
0.8016279641816829,0.0,0.8271243494628661,0.17341043473456874,0.6817995299384118,0.5015090581116103,medium
0.7640837638145103,0.10353033142489446,0.4421510465207608,0.18308187604335222,0.35065373671057953,0.40546828812270347,medium
1.0,0.47531769084556974,0.18091156067576164,0.25691329154582515,0.6108818842330596,0.5652152132146022,medium
0.23585169155337135,0.08642496676228917,0.4442456295960817,0.22967946475080053,0.38369868640351906,0.25816804116856945,low
0.13871255295662216,0.5993559131242399,0.27294602821364694,0.285299493381573,0.6261926913201336,0.3534156551182163,medium
0.602918783454925,0.9142954947017758,0.270098262663841,0.22619276415637632,0.34237010287407743,0.5008435416387957,medium
0.9892410775006047,0.0,0.5388411671854068,0.2057111483631194,0.34264560787106946,0.4701375691812767,medium
0.6057753800316901,0.5128081941787886,0.4685117225373581,0.7551610398970687,0.32477057614243277,0.554318805626647,medium
0.0,0.05608559277697203,0.15087290102277767,0.19139198683986558,0.2952302002852726,0.11641098111957505,low
0.0,0.7864664669837336,0.1628108144772643,0.2487446256199534,0.679582953251321,0.3334012836800252,medium
0.7379781574813965,0.5222891266695132,0.1709828751546379,0.26220203827124455,0.30655467783206714,0.44992231318057624,medium
0.16010787379921848,0.08298887793195923,0.1817311504587461,0.19856181219078153,0.24143030138863592,0.167816717941421,low
0.8784280895689702,0.1341357146389362,0.5428075248474918,0.7661159793160647,0.37719026958042634,0.581578434825879,medium
0.34962611246870456,0.9558322461367232,0.49389983504750007,0.44936754110122656,0.5611205079584282,0.5441808426390905,medium
0.4108636027905551,0.877481396983379,0.5006778345863607,0.20029292594286185,0.6820973017252662,0.5162302158691586,medium
0.9094087564207352,0.07623625512538178,0.19306724876199535,0.20528509477766682,0.3056784311599987,0.4039387488951294,medium
0.7483780781068362,0.5289316128776494,0.8322092292056936,0.46222184484521156,0.26243540555963446,0.5869408101914222,medium
0.334358290716789,0.05765637075623838,0.5085845490927424,0.09772613627330984,0.2451642825586835,0.24444631336866018,medium
0.5875145751767621,0.49422161251364566,0.5020824032285549,0.19413844324403215,0.31408836040703464,0.4363519982499026,medium
0.8179650477536057,0.13717571807876122,0.8721425198453279,0.2303788205228671,0.6489402208399513,0.5470628331491992,medium
0.39584210796798025,0.48582432491767374,0.45710123567789085,0.8060504571792951,0.32903454528611276,0.4950479559543885,medium
0.29346030204688334,0.0662675470113854,0.7389846233539137,0.183872688432329,0.6121312916892789,0.34073352495928677,medium
0.0,0.5459035337124205,0.8439428116988285,0.253821451462075,0.46818706915587793,0.3567644791631051,medium
0.389109072116611,0.5450894983550032,0.21445218061984955,0.2007314387529543,0.3542808188220519,0.35120685897286,medium
0.0,0.09656394299005555,0.44754940552563216,0.2152697629873395,0.32270573090407095,0.17790501165993447,low
0.07481486180354145,0.8935469765216367,0.22697478495647885,0.21841209436730333,0.6397805782848618,0.3748495772050515,medium
0.030913909634618965,0.47301066739336417,0.1519048032012852,0.14614745264599263,0.34123830477165285,0.20707726309419777,low
0.0,0.0,0.1821191370060911,0.5104826005430027,0.3414759227032924,0.18063577906500808,low
0.22664990426970394,0.46615395255288217,0.5002906707490326,0.13399562664945355,0.32009347176101016,0.3110825084978847,medium
0.9480753033877836,0.06053770349206605,0.7584086107793446,0.5357064353795729,0.3178348161968423,0.5651079328370908,medium
0.3997578196877117,0.049666661066358454,0.178183240846979,0.8133804616221596,0.6756003114506003,0.420604303288654,medium
0.9530260338596379,0.09647587806674372,0.5365277407758621,0.17482368374879614,0.32859426716641976,0.46993602371234167,medium
0.0,0.11441482191219904,0.5027996073973533,0.18769994848334168,0.320207305320267,0.1838739909867512,low
0.0,0.47353330564406,0.18132485107260377,0.48455703521105736,0.5417158278592585,0.30007417001080283,medium
0.020862572784864936,0.4759808992565832,0.29823779107320436,0.24264889266307216,0.5955621616524782,0.2840547231282429,low
0.00041832424078044016,0.45072326700637094,0.5907915849174924,0.1813201104391212,0.5688037575663211,0.3004734741339046,medium
0.29654306619677384,0.9008880110858833,0.16778141898842414,0.2819897103763424,0.2911719451297177,0.39438146876919866,medium
0.0,0.11224839939606847,0.5321467824474578,0.1556543951417786,0.6667874021593486,0.2334206865985904,low
0.4596948418920189,0.21875632646931412,0.20508195801766693,0.1527319640795426,0.27943755756240624,0.284884038014388,low
0.6156757778471394,0.10969207880640423,0.19942755058660724,0.4713314920719499,0.2305476881072432,0.36540373333389026,medium
0.4765528253379344,0.4662256426703806,0.18491540221197392,0.43024283700458454,0.6906590224756534,0.4535957072395175,medium
0.0,0.49822320469008124,0.16222929738276787,0.22037978862050783,0.29175088087870743,0.2118176254013391,low
0.5380068874159538,0.5206128975854468,0.8173946891830267,0.4982261579962743,0.5609956751893894,0.5719284319969928,medium
0.0,0.10798402361498735,0.22122600903675374,0.18502107659668438,0.2792890438739127,0.1336782779789343,low
0.8846584407796066,0.09993580735869972,0.5238725245490138,0.2306194597100573,0.25922508890943396,0.4489732276664005,medium
0.1969444307396719,0.40441443836597996,0.26512309506514237,0.18612299657218895,0.3016513670675531,0.2622069855294397,low
0.0,0.4611047446543748,0.8264113656933046,0.5014153515907256,0.34875666608009387,0.3687792240150298,medium
0.0496781504166412,0.18833653199719042,0.2863240373476714,0.21126566299479474,0.5641470799741146,0.2223945517216573,low
0.15585771638831986,0.9252544647262162,0.24839520695865194,0.45537741862086145,0.18300983012590777,0.3875944471485955,medium
0.4014737686708445,0.1741163609228803,0.24923809300464425,0.7916390688688174,0.23841910101602604,0.3867417956626934,medium
0.05576642710142972,0.0,0.14454413454450812,0.8031175730412582,0.3010006027441119,0.24418515333197355,low
0.970654595907676,0.14560051918677264,0.1386675124546177,0.2799843596997126,0.3078289565203106,0.4432878248958391,medium
0.0,0.5217277455548204,0.7707002726537819,0.47632366952499083,0.7054254371002987,0.42102913947907433,medium
0.7857599728505487,0.1010570236225589,0.7729555312466636,0.5025438750858244,0.3046005446972982,0.5180815829884355,medium
0.6238158224797159,0.880243477044147,0.5040378058598749,0.48266085122176206,0.26426856735966897,0.5749715683800282,medium
0.19292163854510602,0.025972488172055455,0.817252879200629,0.2296632034881495,0.35303684939031715,0.2845470891842147,low
0.018551407948205523,0.4999897728683827,0.4572669294769278,0.4592245971244464,0.1883618267725481,0.2942526098204489,medium
0.24095870873919645,0.06092789893864886,0.52581949391291,0.8520989283736546,0.3136746647060539,0.38081710187706425,medium
0.2699454953403527,0.07380111814102121,0.4605956916595018,0.17719924502247486,0.6176619068059012,0.2929223610046155,low
0.0,0.8838161736498057,0.21151981698541608,0.20830590736775423,0.2716472128790209,0.2908994706831775,low
0.0,0.46297615067066533,0.21028069283885106,0.1857231611412384,0.336004753410643,0.21168267929980486,low
0.1701620615696101,0.09825341468757681,0.14192790390210852,0.16299106505770544,0.38120720793116397,0.18176778119493037,low
0.0,0.49564777039375263,0.441808996113567,0.22884807713750172,0.3024658698096719,0.2565403993947367,low
0.0,0.015098169546238674,0.26725914099813064,0.5365692959096454,0.2906996192904885,0.1940273071344697,low
0.0,0.06039487774057939,0.5067226748410435,0.7464223407222,0.25291618884300004,0.27530927324516247,medium
0.9935772636397094,0.4701767541045226,0.8166734508409527,0.22448224832235947,0.26368924746163586,0.5990593843226776,medium
0.753699619283131,0.13549585830281152,0.45237355992694794,0.19224327527237692,0.32318859788474796,0.4079920361717313,medium
0.8275518060735699,0.01436356746986217,0.22804583205724294,0.5552758466991827,0.2992585187047018,0.44128907727017164,medium
0.00043847020249885817,0.1986242046525157,0.7884197528058476,0.10149041442033577,0.24586874784570656,0.21529773997305304,low
0.0,0.47479219148991203,0.5000458659023306,0.4919405950959932,0.29477473453790015,0.31256964738321563,medium
0.3389251770525613,0.09453906094425034,0.12354266980654222,0.20987320204890353,0.37272346932432093,0.23699992658402863,low
0.6953195399975536,0.0,0.813152170058322,0.18521914129597455,0.5507397731829492,0.45022348174465165,medium
1.0,0.1426320735974296,0.2300223560477968,0.21193746805974378,0.5524735335694873,0.48828829177402727,medium
0.0,0.006360706408505376,0.43548607747140755,0.5072643995117547,0.24743324030028696,0.2051629188498062,low
0.0,0.06460095760289639,0.5349927192838241,0.1122080325259456,0.26694631339999564,0.15565265292834135,low
0.20722292954298616,0.4353087105311484,0.5108205756130015,0.22788491923632417,0.26966566789900687,0.31187854134319165,medium
0.7872245524022426,0.05093843784286669,0.7926769728863907,0.15409180518107185,0.6249443004413175,0.48981660532461674,medium
0.0706017575560195,0.05460417827226651,0.17663008205751424,0.5099625617007937,0.3046865326554291,0.2062913674683594,low
0.08478844127868398,0.08176177109340864,0.22564106182143306,0.1893221782114812,0.2362736403520604,0.1489405275706072,low
0.2036825783071008,0.05848905703100136,0.19613372162199014,0.32522345418075294,0.3250561830004201,0.21602576142784263,low
0.0,0.8922704508579378,0.47216914403678933,0.5140762336813445,0.4098340263468715,0.4135698124654056,medium
0.0,0.60768239603039,0.1866233706003699,0.22999562538562224,0.31702906495932787,0.24308346961715713,low
0.3717678023669293,0.09261494597640618,0.9177138315231965,0.1679173019746906,0.6131610350084046,0.3932680202800383,medium
0.0,0.9377013707175382,0.2467075089640157,0.25690904843985707,0.29501227215872233,0.3201800509998898,low
0.0,0.865721995942054,0.798966398750013,0.19940793557320924,0.3443547712807953,0.3845241618076739,medium
0.0,0.477153630424723,0.21824284150792886,0.8473383757167905,0.23060841899707218,0.33222609030405287,medium
0.05464135791135133,0.0504589562574142,0.5297726221023046,0.25792710255025914,0.27797439360681564,0.19923167149130808,low
0.22443336113508622,0.08288583251792822,0.44911715176453343,0.30340467920865666,0.1827837162026506,0.23937324088092046,low
0.0,0.8507285024486042,0.18363769959100307,0.21507929024832992,0.27113164561045444,0.28137696031960546,low
0.0,0.5157176374075431,0.5145219193659903,0.8620376842582421,0.7176278500389186,0.4603735297438934,medium
0.03842336946677424,0.09809614557472367,0.8348555013058515,0.3051271713000825,0.2894915165552505,0.26082372689415884,low
0.42115466356881315,0.4870455617599363,0.7490691321135027,0.48759697937162083,0.3574880928510046,0.48725849104163144,medium
0.6317980745911368,0.07975756485468952,0.7856371063422681,0.21127133778263757,0.2651869735441944,0.4053688148877758,medium
0.0,0.06321369921321694,0.2079951595173274,0.2998295941390037,0.6390285278042742,0.19966221176868437,low
0.10671155334186465,0.7640723410033625,0.5049776501264889,0.16620531472568975,0.7573506236857631,0.4074182382202076,medium
0.0,0.11978949964057682,0.5554361768600194,0.155126553931005,0.21623589772635488,0.17073402190227252,low
0.2569658413150787,0.038513679246482274,0.18302842301355554,0.16832849106570175,0.22553281018988325,0.17974237143747623,low
0.20883062264432534,0.48325054708683457,0.8492967488599459,0.23660852359130044,0.2486335107518205,0.37131053987068957,medium
0.5415891676435367,0.10826961794096676,0.23194618006228354,0.24333302223048967,0.33070558248741627,0.31719504270980725,medium
0.16791335045114067,0.07315300636256479,0.48403149705891224,0.2231858028333331,0.23603698034282558,0.21765203858478244,low
0.5390467147056536,0.8513300669179089,0.5197206698995092,0.10457576291463863,0.309484945952242,0.4772760227559682,medium
0.0,0.1819509262593221,0.5105973373802304,0.8079075772697069,0.3272133447664558,0.32364330302780875,medium
0.0,0.03670763402273884,0.4497352619675422,0.21442737913610477,0.35124308127989623,0.1703737541188845,low
0.24326630787884213,0.5579576705880394,0.8232540349354097,0.4724647908378369,0.37436601665097696,0.4587073923867859,medium
0.0070971513689267575,0.1424697655514452,0.17914930165383183,0.17898976533884425,0.24828605071840518,0.13053635444457146,low
0.0,0.0881891091470544,0.1256836104298519,0.24519839636675406,0.6486617921828245,0.18282931149466314,low
0.5728452633764386,0.8835827081936538,0.8584910776610015,0.22995808697426504,0.25905977785113854,0.5621943663733363,medium
0.4143736477886106,0.17944500888252557,0.07215867099708617,0.18637258642661825,0.18378582923234754,0.235867288432827,low
0.6241526968345065,0.05475403493793326,0.25094929683532335,0.14614773582801024,0.580513324042122,0.35214555633515743,medium
0.3835961147964582,0.07225023549285331,0.2981197790452657,0.24387693970588242,0.2597669859739129,0.2619872842315614,low
0.0,0.029265509992587077,0.4434841362875104,0.16734756961386993,0.23150136580107833,0.1405704412345797,low
0.0,0.07951356855811727,0.3923168375251124,0.4982471274817233,0.6042972096470606,0.2650442462837941,low
0.0,0.09389661467651651,0.2125023904136733,0.17313687212122303,0.640148377634035,0.18130431256670415,low
0.0,0.8448652358303639,0.22407196095597762,0.19289175602853387,0.5505618602604886,0.3237464715542495,medium
1.0,0.4499322157206576,0.5089675225668733,0.1605659402131281,0.5549997342111849,0.5816947197034659,medium
0.039472512893468516,0.9313619328710089,0.48053586482707916,0.49481678945941193,0.312353582802364,0.4160109154785412,medium
0.04147790708268298,0.013143383399513459,0.5659219254021335,0.22314553797484077,0.3101965072280201,0.1911189212941988,low
0.36748647455346145,0.024226444832801036,0.1276481835557723,0.1421772249873396,0.3235722812736719,0.2112097460544832,low
0.26830129577112843,0.5566009651924678,0.25919173479391033,0.10914245192886132,0.2711402349627161,0.2931888676190983,low
0.017297879861988226,0.5215709092151561,0.48151452507130266,0.17477709462874996,0.34479814721801155,0.26840586557077484,low
0.28607145412345114,0.567267466063438,0.4928469192868508,0.719755780942691,0.2717719158240629,0.4579189109048982,medium
0.8905656575323142,0.13513977226756715,0.7463985560083347,0.49072065282566135,0.30452568080974696,0.5499804178010522,medium
0.3983850027230804,0.5329266083011459,0.46027773390928906,0.5691699652566503,0.7107429456218426,0.5155879174581531,medium
0.0,0.5556582706824564,0.1814481340645684,0.8891055018270557,0.6303256139823736,0.4107188167089437,medium
0.17216810233017749,0.20378399297857525,0.4962554137344461,0.28860031830588584,0.25425919773014094,0.2627044846756335,low
0.2595920278219932,0.061572520049764316,0.4696875476110712,0.2184410480422957,0.3387021578273262,0.25513877778076954,low
0.0,0.5210668105615608,0.23973503589309977,0.16547308922604095,0.31179272996247764,0.22003714483585698,low
0.0,0.1471995350389531,0.5436227554801063,0.15952345163331158,0.17991212980851992,0.16987483012774687,low
0.029783462232701216,0.10665140264013605,0.19438478983129312,0.10682887989917889,0.2947128910560481,0.12499574731077454,low
0.18779648667779456,0.5089486241689621,0.2054012419677982,0.46280718759958234,0.3093993476750048,0.3279101968034677,medium
0.39738485163988496,0.183239373020006,0.9155096619389173,0.16237359164831056,0.2818140694195615,0.36793660812940054,medium
0.0,0.846041958465311,0.563809371296425,0.21757113413447782,0.572271157111126,0.38313469778109044,medium
0.7306921093510816,0.5314071676411788,0.4981392783431624,0.16856674584380082,0.33859705489054936,0.48471286548737713,medium
0.0,0.10880002851621656,0.8385157068794354,0.4920734176383803,0.3450049478109573,0.2977027874344783,low
0.4821859341687696,0.5331861698042224,0.5500011880302336,0.45672286920684557,0.6703231987383278,0.5256862460681286,medium
0.24018507095983274,0.09815227350625565,0.8363032538465314,0.11679268609674592,0.5651577232031276,0.32526365976599897,medium
0.0,0.470565320458702,0.5356096418583133,0.1584265702698652,0.20915433039186443,0.23751297398324012,low
0.0,0.07369063467566178,0.1447436854383618,0.15557611030914173,0.5392923518124666,0.14845875458458496,low
0.036839501815691233,0.07622351119312096,0.19657510055867594,0.22348568187303713,0.7373673513281311,0.21108505694096003,low
0.6048610225324527,0.03619409564000063,0.4850875949677949,0.18906146225787013,0.3068822502483381,0.3453048951217299,medium
0.22534633386589886,0.9075514362230243,0.1022870207617949,0.27202610074374195,0.5882773735692317,0.4071040667027769,medium
0.025439150460019173,0.15040587728342703,0.7474354947802458,0.21286714164183748,0.28483963665235645,0.23512761863794898,low
0.8005736107969061,0.39027837128499,0.5384200450441228,0.29198319131565137,0.3552264981281543,0.5106713772350416,medium
0.9752097800062776,0.579352087724327,0.1508254826667178,0.22820226549309297,0.33019175099700737,0.526226389694926,medium
0.0,0.5234786334265273,0.8271365618580752,0.26166622566797476,0.6875131596977102,0.3842264300522682,medium
0.02024048106424363,0.46283636307183085,0.23551732964778066,0.22455076845869737,0.27113528712732127,0.21954746314164403,low
0.15486080718749556,0.8107036587371611,0.5115017679865234,0.1524770511138703,0.35729711739556397,0.3694142169337681,medium
0.016621621912932868,0.4311657128672051,0.5420614700621544,0.13542009396591304,0.22032401057269974,0.23266147003573162,low
0.7942101684195709,0.12870103979307226,0.5248582044792298,0.19620637214028977,0.2467337433149566,0.41898332508167163,medium
0.2830188884047036,0.4540116472094976,0.8548282562683481,0.21904989517264437,0.3664460261242597,0.40270911735673065,medium
0.0,0.026266134466022648,0.586056622748691,0.15060728363672485,0.6611308997194865,0.2224528119907761,low
0.05265425696687808,0.874247000309204,0.7567951650975653,0.1283962467279368,0.21154452492506898,0.3615758800008867,medium
0.7488685796809093,0.13966064998989702,0.1573028112175939,0.45395904812175036,0.5920149153092923,0.4557821725056352,medium
0.5906892856931028,0.02458143627596346,0.2689039118382381,0.15085354198243012,0.35959372883789603,0.30656842746102964,medium
0.583864298444125,0.533140271813484,0.7702214702194815,0.27869726219989777,0.5670055622382885,0.5381108512045794,medium
0.0,0.10230628267835369,0.41447652529468343,0.2795725979945552,0.7420888615229146,0.24986058415722145,low
0.04012163283006465,0.1161940484190377,0.2502750226957264,0.059861697592669044,0.6170257789923091,0.17734275930456606,low
0.19379452389907623,0.050024678275368696,0.49511807122855317,0.23074776562634322,0.30559954878453444,0.2344004889520284,low
0.08921760080709468,0.04709667582375818,0.20037291170785038,0.20422740275263582,0.7079326941418872,0.21327593683486784,low
0.9501342099699984,0.1095956907060301,0.16956330654731966,0.24710915597072247,0.6105166162526148,0.4733932207463402,medium
0.35314536666519675,0.5668628112753894,0.21918377717586496,0.10987866139368946,0.42416195710018617,0.33779376467478245,medium
0.9616092437173336,0.11514139202910645,0.25217721232672696,0.8824393319507113,0.763555702359789,0.640358855114141,medium
0.0,0.9159974995239923,0.22819823190356034,0.22421189541071637,0.6055730197300383,0.35310756673198157,medium
0.4094407815647083,0.0969024360683222,0.6901115358512814,0.19420176103781253,0.37075388446426083,0.3401828869379707,medium
0.6698618445498804,0.5117753279213674,0.7282161142277468,0.20981104556455019,0.24285889923703052,0.4909370800818642,medium
0.051536095559362005,0.1284000407481837,0.5293475432891929,0.4530725697615377,0.4982568697004373,0.2858960127181974,low
1.0,0.5058921851180193,0.20229937015246344,0.4998552345209221,0.3716176518491,0.5872370372280228,medium
0.033780299307507165,0.4713171758897717,0.20376918928591706,0.2363006528947969,0.6624242762218495,0.2815866753753309,low
0.790362831419474,0.47008581407541195,0.21573046654532016,0.1944051543158071,0.3481447014232972,0.45458831829937857,medium
0.41578953245275535,0.08737918378482201,0.16158984940867213,0.11523881735634227,0.34251498148841086,0.2408761845986219,low
0.5548965598609609,0.8604241911385675,0.5267248708310961,0.5610510707214372,0.37946249853979724,0.5866921257359231,medium
0.03246922497329304,0.0,0.17976180784375262,0.8916275857272605,0.4505131086308432,0.2826075221086294,low
0.24442849077292092,0.11497261664007878,0.2847902394269524,0.800198323597334,0.6686968780360093,0.3993858028988031,medium
1.0,0.054730316618420684,0.3966371636397001,0.14640368630050307,0.6066496379776889,0.4907198208263931,medium
0.030321420386375655,0.06505882595556314,0.20775026416867484,0.5405538522623545,0.3023936073306037,0.206740542484388,low
0.9364758873182744,0.6063634868446862,0.7902883139218008,0.5379668865682555,0.282459389737506,0.6707209964269667,medium
0.8470028399750453,0.023790113832295623,0.7896678632604708,0.3223413891655559,0.7837060764328931,0.5593332435460885,medium
0.03604691868935675,0.046534529857769916,0.16080071762623566,0.22859031907988356,0.38458514992986836,0.14764692552775333,low
0.6667932013859984,0.11177434581387508,0.4978302317674556,0.4650754839012198,0.28626546313440343,0.4330222805940973,medium
0.19658976750857987,0.15735787951126576,0.5303509299990682,0.21211259322595477,0.28631343670166043,0.25537067980512734,low
0.35306107948267174,0.5386013405401138,0.47726977943599136,0.22614205670109566,0.32517651241283035,0.3792339470703667,medium
0.3515815772166726,0.8852696363118928,0.10330418396184543,0.284684209803045,0.310741409142999,0.401572081353716,medium
0.9808251060571103,0.06725354681936012,0.21829886838261528,0.5240490935064618,0.7025010645356808,0.5506280498200419,medium
0.0057755579772471675,0.1294869712488146,0.18115172395292628,0.23424417718729532,0.6911590754972777,0.20532551699792673,low
0.24199869293563617,0.1636368535986027,0.52021110600338,0.15094451804606637,0.20276252766005579,0.24396192725914,low
0.6158124600490377,0.48642124296723344,0.21632920131235953,0.16227578311725513,0.8200580497540136,0.469941230891565,medium
0.7809285702346915,0.1198271276846801,0.5189524369795474,0.18676341370767358,0.5682277952504893,0.45867371418338365,medium
0.0,0.49203360516180544,0.4618600116232231,0.15188555523415403,0.29723873034540577,0.24264864337448622,low
0.10190097999557257,0.5121048946716253,0.2020054700891382,0.23660719139968991,0.3804122092911588,0.2676753631199794,low
0.0,0.09805329467509692,0.5284976331015303,0.813386868789377,0.34026118948366907,0.3126018560806747,medium
1.0,0.10291715529301852,0.2737773111644736,0.21184734660508645,0.3002013266573123,0.4490496960528889,medium
0.3165414324988981,0.07856952212603291,0.055938640103747606,0.47802772898793117,0.29422527924310704,0.2588064678744904,medium
0.18892508204425892,0.10142734269104028,0.18731036837136272,0.258027917205924,0.3300823458372876,0.20617748372396807,low
0.22134242595091036,0.5411330104791352,0.834072086532622,0.23774569867709416,0.37676573650030143,0.4038041430714575,medium
0.030419551851666116,0.1114847126871743,0.7895064528549569,0.20888027851355756,0.17245732795069257,0.21749343091649365,low
0.0,0.9510296384780308,0.24287784313699667,0.2652261538918673,0.2752129944387723,0.320964784110345,low
0.05737848971921801,0.13699440421646275,0.7983625489450074,0.29431313750424093,0.2624786954408958,0.2626012419177916,low
0.02757403671284227,0.09947748664754923,0.157390934976389,0.2112925862715882,0.7207513010084954,0.20214756099541284,low
0.01920119271410775,0.11456260089812453,0.7729337087355314,0.23968685087042751,0.2892371486585519,0.23593587677705521,low
0.18318637349692232,0.12980561681183975,0.5604636112062702,0.5576313407359883,0.22324207817283948,0.3099991569655088,medium
0.32513058133614925,0.4467670022831296,0.2263880760238249,0.11851273027790206,0.25749980845453896,0.28317830358480567,medium
0.029487396605023565,0.05880670293154326,0.19099559616177894,0.7929921539427262,0.5545121726938834,0.2910321556847103,medium
0.0,0.5531873303764234,0.4991844556207621,0.18988458569621447,0.18367953405517656,0.2510439816659184,low
0.017514395811075504,0.1323315372509875,0.5909662029750613,0.44865094634358965,0.35533368686993877,0.26339579893898807,low
0.0,0.035678433630876374,0.43187569973624246,0.12784642560934678,0.5622453653692765,0.18182313161387248,low
0.11666266632849409,0.4759735223293543,0.2761050662391168,0.1964982990809153,0.34229792692442157,0.2622536131551329,low
0.036352948667191326,0.10150167124488207,0.21046632415646643,0.15442763958428415,0.31711833149679336,0.1412294451139796,low
0.21575355630566537,0.2259261063378298,0.5069823778518138,0.21801209346020575,0.2951968542346237,0.2738405916642723,low
0.5876322869387083,0.5074515819555246,0.09436997912134833,0.796036199850813,0.301784212050048,0.49641037111858943,medium
0.16662357145144294,0.04096062691912969,0.7774641013070173,0.2878612778180615,0.5609979931912333,0.3165207665576087,medium
0.17224317095958072,0.12945423640060602,0.9278326464538732,0.26120272159647645,0.6985564079611599,0.3737627010495457,medium
0.9680890631517028,0.46605248058421034,0.7821957825189375,0.2008986807598526,0.25162653982450756,0.5788902995658403,medium
0.23446600225694206,0.8676594570114822,0.13976158892880655,0.11475319852146254,0.6422606931972341,0.38412567410257764,medium
0.0900529415245983,0.1843243707484917,0.11399273910553245,0.2525922938608588,0.5452748603509907,0.21328935529772805,low
0.06498159749504771,0.10979534972925209,0.732335107612821,0.18140046048078512,0.26056108285149204,0.2266680698601687,low
0.0,0.09361522533853603,0.48023522852274986,0.22119666295132384,0.6608414820331991,0.23412388424136432,low
0.8104865747509212,0.45776165600946384,0.4592588649681299,0.1862525806950721,0.3230715265153608,0.48929837848870716,medium
0.1257106415999274,0.4278037382536608,0.8069001393246873,0.21213410234421587,0.28875222627997366,0.33004861544025266,medium
0.5146918567800869,0.8682246413460772,0.1051532858583678,0.4027421004285593,0.6074884410302234,0.515497164422242,medium
0.9617588101911865,0.5250215740726568,0.4849593540675742,0.8289854908449298,0.29471889006769936,0.6762807926611644,medium
0.3803394360743696,0.12098824691426162,0.3060976049814938,0.14941510777537792,0.3037170681045964,0.2596547027231523,low
0.018921833346473627,0.10458566983612982,0.14304473768392467,0.48754496859842017,0.3817314907595902,0.2028191119573793,low
0.0,0.4827396003926124,0.7425017730972094,0.15515900263142668,0.3808615873192208,0.29608422466727236,medium
0.16453272003908456,0.9019741675105036,0.5815250604215942,0.21789692640903657,0.5727350548349897,0.446473052084121,medium
0.0,0.109721946342418,0.8379987921773192,0.2046853689823263,0.3581718027640716,0.24230705230615748,low
0.22635540119801478,0.9288936690743396,0.24110468479819763,0.18749042794990461,0.2594865140761824,0.36627211959541023,medium
0.48646856592232013,0.5011470607424399,0.4899394383213953,0.6321199211261281,0.2946258583788962,0.4902787606554534,medium
0.13044095406024558,0.15488798862113468,0.1110637480037659,0.20342475841374386,0.6472793027359908,0.22454629323601288,low
0.8050436729070802,0.0013764281231464365,0.21419285957024717,0.5533389648966622,0.19120139487827392,0.4132653186433639,medium
0.38068840796480874,0.8774071541748812,0.15486075285693787,0.5150926072557265,0.6039789317903621,0.5065324273726592,medium
0.6804142376655163,0.05048940818258159,0.4667018875225668,0.2113986313253493,0.20117462400237487,0.35668335592998235,medium
0.5911503385647982,0.0894936515159064,0.8253169713869322,0.18637607973933587,0.7460765365195909,0.4682280740064664,medium
0.06767706147657312,0.14731704204979384,0.12883420452189231,0.11650850325906909,0.5531803001420003,0.1753704032043284,low
0.6958457746084581,0.058845400512404285,0.5276536108909614,0.8580175490473823,0.28926184506562674,0.514663640687983,medium
0.0,0.08234342496405031,0.23597853712723454,0.8414590229202861,0.3250160934179105,0.2689096841586391,low
0.38935916644861546,0.5082347181949896,0.8005417888451535,0.8217610384457585,0.22173004746640407,0.536147676709468,medium
0.0,0.6223153404149498,0.1370172285822585,0.2290635934903777,0.34050268614338336,0.2419037739899118,low
0.0,0.08783889077282303,0.13185734957936812,0.2099258750984855,0.6513075748796732,0.1770276918431179,low
0.04799312712291574,0.0971117389749816,0.4619321908323467,0.30822477729262465,0.34475969573723403,0.21646902437583307,low
0.0,0.5053524875953835,0.49919843153441124,0.21292526803994702,0.30217109828840605,0.2638609806004887,low
1.0,0.13559892221356828,0.47441842576584314,0.19286190916666968,0.2843309768183025,0.47950457666366947,medium
0.9601356028094891,0.47547743712503454,0.20959781520963153,0.202018031062284,0.336391137666088,0.5054381174116683,medium
0.0,0.516816824157192,0.5333531222575477,0.509041961081414,0.6776552278016986,0.38682300955660814,medium
0.014651457310859576,0.47659991771279386,0.2828956345026387,0.5714814753443571,0.3023249705819207,0.301794806567372,low
0.19820661296864284,0.5360507954009747,0.8827047133017532,0.25609590686892864,0.3686051200582677,0.40558779934857664,medium
0.19590552561968952,0.8938409711242772,0.6240920951256737,0.1482152439419579,0.2354462062576026,0.3961136459066454,medium
0.0724218009771914,0.4726063159482764,0.5612742382901137,0.8295385863171438,0.2914309161875527,0.4100612939178915,medium
0.1004998594239257,0.16301603871037634,0.16189845109806564,0.17258472157891203,0.6470325269848287,0.21860975659746953,low
0.027431119017494583,0.12221734473418733,0.5343838126189073,0.8601872516655551,0.32116982697670377,0.33304330092453854,medium
0.0,0.09076057603977002,0.465341746311826,0.6060305697497435,0.2619249388326531,0.24844823192957455,low
0.0,0.1014566634715243,0.14020374039434647,0.1443515202525295,0.6677433717300215,0.17035370356346596,low
0.17897828324862647,0.4781689907060617,0.5156237196845739,0.8000941158274562,0.31246929471671403,0.4335600584414847,medium
0.8118969246500785,0.16311776090386976,0.5606242902110307,0.16185734639605645,0.2918238015706353,0.4364313126222587,medium
0.5569433262039157,0.47998102369095036,0.7274093589002971,0.5501870611718938,0.17775991448280865,0.5088920058412094,medium
0.7394499744572419,0.031093674957039547,0.509615816738552,0.24476422581679916,0.5993147883392265,0.4433461632536071,medium
0.6016018103490655,0.4900717306377289,0.8448352490381226,0.2216309642379228,0.2636504304849741,0.48909393400831447,medium
0.0,0.5792425180794198,0.2720001674083048,0.17060749894888616,0.23318074979503856,0.22574714098616272,low
0.8123386093900818,0.006522852754031402,0.16398421020435078,0.7368633573674219,0.29164923389896175,0.46072384145681217,medium
0.638261529992403,0.12875013866665863,0.5265443801530723,0.12928405424159808,0.36803922217126217,0.37727283792802235,medium
0.1940427007245728,0.06729929883170144,0.41486261985921946,0.7187149917018821,0.3484084483201887,0.32990632855099983,medium
0.05456904518219524,0.02419016913957711,0.17556127236515356,0.20492725604634002,0.6883236178755371,0.1917769321279456,low
0.0,0.034166350667313675,0.12015139234130233,0.10854696661795948,0.5714960980634773,0.13228978701777158,low
0.5876874346734983,0.44727553974092105,0.8076650797779477,0.22800296390386274,0.32527599131194157,0.4813030917944896,medium
0.0,0.14602183979281588,0.7570679741292503,0.29811007210329876,0.27182061360904586,0.24315967053996734,low
0.0,0.435509449505058,0.443998273945077,0.16628616687435524,0.28113396597706175,0.22912895926420346,low
0.04611894885551138,0.1076911291130775,0.8131927591949621,0.21103580457484986,0.561923963418219,0.283848579786216,medium
0.20332179000482958,0.1392974163885175,0.5089157429239607,0.26420716258404464,0.3519284800936666,0.2708240862486054,low
0.851585262507138,0.4920164380795513,0.20936979237689965,0.2530228571629369,0.27025843838552066,0.4764276724150021,medium
0.7937593429580702,0.5257338034405575,0.4874367833371453,0.21687083784975214,0.24011464069144386,0.4957814447497713,medium
0.4180540324462843,0.5176402048706459,0.7858938269689686,0.19772224761920437,0.5120546938245791,0.46318097835088756,medium
0.6716645947609103,0.9086149395899027,0.4395530575047689,0.484573503155364,0.7062954614258549,0.65201434481692,high
0.018021126057718776,0.4845344378607123,0.8944246118394268,0.5042339649263959,0.4082492429229486,0.3985610965890936,medium
0.009660334496432589,0.028258118086121234,0.5056353078966591,0.17547072471278513,0.31251793034101094,0.16636685464436157,low
0.0,0.5457945507256173,0.45232916758481595,0.26781685402859295,0.686527974213584,0.33355085222060205,medium
0.5397956255215107,0.9269061641885626,0.77409351268721,0.4363034904968964,0.5939472014847907,0.6397867257193453,medium
0.0,0.028030141500253097,0.15906733944357468,0.20446703229852595,0.25121423251747077,0.10804167055391262,low
0.42492631368942185,0.8779805727293477,0.7970354609853788,0.23363370567313124,0.3078254412868974,0.5155298851281638,medium
0.2539517494633051,0.11044439669948822,0.1827277671940035,0.20012403650393903,0.33292788071118584,0.21564755866545537,low
0.2797012979964358,0.1318775722523538,0.8345815030453675,0.16903081151358235,0.297157654900263,0.31385293984396256,low
0.08242436305816277,0.449500055249374,0.5077190102732962,0.43955159962567003,0.33257897527154995,0.32858233772418455,medium
0.07712239442508775,0.012970265672038156,0.19303065477357212,0.4597126712728816,0.2732857323854356,0.18762076379036144,low
0.0015523795357333633,0.12955341003373438,0.7632269588110911,0.38954171874585813,0.4282704595529009,0.2830093523712373,low
0.14875745148253175,0.08065956252612419,0.4609872281073106,0.2172974177257601,0.3736958730633783,0.2294210966707397,low
0.6344099219319091,0.4944410570035857,0.4927244435694919,0.20149691482365473,0.6429245706032954,0.4998579230709389,medium
0.1773537221231083,0.4396260309543175,0.22708292995381957,0.28521655591630424,0.2806847683136417,0.27433978875117604,low
0.005230419098199484,0.5427392342767521,0.27906300541535695,0.22302088028865522,0.6096967231993514,0.28803510793474757,low
0.6309951290621351,0.05515743932798242,0.1474671556857327,0.21899674747232986,0.2744423278756791,0.30741579861291474,medium
0.19593332202631344,0.9362920461037215,0.8401759887748316,0.2183208670026843,0.2984855393483304,0.4605018084476495,medium
0.6346590549318851,0.1379601957915562,0.5353240796557925,0.5288046598923003,0.3244695487926322,0.45271973188360054,medium
0.3027143739546671,0.16061743993812921,0.19940735844142424,0.4448134854408127,0.8012221489098197,0.3619949233648751,medium
0.06881029736548337,0.008500828103555097,0.4517049665366506,0.2064966460773789,0.354335507647044,0.18454865517338598,low
0.0,0.5075004201609776,0.16620014101902383,0.1871952922887177,0.6660292768527108,0.2637735551706993,low
0.37030462798949015,0.5139048824811618,0.7320880107829876,0.23579690628205707,0.6476603332609921,0.4679939977560878,medium
0.005630649994960861,0.18675911336418313,0.46257123643142495,0.18962853138610658,0.2405832839829846,0.18243990201070764,low
0.03251559713760213,0.8655732706973563,0.5467608714973596,0.1669399341979183,0.19650436665748397,0.3277471058435621,medium
0.0,0.14994548769241628,0.4479713898220694,0.1878210406301531,0.3166774908580345,0.18225063776652944,low
0.5921110045795607,0.518818333172741,0.7889960782930465,0.15209562534150062,0.2682842622079499,0.470408144151866,medium
0.0,0.5751937992647093,0.24714901728983246,0.1662875078633583,0.26716134114903495,0.22544281519144363,low
0.5189304004295575,0.8716733220543418,0.1809423671279762,0.15049626147558,0.29580796280196586,0.4316255863243429,medium
0.0,0.08622265693036722,0.19185664929040938,0.17181607257900824,0.2701179087049996,0.12090392960118644,low
0.008299319013419713,0.16039019996538964,0.5565531352994109,0.22252447192126726,0.7355436629737738,0.27288724982233503,low
0.26429460699724494,0.44069351333031037,0.7714814415156278,0.25491186901098606,0.3677180662834625,0.38928938473729635,medium
0.008348904027737232,0.17366201656457445,0.8073211101797072,0.16258436705298476,0.3289716134800471,0.24019785648079614,low
0.5877426026016186,0.08525752519611658,0.3737377492162405,0.19910268256678798,0.2789721639698611,0.3311013093109817,medium
0.856685571658395,0.10091819380169705,0.25268250702038475,0.269858315209148,0.13242027421664018,0.3889263904852412,medium
0.0,0.5030930403647784,0.5359391513200874,0.6028352836195233,0.2875503505725867,0.34470909008076145,medium
0.22482104482551246,0.09395915089271474,0.5443297736754114,0.17574027767587133,0.5639733038504345,0.2876316607902478,low
0.053886347953034444,0.11073798267764003,0.7511155857945662,0.09719955267183217,0.6415842401692063,0.2666583853503707,low
0.6180182974707998,0.9111769738296105,0.11429303162687843,0.21358376545250235,0.21285005174857816,0.459429099603981,medium
0.3892477648404077,0.06360071636128575,0.5728507832460052,0.21920628891330624,0.31499355950950797,0.30651238192036767,medium
0.005651474777917146,0.07002669514292596,0.2220092947869327,0.5256031780517729,0.25457229919924873,0.19230865617024212,low
0.0,0.13786096269261627,0.5231045442646611,0.17124723002153253,0.2459194555626281,0.17717523851692313,low
0.622816851621369,0.4990491438927546,0.8336672757943818,0.2228445757952848,0.32644905156097226,0.5052412485273217,medium
0.33175338407738575,0.5077799785971767,0.1146352602471041,0.12248083349128697,0.6668232779312557,0.34279695836766244,medium
0.5261999785363906,0.5431351289027527,0.20924320727055085,0.8373910939829861,0.26269868017733955,0.5047565212552484,medium
0.9399074258747558,0.9096504401833546,0.2662525571298829,0.11731540612240643,0.2568049857384007,0.5658240284538215,medium
0.06078059054374216,0.08950942097180954,0.4791755741980373,0.2221152917014346,0.3119251838516976,0.1992242334052317,low
0.046645900861593544,0.06689349368465522,0.7617527607581104,0.7327238997110277,0.28403032137384165,0.33078471125740744,medium
0.16343878042846566,0.11775830587568076,0.21513406505040011,0.201478520351377,0.29053005429200274,0.18872861727531168,low
0.04194082076877234,0.09280846307637461,0.48807278700182255,0.2695644391947598,0.297497687082663,0.20289239779753143,low
0.3723694868293478,0.12846908186765882,0.14899507232989534,0.2604356277564194,0.34349865052351314,0.26336584640163124,low
0.8518802273025323,0.03538881242851946,0.15941867725724665,0.03705515086256431,0.21239608513156572,0.3258250752072983,medium
0.42240201840540814,0.8718893591453704,0.5649078298354476,0.16454538042488004,0.30570028575473035,0.4645987707741992,medium
0.677083359486113,0.46006458034696807,0.20140406762468985,0.22325984641108843,0.26658912089125586,0.4099888714748371,medium
0.19775552488527218,0.224409074805162,0.22001816797992874,0.17031882267839,0.6410178013209288,0.2674276323574207,low
0.7158838933761565,0.5172082563091442,0.7855087914586141,0.25600234661689014,0.2823840617973703,0.5295912165864515,medium
