model_type,accuracy,low_precision,medium_precision,high_precision,low_recall,medium_recall,high_recall
rf,0.979,0.9748110831234257,0.9817578772802653,0.0,0.979746835443038,0.9833887043189369,0.0
gb,0.979,0.9772727272727273,0.9817578772802653,0.0,0.979746835443038,0.9833887043189369,0.0
mlp,0.971,0.96,0.9782971619365609,1.0,0.9721518987341772,0.973421926910299,0.3333333333333333
